ISO-10303-21;
HEADER;
FILE_DESCRIPTION (( 'STEP AP214' ),
    '1' );
FILE_NAME ('94HBB08T.STEP',
    '2023-05-27T07:32:44',
    ( '' ),
    ( '' ),
    'SwSTEP 2.0',
    'SolidWorks 2022',
    '' );
FILE_SCHEMA (( 'AUTOMOTIVE_DESIGN' ));
ENDSEC;

DATA;
#1 = COLOUR_RGB ( '',0.6470588235294117974, 0.6196078431372549211, 0.5882352941176470784 ) ;
#2 = ADVANCED_FACE ( 'NONE', ( #816 ), #2813, .F. ) ;
#3 = CARTESIAN_POINT ( 'NONE',  ( 0.000000000000000000, 0.000000000000000000, 0.000000000000000000 ) ) ;
#4 = CARTESIAN_POINT ( 'NONE',  ( 4.244340889027863994, 6.808872517849978045, 0.1499999999999999944 ) ) ;
#5 = VERTEX_POINT ( 'NONE', #205 ) ;
#6 = VERTEX_POINT ( 'NONE', #3447 ) ;
#7 = FILL_AREA_STYLE ('',( #3015 ) ) ;
#8 = VERTEX_POINT ( 'NONE', #4099 ) ;
#9 = SURFACE_STYLE_FILL_AREA ( #3568 ) ;
#10 = EDGE_CURVE ( 'NONE', #1169, #1564, #3475, .T. ) ;
#11 = EDGE_CURVE ( 'NONE', #409, #567, #2511, .T. ) ;
#12 = VERTEX_POINT ( 'NONE', #982 ) ;
#13 = CARTESIAN_POINT ( 'NONE',  ( -0.4972259597883800786, -4.349999999999999645, -0.6360909047471664524 ) ) ;
#14 = DIRECTION ( 'NONE',  ( 0.000000000000000000, -0.000000000000000000, -1.000000000000000000 ) ) ;
#15 = LINE ( 'NONE', #1306, #221 ) ;
#16 = FACE_OUTER_BOUND ( 'NONE', #536, .T. ) ;
#17 = DIRECTION ( 'NONE',  ( 1.000000000000000000, 0.000000000000000000, -0.000000000000000000 ) ) ;
#18 = B_SPLINE_CURVE_WITH_KNOTS ( 'NONE', 3,
 ( #1649, #3676, #36, #1948 ),
 .UNSPECIFIED., .F., .F.,
 ( 4, 4 ),
 ( 0.000000000000000000, 0.0002170758974649436741 ),
 .UNSPECIFIED. ) ;
#19 = DIRECTION ( 'NONE',  ( 0.000000000000000000, 0.000000000000000000, -1.000000000000000000 ) ) ;
#20 = CARTESIAN_POINT ( 'NONE',  ( 4.325000000000002842, 0.7500000000000000000, -4.455000000000000959 ) ) ;
#21 = CARTESIAN_POINT ( 'NONE',  ( -4.182921509473425559, 6.808872517849978045, 2.699999999999999734 ) ) ;
#22 = EDGE_CURVE ( 'NONE', #696, #2029, #640, .T. ) ;
#23 = ORIENTED_EDGE ( 'NONE', *, *, #429, .T. ) ;
#24 = DIRECTION ( 'NONE',  ( 0.000000000000000000, -1.000000000000000000, 0.000000000000000000 ) ) ;
#25 = VERTEX_POINT ( 'NONE', #1728 ) ;
#26 = CARTESIAN_POINT ( 'NONE',  ( -3.809999999999999609, 6.484452686125668386, -2.699999999999999734 ) ) ;
#27 = DIRECTION ( 'NONE',  ( 1.000000000000000000, 0.000000000000000000, 0.000000000000000000 ) ) ;
#28 = EDGE_LOOP ( 'NONE', ( #2633, #3285, #1116, #3291 ) ) ;
#29 = DIRECTION ( 'NONE',  ( -0.000000000000000000, -0.000000000000000000, -1.000000000000000000 ) ) ;
#30 = ORIENTED_EDGE ( 'NONE', *, *, #371, .T. ) ;
#31 = EDGE_CURVE ( 'NONE', #2403, #942, #18, .T. ) ;
#32 = EDGE_CURVE ( 'NONE', #2575, #8, #3890, .T. ) ;
#33 = CARTESIAN_POINT ( 'NONE',  ( -3.810000000000000497, 7.133292349574287705, 2.699999999999999734 ) ) ;
#34 = CARTESIAN_POINT ( 'NONE',  ( 4.825000000000001954, 1.770000000000000018, -4.955000000000000959 ) ) ;
#35 = AXIS2_PLACEMENT_3D ( 'NONE', #4026, #2561, #2194 ) ;
#36 = CARTESIAN_POINT ( 'NONE',  ( -1.656127071143203011, -4.400103520548007019, 0.5000000000000001110 ) ) ;
#37 = VECTOR ( 'NONE', #4090, 1000.000000000000000 ) ;
#38 = LINE ( 'NONE', #78, #3123 ) ;
#39 = CARTESIAN_POINT ( 'NONE',  ( 4.060000000000000497, 9.449999999999999289, 0.1499999999999999944 ) ) ;
#40 = FACE_OUTER_BOUND ( 'NONE', #1943, .T. ) ;
#41 = ORIENTED_EDGE ( 'NONE', *, *, #1427, .F. ) ;
#42 = CARTESIAN_POINT ( 'NONE',  ( 0.000000000000000000, 0.000000000000000000, -0.4999999999999998890 ) ) ;
#43 = AXIS2_PLACEMENT_3D ( 'NONE', #2526, #252, #1275 ) ;
#44 = EDGE_CURVE ( 'NONE', #1556, #1865, #3558, .T. ) ;
#45 = EDGE_CURVE ( 'NONE', #3072, #3420, #4182, .T. ) ;
#46 = FACE_OUTER_BOUND ( 'NONE', #2819, .T. ) ;
#47 = VECTOR ( 'NONE', #3110, 1000.000000000000000 ) ;
#48 = PLANE ( 'NONE',  #911 ) ;
#49 = ORIENTED_EDGE ( 'NONE', *, *, #2215, .T. ) ;
#50 = DIRECTION ( 'NONE',  ( 0.000000000000000000, 1.000000000000000000, 0.000000000000000000 ) ) ;
#51 =( GEOMETRIC_REPRESENTATION_CONTEXT ( 3 ) GLOBAL_UNCERTAINTY_ASSIGNED_CONTEXT ( ( #60 ) ) GLOBAL_UNIT_ASSIGNED_CONTEXT ( ( #2385, #2983, #1003 ) ) REPRESENTATION_CONTEXT ( 'NONE', 'WORKASPACE' ) );
#52 = ORIENTED_EDGE ( 'NONE', *, *, #3757, .F. ) ;
#53 = ORIENTED_EDGE ( 'NONE', *, *, #2618, .F. ) ;
#54 = VECTOR ( 'NONE', #3856, 1000.000000000000000 ) ;
#55 = FILL_AREA_STYLE ('',( #2964 ) ) ;
#56 = DIRECTION ( 'NONE',  ( -0.000000000000000000, -0.000000000000000000, -1.000000000000000000 ) ) ;
#57 = DIRECTION ( 'NONE',  ( 0.000000000000000000, 0.000000000000000000, 1.000000000000000000 ) ) ;
#58 = MECHANICAL_DESIGN_GEOMETRIC_PRESENTATION_REPRESENTATION (  '', ( #4202 ), #3665 ) ;
#59 = MECHANICAL_DESIGN_GEOMETRIC_PRESENTATION_REPRESENTATION (  '', ( #657 ), #1001 ) ;
#60 = UNCERTAINTY_MEASURE_WITH_UNIT (LENGTH_MEASURE( 1.000000000000000082E-05 ), #2385, 'distance_accuracy_value', 'NONE');
#61 = ADVANCED_FACE ( 'NONE', ( #2590, #922 ), #1976, .T. ) ;
#62 = PLANE ( 'NONE',  #1629 ) ;
#63 = DIRECTION ( 'NONE',  ( 0.000000000000000000, 0.000000000000000000, 1.000000000000000000 ) ) ;
#64 = EDGE_LOOP ( 'NONE', ( #3181, #3751, #4073, #997 ) ) ;
#65 = DIRECTION ( 'NONE',  ( -1.000000000000000000, -0.000000000000000000, -0.000000000000000000 ) ) ;
#66 = AXIS2_PLACEMENT_3D ( 'NONE', #2975, #406, #2044 ) ;
#67 = CARTESIAN_POINT ( 'NONE',  ( 0.000000000000000000, 0.000000000000000000, 0.000000000000000000 ) ) ;
#68 = FACE_OUTER_BOUND ( 'NONE', #547, .T. ) ;
#69 = ADVANCED_FACE ( 'NONE', ( #2949, #286, #1912, #2053, #3984, #3274, #2282 ), #3259, .T. ) ;
#70 = ORIENTED_EDGE ( 'NONE', *, *, #1229, .T. ) ;
#71 = ORIENTED_EDGE ( 'NONE', *, *, #3957, .F. ) ;
#72 = CARTESIAN_POINT ( 'NONE',  ( 3.809999999999999609, 5.739999999999999325, -2.399999999999999911 ) ) ;
#73 = ORIENTED_EDGE ( 'NONE', *, *, #1984, .T. ) ;
#74 = CARTESIAN_POINT ( 'NONE',  ( 4.182921509473424670, 6.808872517849978045, 0.1499999999999999944 ) ) ;
#75 = DIRECTION ( 'NONE',  ( 0.000000000000000000, -0.000000000000000000, -1.000000000000000000 ) ) ;
#76 = CARTESIAN_POINT ( 'NONE',  ( -4.824999999999998401, 0.7500000000000000000, -4.955000000000000959 ) ) ;
#77 = DIRECTION ( 'NONE',  ( 0.000000000000000000, -1.000000000000000000, 0.000000000000000000 ) ) ;
#78 = CARTESIAN_POINT ( 'NONE',  ( 2.326828918379971365E-16, 0.2500000000000000000, 1.899999999999999911 ) ) ;
#79 =( NAMED_UNIT ( * ) SI_UNIT ( $, .STERADIAN. ) SOLID_ANGLE_UNIT ( ) );
#80 = EDGE_LOOP ( 'NONE', ( #1726, #2616, #1462, #3877, #4105, #200, #1557, #3880, #1219, #3752 ) ) ;
#81 = SURFACE_STYLE_FILL_AREA ( #7 ) ;
#82 = DIRECTION ( 'NONE',  ( 1.000000000000000000, 0.000000000000000000, 0.000000000000000000 ) ) ;
#83 = SURFACE_STYLE_FILL_AREA ( #1018 ) ;
#84 = ORIENTED_EDGE ( 'NONE', *, *, #3266, .T. ) ;
#85 = DIRECTION ( 'NONE',  ( 0.000000000000000000, -1.000000000000000000, -0.000000000000000000 ) ) ;
#86 = VECTOR ( 'NONE', #2405, 1000.000000000000000 ) ;
#87 = EDGE_LOOP ( 'NONE', ( #1820, #2613, #386, #228 ) ) ;
#88 = CARTESIAN_POINT ( 'NONE',  ( 3.810000000000000497, 6.484452686125668386, 2.399999999999999911 ) ) ;
#89 = ADVANCED_FACE ( 'NONE', ( #16 ), #1063, .F. ) ;
#90 = SURFACE_SIDE_STYLE ('',( #1366 ) ) ;
#91 = LINE ( 'NONE', #1066, #1878 ) ;
#92 = CARTESIAN_POINT ( 'NONE',  ( 0.000000000000000000, 0.000000000000000000, -0.4999999999999998890 ) ) ;
#93 = UNCERTAINTY_MEASURE_WITH_UNIT (LENGTH_MEASURE( 1.000000000000000082E-05 ), #2623, 'distance_accuracy_value', 'NONE');
#94 = CYLINDRICAL_SURFACE ( 'NONE', #3674, 0.4942860299906992050 ) ;
#95 = STYLED_ITEM ( 'NONE', ( #3846 ), #1038 ) ;
#96 = CARTESIAN_POINT ( 'NONE',  ( -3.810000000000000053, 5.739999999999999325, 0.1499999999999999944 ) ) ;
#97 = VERTEX_POINT ( 'NONE', #1927 ) ;
#98 = SURFACE_SIDE_STYLE ('',( #3029 ) ) ;
#99 = VECTOR ( 'NONE', #877, 1000.000000000000000 ) ;
#100 = DIRECTION ( 'NONE',  ( -0.000000000000000000, -0.000000000000000000, -1.000000000000000000 ) ) ;
#101 = DIRECTION ( 'NONE',  ( 1.000000000000000000, 0.000000000000000000, 0.000000000000000000 ) ) ;
#102 = CARTESIAN_POINT ( 'NONE',  ( 3.809999999999999609, 9.449999999999999289, -2.699999999999999734 ) ) ;
#103 = AXIS2_PLACEMENT_3D ( 'NONE', #3750, #819, #1148 ) ;
#104 = ORIENTED_EDGE ( 'NONE', *, *, #709, .T. ) ;
#105 = ORIENTED_EDGE ( 'NONE', *, *, #1064, .T. ) ;
#106 = LINE ( 'NONE', #2675, #251 ) ;
#107 = MECHANICAL_DESIGN_GEOMETRIC_PRESENTATION_REPRESENTATION (  '', ( #1053 ), #3850 ) ;
#108 = ADVANCED_FACE ( 'NONE', ( #3235 ), #311, .F. ) ;
#109 = EDGE_LOOP ( 'NONE', ( #2205, #2463, #3055, #3193 ) ) ;
#110 = LINE ( 'NONE', #449, #2300 ) ;
#111 = VECTOR ( 'NONE', #2121, 1000.000000000000000 ) ;
#112 = STYLED_ITEM ( 'NONE', ( #1020 ), #2663 ) ;
#113 = DIRECTION ( 'NONE',  ( 0.000000000000000000, 0.000000000000000000, 1.000000000000000000 ) ) ;
#114 = MECHANICAL_DESIGN_GEOMETRIC_PRESENTATION_REPRESENTATION (  '', ( #1204 ), #2988 ) ;
#115 = ORIENTED_EDGE ( 'NONE', *, *, #411, .T. ) ;
#116 = EDGE_CURVE ( 'NONE', #214, #2401, #689, .T. ) ;
#117 = VECTOR ( 'NONE', #2020, 1000.000000000000000 ) ;
#118 = FACE_OUTER_BOUND ( 'NONE', #1420, .T. ) ;
#119 = PRESENTATION_STYLE_ASSIGNMENT (( #157 ) ) ;
#120 = DIRECTION ( 'NONE',  ( -0.000000000000000000, -1.000000000000000000, -0.000000000000000000 ) ) ;
#121 = EDGE_LOOP ( 'NONE', ( #3007, #2859, #1933, #3269, #4131 ) ) ;
#122 = DIRECTION ( 'NONE',  ( -0.000000000000000000, -0.000000000000000000, -1.000000000000000000 ) ) ;
#123 = CIRCLE ( 'NONE', #726, 0.4942860299906992050 ) ;
#124 = ADVANCED_FACE ( 'NONE', ( #1443 ), #1790, .F. ) ;
#125 = CARTESIAN_POINT ( 'NONE',  ( 3.810000000000000497, 6.484452686125668386, 2.699999999999999734 ) ) ;
#126 = LINE ( 'NONE', #1804, #2824 ) ;
#127 = DIRECTION ( 'NONE',  ( -0.000000000000000000, -1.000000000000000000, -0.000000000000000000 ) ) ;
#128 = VECTOR ( 'NONE', #967, 1000.000000000000000 ) ;
#129 = ORIENTED_EDGE ( 'NONE', *, *, #2274, .F. ) ;
#130 = ORIENTED_EDGE ( 'NONE', *, *, #411, .F. ) ;
#131 = EDGE_LOOP ( 'NONE', ( #1237, #2674, #1677, #929 ) ) ;
#132 = PRESENTATION_STYLE_ASSIGNMENT (( #845 ) ) ;
#133 = LINE ( 'NONE', #3148, #3025 ) ;
#134 = EDGE_CURVE ( 'NONE', #2881, #1426, #133, .T. ) ;
#135 = EDGE_CURVE ( 'NONE', #687, #3323, #1814, .T. ) ;
#136 = CARTESIAN_POINT ( 'NONE',  ( -4.059999999999999609, 5.739999999999999325, -2.399999999999999911 ) ) ;
#137 = EDGE_LOOP ( 'NONE', ( #3999, #2099, #3227, #930, #2984, #4086 ) ) ;
#138 = PLANE ( 'NONE',  #3170 ) ;
#139 = DIRECTION ( 'NONE',  ( -1.000000000000000000, 0.000000000000000000, 1.946939928144564837E-16 ) ) ;
#140 = ORIENTED_EDGE ( 'NONE', *, *, #1568, .F. ) ;
#141 = LINE ( 'NONE', #1163, #594 ) ;
#142 = SURFACE_SIDE_STYLE ('',( #2064 ) ) ;
#143 = EDGE_CURVE ( 'NONE', #2752, #892, #2415, .T. ) ;
#144 = CARTESIAN_POINT ( 'NONE',  ( -4.060000000000000497, 7.133292349574287705, 0.1499999999999999944 ) ) ;
#145 = ORIENTED_EDGE ( 'NONE', *, *, #1829, .F. ) ;
#146 = EDGE_LOOP ( 'NONE', ( #140, #1533, #229, #1645, #2774, #1506 ) ) ;
#147 = DIRECTION ( 'NONE',  ( 1.750477775960451074E-16, 0.000000000000000000, 1.000000000000000000 ) ) ;
#148 = EDGE_LOOP ( 'NONE', ( #3528, #3005, #2298, #2894, #189, #3632, #2499, #3914, #330, #188, #2958, #1899 ) ) ;
#149 =( LENGTH_UNIT ( ) NAMED_UNIT ( * ) SI_UNIT ( .MILLI., .METRE. ) );
#150 = CARTESIAN_POINT ( 'NONE',  ( 0.000000000000000000, 0.000000000000000000, -0.4999999999999998890 ) ) ;
#151 = CARTESIAN_POINT ( 'NONE',  ( 3.810000000000000053, 5.739999999999999325, -0.1499999999999999944 ) ) ;
#152 = CARTESIAN_POINT ( 'NONE',  ( 3.575000000000001954, 1.770000000000000018, 4.454999999999999183 ) ) ;
#153 = ORIENTED_EDGE ( 'NONE', *, *, #3513, .T. ) ;
#154 = CARTESIAN_POINT ( 'NONE',  ( 0.000000000000000000, -4.500000000000000000, 1.629999999999999671 ) ) ;
#155 = CIRCLE ( 'NONE', #692, 0.3731350835603809424 ) ;
#156 = VERTEX_POINT ( 'NONE', #2071 ) ;
#157 = SURFACE_STYLE_USAGE ( .BOTH. , #3361 ) ;
#158 = ORIENTED_EDGE ( 'NONE', *, *, #601, .T. ) ;
#159 = LINE ( 'NONE', #1145, #934 ) ;
#160 = VECTOR ( 'NONE', #14, 1000.000000000000000 ) ;
#161 =( LENGTH_UNIT ( ) NAMED_UNIT ( * ) SI_UNIT ( .MILLI., .METRE. ) );
#162 = DIRECTION ( 'NONE',  ( -1.000000000000000000, 0.000000000000000000, 0.000000000000000000 ) ) ;
#163 = DIRECTION ( 'NONE',  ( 0.000000000000000000, 1.000000000000000000, 0.000000000000000000 ) ) ;
#164 = EDGE_LOOP ( 'NONE', ( #1241, #390, #4028, #1598 ) ) ;
#165 = VERTEX_POINT ( 'NONE', #471 ) ;
#166 = CARTESIAN_POINT ( 'NONE',  ( 4.060000000000000497, 5.739999999999999325, 0.1499999999999999944 ) ) ;
#167 = VECTOR ( 'NONE', #3103, 1000.000000000000000 ) ;
#168 = EDGE_CURVE ( 'NONE', #1426, #492, #450, .T. ) ;
#169 = ORIENTED_EDGE ( 'NONE', *, *, #2803, .T. ) ;
#170 = DIRECTION ( 'NONE',  ( 0.000000000000000000, 0.000000000000000000, -1.000000000000000000 ) ) ;
#171 = FACE_OUTER_BOUND ( 'NONE', #4147, .T. ) ;
#172 = VECTOR ( 'NONE', #796, 1000.000000000000000 ) ;
#173 = LINE ( 'NONE', #1842, #2075 ) ;
#174 = VECTOR ( 'NONE', #3023, 1000.000000000000000 ) ;
#175 = EDGE_LOOP ( 'NONE', ( #1151, #4006, #636, #2538 ) ) ;
#176 = PLANE ( 'NONE',  #2367 ) ;
#177 = VECTOR ( 'NONE', #1341, 1000.000000000000000 ) ;
#178 = SURFACE_STYLE_FILL_AREA ( #3108 ) ;
#179 = CARTESIAN_POINT ( 'NONE',  ( -3.810000000000000053, 7.133292349574287705, 0.1499999999999999944 ) ) ;
#180 = CARTESIAN_POINT ( 'NONE',  ( 4.325000000000002842, 1.770000000000000018, -3.705000000000001847 ) ) ;
#181 = ORIENTED_EDGE ( 'NONE', *, *, #2208, .T. ) ;
#182 = CARTESIAN_POINT ( 'NONE',  ( -4.060000000000001386, 6.484452686125668386, 2.699999999999999734 ) ) ;
#183 = EDGE_CURVE ( 'NONE', #2019, #892, #195, .T. ) ;
#184 = AXIS2_PLACEMENT_3D ( 'NONE', #3556, #899, #3537 ) ;
#185 = AXIS2_PLACEMENT_3D ( 'NONE', #498, #122, #2728 ) ;
#186 = SURFACE_STYLE_USAGE ( .BOTH. , #3748 ) ;
#187 = CARTESIAN_POINT ( 'NONE',  ( 4.825000000000003730, 0.000000000000000000, 4.954999999999999183 ) ) ;
#188 = ORIENTED_EDGE ( 'NONE', *, *, #277, .T. ) ;
#189 = ORIENTED_EDGE ( 'NONE', *, *, #551, .T. ) ;
#190 = AXIS2_PLACEMENT_3D ( 'NONE', #2555, #261, #3230 ) ;
#191 = VECTOR ( 'NONE', #2756, 1000.000000000000000 ) ;
#192 = EDGE_CURVE ( 'NONE', #1377, #318, #2804, .T. ) ;
#193 = EDGE_LOOP ( 'NONE', ( #278, #2359, #2796, #3936 ) ) ;
#194 = CARTESIAN_POINT ( 'NONE',  ( 4.060000000000000497, 5.739999999999999325, -0.1499999999999999944 ) ) ;
#195 = LINE ( 'NONE', #537, #1863 ) ;
#196 = LINE ( 'NONE', #1841, #3328 ) ;
#197 = APPLICATION_PROTOCOL_DEFINITION ( 'draft international standard', 'automotive_design', 1998, #944 ) ;
#198 = DIRECTION ( 'NONE',  ( -0.000000000000000000, -1.000000000000000000, -0.000000000000000000 ) ) ;
#199 = EDGE_CURVE ( 'NONE', #4154, #2995, #3416, .T. ) ;
#200 = ORIENTED_EDGE ( 'NONE', *, *, #4156, .F. ) ;
#201 = CARTESIAN_POINT ( 'NONE',  ( 3.871205805467483607, 6.808872517849978045, -0.1499999999999999944 ) ) ;
#202 = DIRECTION ( 'NONE',  ( -0.000000000000000000, -0.000000000000000000, -1.000000000000000000 ) ) ;
#203 =( NAMED_UNIT ( * ) PLANE_ANGLE_UNIT ( ) SI_UNIT ( $, .RADIAN. ) );
#204 = LINE ( 'NONE', #580, #3042 ) ;
#205 = CARTESIAN_POINT ( 'NONE',  ( 1.708332520325009929, 0.000000000000000000, -0.4999999999999998890 ) ) ;
#206 = CARTESIAN_POINT ( 'NONE',  ( 4.060000000000000497, 7.133292349574287705, -0.1499999999999999944 ) ) ;
#207 = CARTESIAN_POINT ( 'NONE',  ( -4.244340889027864883, 6.808872517849978045, 2.399999999999999911 ) ) ;
#208 = DIRECTION ( 'NONE',  ( -1.000000000000000000, 0.000000000000000000, 0.000000000000000000 ) ) ;
#209 = FACE_OUTER_BOUND ( 'NONE', #4135, .T. ) ;
#210 = ORIENTED_EDGE ( 'NONE', *, *, #1255, .F. ) ;
#211 = ORIENTED_EDGE ( 'NONE', *, *, #22, .F. ) ;
#212 = DIRECTION ( 'NONE',  ( -0.000000000000000000, -0.000000000000000000, -1.000000000000000000 ) ) ;
#213 = EDGE_CURVE ( 'NONE', #1074, #1285, #4098, .T. ) ;
#214 = VERTEX_POINT ( 'NONE', #2137 ) ;
#215 = DIRECTION ( 'NONE',  ( 0.000000000000000000, -0.000000000000000000, 1.000000000000000000 ) ) ;
#216 = CARTESIAN_POINT ( 'NONE',  ( 1.708332520325009929, -4.349999999999998757, -0.4999999999999998890 ) ) ;
#217 = DIRECTION ( 'NONE',  ( -1.000000000000000000, 0.000000000000000000, 0.000000000000000000 ) ) ;
#218 = CARTESIAN_POINT ( 'NONE',  ( -3.574999999999999289, 1.770000000000000018, -3.705000000000000959 ) ) ;
#219 = ORIENTED_EDGE ( 'NONE', *, *, #1363, .T. ) ;
#220 = DIRECTION ( 'NONE',  ( -0.000000000000000000, -1.000000000000000000, -0.000000000000000000 ) ) ;
#221 = VECTOR ( 'NONE', #3906, 1000.000000000000000 ) ;
#222 = FILL_AREA_STYLE_COLOUR ( '', #2381 ) ;
#223 = FILL_AREA_STYLE ('',( #1869 ) ) ;
#224 = CARTESIAN_POINT ( 'NONE',  ( 0.000000000000000000, -3.499999999999999556, -0.4999999999999998890 ) ) ;
#225 =( LENGTH_UNIT ( ) NAMED_UNIT ( * ) SI_UNIT ( .MILLI., .METRE. ) );
#226 = LINE ( 'NONE', #1896, #2939 ) ;
#227 = DIRECTION ( 'NONE',  ( 0.000000000000000000, -1.000000000000000000, -0.000000000000000000 ) ) ;
#228 = ORIENTED_EDGE ( 'NONE', *, *, #2373, .F. ) ;
#229 = ORIENTED_EDGE ( 'NONE', *, *, #3795, .T. ) ;
#230 = DIRECTION ( 'NONE',  ( 0.000000000000000000, -0.000000000000000000, 1.000000000000000000 ) ) ;
#231 = AXIS2_PLACEMENT_3D ( 'NONE', #3806, #2811, #814 ) ;
#232 = ORIENTED_EDGE ( 'NONE', *, *, #2294, .T. ) ;
#233 = DIRECTION ( 'NONE',  ( 1.000000000000000000, 0.000000000000000000, 0.000000000000000000 ) ) ;
#234 = EDGE_CURVE ( 'NONE', #322, #553, #3463, .T. ) ;
#235 = AXIS2_PLACEMENT_3D ( 'NONE', #701, #3083, #75 ) ;
#236 = LINE ( 'NONE', #4044, #2004 ) ;
#237 = ORIENTED_EDGE ( 'NONE', *, *, #2536, .F. ) ;
#238 = CARTESIAN_POINT ( 'NONE',  ( -0.4972259597883800786, -4.349999999999999645, -0.6360909047471664524 ) ) ;
#239 = VECTOR ( 'NONE', #3689, 1000.000000000000000 ) ;
#240 = AXIS2_PLACEMENT_3D ( 'NONE', #3052, #2730, #162 ) ;
#241 = PRESENTATION_LAYER_ASSIGNMENT (  '', '', ( #643 ) ) ;
#242 =( NAMED_UNIT ( * ) SI_UNIT ( $, .STERADIAN. ) SOLID_ANGLE_UNIT ( ) );
#243 = DIRECTION ( 'NONE',  ( -0.000000000000000000, -0.000000000000000000, -1.000000000000000000 ) ) ;
#244 = VECTOR ( 'NONE', #272, 1000.000000000000000 ) ;
#245 = EDGE_CURVE ( 'NONE', #1359, #1061, #1182, .T. ) ;
#246 = LINE ( 'NONE', #1180, #1606 ) ;
#247 = VERTEX_POINT ( 'NONE', #3063 ) ;
#248 =( NAMED_UNIT ( * ) SI_UNIT ( $, .STERADIAN. ) SOLID_ANGLE_UNIT ( ) );
#249 = FACE_OUTER_BOUND ( 'NONE', #3977, .T. ) ;
#250 = DIRECTION ( 'NONE',  ( 1.000000000000000000, 0.000000000000000000, 0.000000000000000000 ) ) ;
#251 = VECTOR ( 'NONE', #50, 1000.000000000000000 ) ;
#252 = DIRECTION ( 'NONE',  ( 0.000000000000000000, 0.000000000000000000, 1.000000000000000000 ) ) ;
#253 = VERTEX_POINT ( 'NONE', #2755 ) ;
#254 = VERTEX_POINT ( 'NONE', #3081 ) ;
#255 = ADVANCED_FACE ( 'NONE', ( #4088 ), #3755, .F. ) ;
#256 = AXIS2_PLACEMENT_3D ( 'NONE', #626, #1616, #3162 ) ;
#257 = MECHANICAL_DESIGN_GEOMETRIC_PRESENTATION_REPRESENTATION (  '', ( #4197 ), #455 ) ;
#258 = COLOUR_RGB ( '',0.6470588235294117974, 0.6196078431372549211, 0.5882352941176470784 ) ;
#259 = ORIENTED_EDGE ( 'NONE', *, *, #1971, .F. ) ;
#260 = CARTESIAN_POINT ( 'NONE',  ( 4.060000000000001386, 7.133292349574287705, 2.699999999999999734 ) ) ;
#261 = DIRECTION ( 'NONE',  ( 0.000000000000000000, -1.000000000000000000, 0.000000000000000000 ) ) ;
#262 = COLOUR_RGB ( '',0.8431372549019607865, 0.8156862745098039102, 0.7529411764705882248 ) ;
#263 = LINE ( 'NONE', #3265, #1597 ) ;
#264 = ORIENTED_EDGE ( 'NONE', *, *, #3705, .T. ) ;
#265 = CARTESIAN_POINT ( 'NONE',  ( -3.688635479482726076, 6.808872517849978045, 2.699999999999999734 ) ) ;
#266 = VECTOR ( 'NONE', #1373, 1000.000000000000000 ) ;
#267 = EDGE_CURVE ( 'NONE', #2019, #673, #3425, .T. ) ;
#268 = CARTESIAN_POINT ( 'NONE',  ( 3.810000000000000497, 9.449999999999999289, 2.699999999999999734 ) ) ;
#269 = DIRECTION ( 'NONE',  ( -1.750477775960451074E-16, 0.000000000000000000, -1.000000000000000000 ) ) ;
#270 = ORIENTED_EDGE ( 'NONE', *, *, #1704, .T. ) ;
#271 = CARTESIAN_POINT ( 'NONE',  ( 0.000000000000000000, -4.349999999999998757, 0.000000000000000000 ) ) ;
#272 = DIRECTION ( 'NONE',  ( -4.336808689942017736E-16, 0.000000000000000000, 1.000000000000000000 ) ) ;
#273 = FACE_OUTER_BOUND ( 'NONE', #719, .T. ) ;
#274 = ORIENTED_EDGE ( 'NONE', *, *, #44, .T. ) ;
#275 = ORIENTED_EDGE ( 'NONE', *, *, #2850, .T. ) ;
#276 = DIRECTION ( 'NONE',  ( 0.000000000000000000, -0.000000000000000000, -1.000000000000000000 ) ) ;
#277 = EDGE_CURVE ( 'NONE', #3878, #2157, #2449, .T. ) ;
#278 = ORIENTED_EDGE ( 'NONE', *, *, #2061, .F. ) ;
#279 =( NAMED_UNIT ( * ) PLANE_ANGLE_UNIT ( ) SI_UNIT ( $, .RADIAN. ) );
#280 = ORIENTED_EDGE ( 'NONE', *, *, #1852, .T. ) ;
#281 = LINE ( 'NONE', #3188, #3129 ) ;
#282 = EDGE_LOOP ( 'NONE', ( #4158, #1621, #2799, #762 ) ) ;
#283 = DIRECTION ( 'NONE',  ( 0.5000000000000002220, 0.000000000000000000, 0.8660254037844384856 ) ) ;
#284 =( NAMED_UNIT ( * ) PLANE_ANGLE_UNIT ( ) SI_UNIT ( $, .RADIAN. ) );
#285 = FACE_OUTER_BOUND ( 'NONE', #1854, .T. ) ;
#286 = FACE_BOUND ( 'NONE', #2941, .T. ) ;
#287 = CARTESIAN_POINT ( 'NONE',  ( 3.575000000000005063, 1.770000000000000018, 4.454999999999999183 ) ) ;
#288 = EDGE_CURVE ( 'NONE', #2156, #431, #2116, .T. ) ;
#289 = FACE_OUTER_BOUND ( 'NONE', #4024, .T. ) ;
#290 = VECTOR ( 'NONE', #2488, 1000.000000000000000 ) ;
#291 = LINE ( 'NONE', #3239, #3839 ) ;
#292 = FACE_OUTER_BOUND ( 'NONE', #1100, .T. ) ;
#293 = VERTEX_POINT ( 'NONE', #2095 ) ;
#294 = ORIENTED_EDGE ( 'NONE', *, *, #1079, .F. ) ;
#295 = FACE_OUTER_BOUND ( 'NONE', #896, .T. ) ;
#296 = STYLED_ITEM ( 'NONE', ( #1435 ), #556 ) ;
#297 = ADVANCED_FACE ( 'NONE', ( #4067 ), #1154, .T. ) ;
#298 = ORIENTED_EDGE ( 'NONE', *, *, #2268, .F. ) ;
#299 = CARTESIAN_POINT ( 'NONE',  ( 3.810000000000000053, 6.484452686125668386, 0.1499999999999999944 ) ) ;
#300 = EDGE_CURVE ( 'NONE', #4107, #3182, #393, .T. ) ;
#301 = CARTESIAN_POINT ( 'NONE',  ( 4.182921509473424670, 6.808872517849978045, 0.1499999999999999944 ) ) ;
#302 = UNCERTAINTY_MEASURE_WITH_UNIT (LENGTH_MEASURE( 1.000000000000000082E-05 ), #3065, 'distance_accuracy_value', 'NONE');
#303 = VECTOR ( 'NONE', #2213, 1000.000000000000000 ) ;
#304 = EDGE_LOOP ( 'NONE', ( #3741, #1575, #780, #3223 ) ) ;
#305 = LINE ( 'NONE', #941, #2159 ) ;
#306 = STYLED_ITEM ( 'NONE', ( #2687 ), #1466 ) ;
#307 = ADVANCED_FACE ( 'NONE', ( #1513 ), #3799, .F. ) ;
#308 = CARTESIAN_POINT ( 'NONE',  ( -4.824999999999998401, 5.739999999999999325, -4.955000000000000959 ) ) ;
#309 = DIRECTION ( 'NONE',  ( -0.000000000000000000, -0.000000000000000000, -1.000000000000000000 ) ) ;
#310 = VECTOR ( 'NONE', #3032, 1000.000000000000000 ) ;
#311 = PLANE ( 'NONE',  #1247 ) ;
#312 = CYLINDRICAL_SURFACE ( 'NONE', #1691, 0.4942860299906992050 ) ;
#313 = DIRECTION ( 'NONE',  ( 1.000000000000000000, 0.000000000000000000, 0.000000000000000000 ) ) ;
#314 = DIRECTION ( 'NONE',  ( 0.000000000000000000, -1.000000000000000000, 0.000000000000000000 ) ) ;
#315 = PLANE ( 'NONE',  #2985 ) ;
#316 = VECTOR ( 'NONE', #2604, 1000.000000000000000 ) ;
#317 = ORIENTED_EDGE ( 'NONE', *, *, #3166, .T. ) ;
#318 = VERTEX_POINT ( 'NONE', #2621 ) ;
#319 = EDGE_CURVE ( 'NONE', #757, #2723, #1067, .T. ) ;
#320 = DIRECTION ( 'NONE',  ( -0.000000000000000000, 1.000000000000000000, -0.000000000000000000 ) ) ;
#321 = VECTOR ( 'NONE', #1360, 1000.000000000000000 ) ;
#322 = VERTEX_POINT ( 'NONE', #1383 ) ;
#323 = CARTESIAN_POINT ( 'NONE',  ( -3.809999999999999609, 9.449999999999999289, -2.399999999999999911 ) ) ;
#324 = AXIS2_PLACEMENT_3D ( 'NONE', #166, #2400, #1487 ) ;
#325 = EDGE_CURVE ( 'NONE', #851, #2120, #3360, .T. ) ;
#326 = AXIS2_PLACEMENT_3D ( 'NONE', #1012, #1977, #19 ) ;
#327 = VECTOR ( 'NONE', #3872, 1000.000000000000000 ) ;
#328 = ORIENTED_EDGE ( 'NONE', *, *, #32, .F. ) ;
#329 = DIRECTION ( 'NONE',  ( -0.000000000000000000, -0.000000000000000000, -1.000000000000000000 ) ) ;
#330 = ORIENTED_EDGE ( 'NONE', *, *, #1179, .T. ) ;
#331 = CIRCLE ( 'NONE', #2932, 0.4942860299906992050 ) ;
#332 = AXIS2_PLACEMENT_3D ( 'NONE', #1224, #2782, #807 ) ;
#333 = EDGE_CURVE ( 'NONE', #3960, #2049, #1710, .T. ) ;
#334 = DIRECTION ( 'NONE',  ( -1.000000000000000000, 0.000000000000000000, 0.000000000000000000 ) ) ;
#335 = AXIS2_PLACEMENT_3D ( 'NONE', #4031, #1164, #2179 ) ;
#336 = DIRECTION ( 'NONE',  ( -0.000000000000000000, 1.000000000000000000, 0.000000000000000000 ) ) ;
#337 = DIRECTION ( 'NONE',  ( 1.000000000000000000, 0.000000000000000000, -0.000000000000000000 ) ) ;
#338 = CIRCLE ( 'NONE', #3320, 1.770000000000000018 ) ;
#339 = DIRECTION ( 'NONE',  ( 1.000000000000000000, 0.000000000000000000, 0.000000000000000000 ) ) ;
#340 = DIRECTION ( 'NONE',  ( 1.000000000000000000, 0.000000000000000000, 0.000000000000000000 ) ) ;
#341 = SURFACE_SIDE_STYLE ('',( #3013 ) ) ;
#342 = ORIENTED_EDGE ( 'NONE', *, *, #646, .F. ) ;
#343 = LINE ( 'NONE', #381, #3794 ) ;
#344 = VECTOR ( 'NONE', #1311, 1000.000000000000000 ) ;
#345 = CARTESIAN_POINT ( 'NONE',  ( 0.000000000000000000, -4.349999999999998757, 1.780000000000000027 ) ) ;
#346 = ORIENTED_EDGE ( 'NONE', *, *, #3164, .T. ) ;
#347 = CARTESIAN_POINT ( 'NONE',  ( -4.324999999999999289, 1.770000000000000018, -3.705000000000000959 ) ) ;
#348 = ORIENTED_EDGE ( 'NONE', *, *, #765, .F. ) ;
#349 = DIRECTION ( 'NONE',  ( 0.000000000000000000, 0.000000000000000000, 1.000000000000000000 ) ) ;
#350 = VERTEX_POINT ( 'NONE', #34 ) ;
#351 = DIRECTION ( 'NONE',  ( -0.000000000000000000, -1.000000000000000000, -0.000000000000000000 ) ) ;
#352 =( LENGTH_UNIT ( ) NAMED_UNIT ( * ) SI_UNIT ( .MILLI., .METRE. ) );
#353 = ADVANCED_FACE ( 'NONE', ( #3359 ), #1648, .T. ) ;
#354 = PRESENTATION_STYLE_ASSIGNMENT (( #2929 ) ) ;
#355 = SURFACE_STYLE_FILL_AREA ( #1029 ) ;
#356 = CARTESIAN_POINT ( 'NONE',  ( 1.000000000000000222, 0.000000000000000000, -0.4999999999999998890 ) ) ;
#357 = CARTESIAN_POINT ( 'NONE',  ( 2.085807545652809569, 0.000000000000000000, -4.955000000000000959 ) ) ;
#358 = CARTESIAN_POINT ( 'NONE',  ( 4.059999999999999609, 9.449999999999999289, -2.699999999999999734 ) ) ;
#359 = ORIENTED_EDGE ( 'NONE', *, *, #1064, .F. ) ;
#360 = DIRECTION ( 'NONE',  ( 1.000000000000000000, 0.000000000000000000, 0.000000000000000000 ) ) ;
#361 = MECHANICAL_DESIGN_GEOMETRIC_PRESENTATION_REPRESENTATION (  '', ( #1992 ), #2062 ) ;
#362 = DIRECTION ( 'NONE',  ( 0.000000000000000000, 1.000000000000000000, 0.000000000000000000 ) ) ;
#363 = DIRECTION ( 'NONE',  ( 1.000000000000000000, 0.000000000000000000, 0.000000000000000000 ) ) ;
#364 = AXIS2_PLACEMENT_3D ( 'NONE', #76, #3337, #1078 ) ;
#365 = ORIENTED_EDGE ( 'NONE', *, *, #2495, .T. ) ;
#366 =( NAMED_UNIT ( * ) PLANE_ANGLE_UNIT ( ) SI_UNIT ( $, .RADIAN. ) );
#367 = EDGE_LOOP ( 'NONE', ( #1157, #3571, #2270, #532 ) ) ;
#368 = ORIENTED_EDGE ( 'NONE', *, *, #1317, .F. ) ;
#369 = PLANE ( 'NONE',  #2506 ) ;
#370 = VERTEX_POINT ( 'NONE', #375 ) ;
#371 = EDGE_CURVE ( 'NONE', #492, #2751, #3987, .T. ) ;
#372 = STYLED_ITEM ( 'NONE', ( #1798 ), #1026 ) ;
#373 = DIRECTION ( 'NONE',  ( 0.000000000000000000, 0.000000000000000000, -1.000000000000000000 ) ) ;
#374 = LINE ( 'NONE', #33, #2002 ) ;
#375 = CARTESIAN_POINT ( 'NONE',  ( 4.059999999999999609, 7.133292349574287705, -2.699999999999999734 ) ) ;
#376 = VECTOR ( 'NONE', #2858, 1000.000000000000000 ) ;
#377 = PLANE ( 'NONE',  #3598 ) ;
#378 = AXIS2_PLACEMENT_3D ( 'NONE', #1915, #1592, #2889 ) ;
#379 = EDGE_CURVE ( 'NONE', #2467, #1560, #2387, .T. ) ;
#380 = ORIENTED_EDGE ( 'NONE', *, *, #2068, .T. ) ;
#381 = CARTESIAN_POINT ( 'NONE',  ( 0.000000000000000000, 0.000000000000000000, -0.4999999999999998890 ) ) ;
#382 = VECTOR ( 'NONE', #3763, 1000.000000000000000 ) ;
#383 = CARTESIAN_POINT ( 'NONE',  ( -4.324999999999999289, 0.7500000000000000000, -4.455000000000000959 ) ) ;
#384 = AXIS2_PLACEMENT_3D ( 'NONE', #4141, #659, #2882 ) ;
#385 = CARTESIAN_POINT ( 'NONE',  ( 1.708332520325009929, -4.349999999999998757, 0.5000000000000001110 ) ) ;
#386 = ORIENTED_EDGE ( 'NONE', *, *, #3901, .F. ) ;
#387 = DIRECTION ( 'NONE',  ( -0.000000000000000000, -0.000000000000000000, -1.000000000000000000 ) ) ;
#388 = VECTOR ( 'NONE', #2143, 1000.000000000000000 ) ;
#389 = VECTOR ( 'NONE', #2304, 1000.000000000000000 ) ;
#390 = ORIENTED_EDGE ( 'NONE', *, *, #583, .T. ) ;
#391 = FACE_OUTER_BOUND ( 'NONE', #64, .T. ) ;
#392 = VECTOR ( 'NONE', #3641, 1000.000000000000000 ) ;
#393 = B_SPLINE_CURVE_WITH_KNOTS ( 'NONE', 3,
 ( #2509, #1860, #554, #216 ),
 .UNSPECIFIED., .F., .F.,
 ( 4, 4 ),
 ( 0.000000000000000000, 0.0002170758974649435386 ),
 .UNSPECIFIED. ) ;
#394 = DIRECTION ( 'NONE',  ( -0.000000000000000000, -1.000000000000000000, -0.000000000000000000 ) ) ;
#395 = AXIS2_PLACEMENT_3D ( 'NONE', #582, #923, #3494 ) ;
#396 = ADVANCED_FACE ( 'NONE', ( #1327 ), #3273, .F. ) ;
#397 = CARTESIAN_POINT ( 'NONE',  ( 3.810000000000000053, 7.133292349574287705, -0.1499999999999999944 ) ) ;
#398 = UNCERTAINTY_MEASURE_WITH_UNIT (LENGTH_MEASURE( 1.000000000000000082E-05 ), #1808, 'distance_accuracy_value', 'NONE');
#399 = CIRCLE ( 'NONE', #2101, 1.629999999999999893 ) ;
#400 = FACE_OUTER_BOUND ( 'NONE', #3207, .T. ) ;
#401 = FILL_AREA_STYLE_COLOUR ( '', #1596 ) ;
#402 =( NAMED_UNIT ( * ) PLANE_ANGLE_UNIT ( ) SI_UNIT ( $, .RADIAN. ) );
#403 = ORIENTED_EDGE ( 'NONE', *, *, #3418, .T. ) ;
#404 = DIRECTION ( 'NONE',  ( -1.000000000000000000, 0.000000000000000000, 0.000000000000000000 ) ) ;
#405 = COLOUR_RGB ( '',0.6470588235294117974, 0.6196078431372549211, 0.5882352941176470784 ) ;
#406 = DIRECTION ( 'NONE',  ( -0.000000000000000000, 0.000000000000000000, 1.000000000000000000 ) ) ;
#407 = CARTESIAN_POINT ( 'NONE',  ( 3.809999999999999609, 7.133292349574287705, -2.399999999999999911 ) ) ;
#408 = AXIS2_PLACEMENT_3D ( 'NONE', #3524, #4165, #250 ) ;
#409 = VERTEX_POINT ( 'NONE', #2034 ) ;
#410 = CARTESIAN_POINT ( 'NONE',  ( 4.825000000000001954, 5.739999999999999325, -4.955000000000000959 ) ) ;
#411 = EDGE_CURVE ( 'NONE', #1187, #3707, #15, .T. ) ;
#412 = ORIENTED_EDGE ( 'NONE', *, *, #2829, .F. ) ;
#413 = CARTESIAN_POINT ( 'NONE',  ( -3.810000000000000497, 6.484452686125668386, 2.699999999999999734 ) ) ;
#414 = PRESENTATION_STYLE_ASSIGNMENT (( #3336 ) ) ;
#415 = DIRECTION ( 'NONE',  ( 1.000000000000000000, 0.000000000000000000, -0.000000000000000000 ) ) ;
#416 = CARTESIAN_POINT ( 'NONE',  ( 3.810000000000000497, 9.449999999999999289, 2.399999999999999911 ) ) ;
#417 = CARTESIAN_POINT ( 'NONE',  ( 4.182921509473425559, 6.808872517849978045, 2.699999999999999734 ) ) ;
#418 = DIRECTION ( 'NONE',  ( 0.000000000000000000, 0.000000000000000000, 1.000000000000000000 ) ) ;
#419 = CARTESIAN_POINT ( 'NONE',  ( 4.325000000000004619, 1.770000000000000018, 4.454999999999999183 ) ) ;
#420 = VERTEX_POINT ( 'NONE', #981 ) ;
#421 = DIRECTION ( 'NONE',  ( 0.000000000000000000, 0.000000000000000000, -1.000000000000000000 ) ) ;
#422 = EDGE_CURVE ( 'NONE', #5, #3182, #2643, .T. ) ;
#423 = PLANE ( 'NONE',  #3671 ) ;
#424 = DIRECTION ( 'NONE',  ( -1.000000000000000000, 0.000000000000000000, 0.000000000000000000 ) ) ;
#425 = CARTESIAN_POINT ( 'NONE',  ( 4.060000000000000497, 5.739999999999999325, 0.1499999999999999944 ) ) ;
#426 = ORIENTED_EDGE ( 'NONE', *, *, #618, .F. ) ;
#427 = ORIENTED_EDGE ( 'NONE', *, *, #1523, .T. ) ;
#428 = DIRECTION ( 'NONE',  ( -0.000000000000000000, 0.000000000000000000, 1.000000000000000000 ) ) ;
#429 = EDGE_CURVE ( 'NONE', #767, #995, #3620, .T. ) ;
#430 = COLOUR_RGB ( '',0.6470588235294117974, 0.6196078431372549211, 0.5882352941176470784 ) ;
#431 = VERTEX_POINT ( 'NONE', #3949 ) ;
#432 =( NAMED_UNIT ( * ) SI_UNIT ( $, .STERADIAN. ) SOLID_ANGLE_UNIT ( ) );
#433 = EDGE_CURVE ( 'NONE', #914, #25, #1028, .T. ) ;
#434 = UNCERTAINTY_MEASURE_WITH_UNIT (LENGTH_MEASURE( 1.000000000000000082E-05 ), #2471, 'distance_accuracy_value', 'NONE');
#435 = LINE ( 'NONE', #3404, #3597 ) ;
#436 = ORIENTED_EDGE ( 'NONE', *, *, #3865, .T. ) ;
#437 = FILL_AREA_STYLE ('',( #3766 ) ) ;
#438 = AXIS2_PLACEMENT_3D ( 'NONE', #4139, #1493, #1792 ) ;
#439 = DIRECTION ( 'NONE',  ( 0.000000000000000000, -0.000000000000000000, -1.000000000000000000 ) ) ;
#440 = DIRECTION ( 'NONE',  ( -0.8164558853645009773, 0.000000000000000000, -0.5774078171047468677 ) ) ;
#441 = ADVANCED_FACE ( 'NONE', ( #2011 ), #3316, .F. ) ;
#442 = VECTOR ( 'NONE', #127, 1000.000000000000000 ) ;
#443 = EDGE_LOOP ( 'NONE', ( #2093, #1057, #2759, #403 ) ) ;
#444 = ORIENTED_EDGE ( 'NONE', *, *, #192, .T. ) ;
#445 =( NAMED_UNIT ( * ) SI_UNIT ( $, .STERADIAN. ) SOLID_ANGLE_UNIT ( ) );
#446 = EDGE_CURVE ( 'NONE', #1628, #3836, #1993, .T. ) ;
#447 = VECTOR ( 'NONE', #2432, 1000.000000000000000 ) ;
#448 = EDGE_LOOP ( 'NONE', ( #3367, #3793, #4061, #2167 ) ) ;
#449 = CARTESIAN_POINT ( 'NONE',  ( 3.809999999999999609, 5.739999999999999325, -2.399999999999999911 ) ) ;
#450 = LINE ( 'NONE', #3125, #2823 ) ;
#451 = AXIS2_PLACEMENT_3D ( 'NONE', #511, #3798, #2162 ) ;
#452 = DIRECTION ( 'NONE',  ( 0.000000000000000000, 0.000000000000000000, 1.000000000000000000 ) ) ;
#453 = ORIENTED_EDGE ( 'NONE', *, *, #3302, .T. ) ;
#454 = EDGE_CURVE ( 'NONE', #3048, #3746, #3706, .T. ) ;
#456 = CARTESIAN_POINT ( 'NONE',  ( -3.810000000000000053, 7.133292349574287705, 0.1499999999999999944 ) ) ;
#455 =( GEOMETRIC_REPRESENTATION_CONTEXT ( 3 ) GLOBAL_UNCERTAINTY_ASSIGNED_CONTEXT ( ( #812 ) ) GLOBAL_UNIT_ASSIGNED_CONTEXT ( ( #2763, #3443, #4007 ) ) REPRESENTATION_CONTEXT ( 'NONE', 'WORKASPACE' ) );
#457 = VECTOR ( 'NONE', #2544, 1000.000000000000000 ) ;
#458 = DIRECTION ( 'NONE',  ( 1.000000000000000000, 0.000000000000000000, 0.000000000000000000 ) ) ;
#459 = ORIENTED_EDGE ( 'NONE', *, *, #3705, .F. ) ;
#460 = LINE ( 'NONE', #182, #528 ) ;
#461 = FILL_AREA_STYLE_COLOUR ( '', #3133 ) ;
#462 = DIRECTION ( 'NONE',  ( -0.000000000000000000, -0.000000000000000000, -1.000000000000000000 ) ) ;
#463 = CARTESIAN_POINT ( 'NONE',  ( 2.167624834490815307E-16, 0.2500000000000000000, 1.770000000000000018 ) ) ;
#464 = PRESENTATION_LAYER_ASSIGNMENT (  '', '', ( #1070 ) ) ;
#465 = ORIENTED_EDGE ( 'NONE', *, *, #333, .F. ) ;
#466 = ORIENTED_EDGE ( 'NONE', *, *, #3045, .F. ) ;
#467 =( NAMED_UNIT ( * ) PLANE_ANGLE_UNIT ( ) SI_UNIT ( $, .RADIAN. ) );
#468 = EDGE_CURVE ( 'NONE', #1578, #2132, #155, .T. ) ;
#469 = ADVANCED_FACE ( 'NONE', ( #2465 ), #3347, .F. ) ;
#470 = ORIENTED_EDGE ( 'NONE', *, *, #2035, .T. ) ;
#471 = CARTESIAN_POINT ( 'NONE',  ( 4.060000000000000497, 5.739999999999999325, 0.1499999999999999944 ) ) ;
#472 =( GEOMETRIC_REPRESENTATION_CONTEXT ( 3 ) GLOBAL_UNCERTAINTY_ASSIGNED_CONTEXT ( ( #938 ) ) GLOBAL_UNIT_ASSIGNED_CONTEXT ( ( #2935, #1331, #1636 ) ) REPRESENTATION_CONTEXT ( 'NONE', 'WORKASPACE' ) );
#473 = ORIENTED_EDGE ( 'NONE', *, *, #870, .F. ) ;
#474 = CARTESIAN_POINT ( 'NONE',  ( -1.551418705572418899, -4.500000000000000000, -0.4999999999999998890 ) ) ;
#475 = UNCERTAINTY_MEASURE_WITH_UNIT (LENGTH_MEASURE( 1.000000000000000082E-05 ), #769, 'distance_accuracy_value', 'NONE');
#476 =( NAMED_UNIT ( * ) PLANE_ANGLE_UNIT ( ) SI_UNIT ( $, .RADIAN. ) );
#477 = SURFACE_STYLE_FILL_AREA ( #730 ) ;
#478 = EDGE_CURVE ( 'NONE', #1402, #2273, #2417, .T. ) ;
#479 =( LENGTH_UNIT ( ) NAMED_UNIT ( * ) SI_UNIT ( .MILLI., .METRE. ) );
#480 = EDGE_LOOP ( 'NONE', ( #3505, #2503, #3924, #153 ) ) ;
#481 = CARTESIAN_POINT ( 'NONE',  ( -4.244340889027864883, 6.808872517849978045, 2.699999999999999734 ) ) ;
#482 =( LENGTH_UNIT ( ) NAMED_UNIT ( * ) SI_UNIT ( .MILLI., .METRE. ) );
#483 = LINE ( 'NONE', #4058, #707 ) ;
#484 = LINE ( 'NONE', #1721, #310 ) ;
#485 = ORIENTED_EDGE ( 'NONE', *, *, #3652, .T. ) ;
#486 = EDGE_LOOP ( 'NONE', ( #342, #2628, #624, #2706 ) ) ;
#487 = FACE_OUTER_BOUND ( 'NONE', #2141, .T. ) ;
#488 = VERTEX_POINT ( 'NONE', #1097 ) ;
#489 = FILL_AREA_STYLE_COLOUR ( '', #4192 ) ;
#490 = DIRECTION ( 'NONE',  ( 1.000000000000000000, 0.000000000000000000, 0.000000000000000000 ) ) ;
#491 = CARTESIAN_POINT ( 'NONE',  ( -3.810000000000000053, 7.133292349574287705, 0.1499999999999999944 ) ) ;
#492 = VERTEX_POINT ( 'NONE', #777 ) ;
#493 = EDGE_CURVE ( 'NONE', #615, #1699, #126, .T. ) ;
#494 = DIRECTION ( 'NONE',  ( -1.000000000000000000, 0.000000000000000000, 0.000000000000000000 ) ) ;
#495 = CYLINDRICAL_SURFACE ( 'NONE', #3863, 0.3731350835603809424 ) ;
#496 = CARTESIAN_POINT ( 'NONE',  ( -4.060000000000000497, 5.739999999999999325, -0.1499999999999999944 ) ) ;
#497 = PRESENTATION_STYLE_ASSIGNMENT (( #1162 ) ) ;
#498 = CARTESIAN_POINT ( 'NONE',  ( -4.182921509473423782, 6.808872517849978045, -2.699999999999999734 ) ) ;
#499 = EDGE_CURVE ( 'NONE', #739, #1879, #2084, .T. ) ;
#500 = VECTOR ( 'NONE', #2461, 1000.000000000000000 ) ;
#501 = DIRECTION ( 'NONE',  ( 0.000000000000000000, 0.000000000000000000, 1.000000000000000000 ) ) ;
#502 = FILL_AREA_STYLE ('',( #3749 ) ) ;
#503 = CARTESIAN_POINT ( 'NONE',  ( 1.000000000000000222, -3.499999999999999556, -0.4999999999999998890 ) ) ;
#504 = ORIENTED_EDGE ( 'NONE', *, *, #2885, .F. ) ;
#505 = ORIENTED_EDGE ( 'NONE', *, *, #1046, .T. ) ;
#506 = DIRECTION ( 'NONE',  ( -1.000000000000000000, 0.000000000000000000, -0.000000000000000000 ) ) ;
#507 = ORIENTED_EDGE ( 'NONE', *, *, #199, .T. ) ;
#508 = AXIS2_PLACEMENT_3D ( 'NONE', #1660, #1036, #3670 ) ;
#509 = AXIS2_PLACEMENT_3D ( 'NONE', #1215, #889, #1235 ) ;
#510 = EDGE_LOOP ( 'NONE', ( #30, #838, #211, #3213 ) ) ;
#511 = CARTESIAN_POINT ( 'NONE',  ( -4.060000000000000497, 5.739999999999999325, 0.1499999999999999944 ) ) ;
#512 = DIRECTION ( 'NONE',  ( 0.000000000000000000, -1.000000000000000000, 0.000000000000000000 ) ) ;
#513 = DIRECTION ( 'NONE',  ( -1.000000000000000000, 0.000000000000000000, 0.000000000000000000 ) ) ;
#514 = CIRCLE ( 'NONE', #4045, 0.3731350835603809424 ) ;
#515 = LINE ( 'NONE', #3419, #99 ) ;
#516 = AXIS2_PLACEMENT_3D ( 'NONE', #1969, #1944, #3254 ) ;
#517 = VERTEX_POINT ( 'NONE', #1720 ) ;
#518 = LINE ( 'NONE', #1821, #3590 ) ;
#519 = CIRCLE ( 'NONE', #1059, 0.3731350835603809424 ) ;
#520 = DIRECTION ( 'NONE',  ( 0.000000000000000000, -1.000000000000000000, 0.000000000000000000 ) ) ;
#521 = FILL_AREA_STYLE_COLOUR ( '', #2216 ) ;
#522 = DIRECTION ( 'NONE',  ( 0.000000000000000000, 1.000000000000000000, 0.000000000000000000 ) ) ;
#523 = EDGE_CURVE ( 'NONE', #3698, #2278, #3031, .T. ) ;
#524 = PRESENTATION_LAYER_ASSIGNMENT (  '', '', ( #1208 ) ) ;
#525 = ORIENTED_EDGE ( 'NONE', *, *, #3189, .F. ) ;
#526 = FILL_AREA_STYLE_COLOUR ( '', #2382 ) ;
#527 = VECTOR ( 'NONE', #2925, 1000.000000000000000 ) ;
#528 = VECTOR ( 'NONE', #1479, 1000.000000000000000 ) ;
#529 = DIRECTION ( 'NONE',  ( 1.000000000000000000, 0.000000000000000000, 0.000000000000000000 ) ) ;
#530 =( LENGTH_UNIT ( ) NAMED_UNIT ( * ) SI_UNIT ( .MILLI., .METRE. ) );
#531 = ORIENTED_EDGE ( 'NONE', *, *, #672, .T. ) ;
#532 = ORIENTED_EDGE ( 'NONE', *, *, #2007, .T. ) ;
#533 = CARTESIAN_POINT ( 'NONE',  ( 3.688635479482724300, 6.808872517849978045, -2.399999999999999911 ) ) ;
#534 = AXIS2_PLACEMENT_3D ( 'NONE', #2634, #754, #82 ) ;
#535 = CIRCLE ( 'NONE', #2322, 0.4942860299906992050 ) ;
#536 = EDGE_LOOP ( 'NONE', ( #2176, #3993, #675, #2754 ) ) ;
#537 = CARTESIAN_POINT ( 'NONE',  ( 3.871205805467482719, 6.808872517849978045, -2.399999999999999911 ) ) ;
#538 = EDGE_CURVE ( 'NONE', #1722, #1359, #2686, .T. ) ;
#539 = CARTESIAN_POINT ( 'NONE',  ( 3.810000000000000497, 7.133292349574287705, 2.699999999999999734 ) ) ;
#540 =( GEOMETRIC_REPRESENTATION_CONTEXT ( 3 ) GLOBAL_UNCERTAINTY_ASSIGNED_CONTEXT ( ( #2458 ) ) GLOBAL_UNIT_ASSIGNED_CONTEXT ( ( #1519, #1230, #578 ) ) REPRESENTATION_CONTEXT ( 'NONE', 'WORKASPACE' ) );
#541 = FACE_OUTER_BOUND ( 'NONE', #109, .T. ) ;
#542 = ORIENTED_EDGE ( 'NONE', *, *, #2586, .F. ) ;
#543 = CARTESIAN_POINT ( 'NONE',  ( -3.809999999999999609, 9.449999999999999289, -2.699999999999999734 ) ) ;
#544 = CYLINDRICAL_SURFACE ( 'NONE', #660, 0.4942860299906992050 ) ;
#545 = DIRECTION ( 'NONE',  ( 1.000000000000000000, 0.000000000000000000, 0.000000000000000000 ) ) ;
#546 = LINE ( 'NONE', #2480, #782 ) ;
#547 = EDGE_LOOP ( 'NONE', ( #2676, #4167, #1022, #1217 ) ) ;
#548 = DIRECTION ( 'NONE',  ( -0.000000000000000000, -0.000000000000000000, -1.000000000000000000 ) ) ;
#549 = ORIENTED_EDGE ( 'NONE', *, *, #827, .T. ) ;
#550 = VERTEX_POINT ( 'NONE', #3385 ) ;
#551 = EDGE_CURVE ( 'NONE', #254, #1359, #1416, .T. ) ;
#552 = CARTESIAN_POINT ( 'NONE',  ( 4.244340889027864883, 6.808872517849978045, 2.399999999999999911 ) ) ;
#553 = VERTEX_POINT ( 'NONE', #3975 ) ;
#554 = CARTESIAN_POINT ( 'NONE',  ( 1.656127071143203233, -4.400103520548007019, -0.4999999999999998890 ) ) ;
#555 = CYLINDRICAL_SURFACE ( 'NONE', #332, 0.3731350835603809424 ) ;
#556 = ADVANCED_FACE ( 'NONE', ( #1393 ), #1739, .T. ) ;
#557 = CARTESIAN_POINT ( 'NONE',  ( 0.000000000000000000, 0.000000000000000000, -1.770000000000000018 ) ) ;
#558 = ORIENTED_EDGE ( 'NONE', *, *, #3392, .F. ) ;
#559 = CARTESIAN_POINT ( 'NONE',  ( 1.697910480561328095, 0.000000000000000000, -0.4999999999999998890 ) ) ;
#560 = SURFACE_STYLE_USAGE ( .BOTH. , #2605 ) ;
#561 = SURFACE_SIDE_STYLE ('',( #881 ) ) ;
#562 = DIRECTION ( 'NONE',  ( 1.000000000000000000, 0.000000000000000000, 0.000000000000000000 ) ) ;
#563 = ORIENTED_EDGE ( 'NONE', *, *, #1427, .T. ) ;
#564 = DIRECTION ( 'NONE',  ( 0.000000000000000000, 0.000000000000000000, 1.000000000000000000 ) ) ;
#565 = CARTESIAN_POINT ( 'NONE',  ( -2.710505431213761085E-16, -4.349999999999999645, -1.497311529942840114 ) ) ;
#566 = ORIENTED_EDGE ( 'NONE', *, *, #3488, .T. ) ;
#567 = VERTEX_POINT ( 'NONE', #3410 ) ;
#568 = DIRECTION ( 'NONE',  ( 0.000000000000000000, -1.000000000000000000, 0.000000000000000000 ) ) ;
#569 = VECTOR ( 'NONE', #309, 1000.000000000000000 ) ;
#570 = ORIENTED_EDGE ( 'NONE', *, *, #3238, .T. ) ;
#571 = EDGE_CURVE ( 'NONE', #5, #2049, #483, .T. ) ;
#572 = FILL_AREA_STYLE_COLOUR ( '', #3187 ) ;
#573 = CARTESIAN_POINT ( 'NONE',  ( 4.059999999999999609, 6.484452686125668386, -2.399999999999999911 ) ) ;
#574 = ORIENTED_EDGE ( 'NONE', *, *, #2232, .F. ) ;
#575 = DIRECTION ( 'NONE',  ( 0.000000000000000000, 1.000000000000000000, 0.000000000000000000 ) ) ;
#576 = VECTOR ( 'NONE', #1932, 1000.000000000000000 ) ;
#577 = AXIS2_PLACEMENT_3D ( 'NONE', #419, #139, #4052 ) ;
#578 =( NAMED_UNIT ( * ) SI_UNIT ( $, .STERADIAN. ) SOLID_ANGLE_UNIT ( ) );
#579 = SURFACE_STYLE_USAGE ( .BOTH. , #3423 ) ;
#580 = CARTESIAN_POINT ( 'NONE',  ( -4.824999999999998401, 5.739999999999999325, -4.955000000000000959 ) ) ;
#581 = SURFACE_SIDE_STYLE ('',( #3493 ) ) ;
#582 = CARTESIAN_POINT ( 'NONE',  ( 0.000000000000000000, -4.349999999999998757, 0.000000000000000000 ) ) ;
#583 = EDGE_CURVE ( 'NONE', #3182, #3809, #2364, .T. ) ;
#584 = DIRECTION ( 'NONE',  ( -0.000000000000000000, -1.000000000000000000, -0.000000000000000000 ) ) ;
#585 = DIRECTION ( 'NONE',  ( 0.000000000000000000, 1.000000000000000000, 0.000000000000000000 ) ) ;
#586 = AXIS2_PLACEMENT_3D ( 'NONE', #2980, #3020, #2689 ) ;
#587 = CARTESIAN_POINT ( 'NONE',  ( 4.825000000000003730, 5.739999999999999325, 4.954999999999999183 ) ) ;
#588 = ORIENTED_EDGE ( 'NONE', *, *, #1882, .F. ) ;
#589 = ORIENTED_EDGE ( 'NONE', *, *, #1552, .F. ) ;
#590 = CARTESIAN_POINT ( 'NONE',  ( 4.060000000000000497, 7.133292349574287705, 0.1499999999999999944 ) ) ;
#591 = PRESENTATION_LAYER_ASSIGNMENT (  '', '', ( #858 ) ) ;
#592 = EDGE_CURVE ( 'NONE', #2847, #1295, #3830, .T. ) ;
#593 = AXIS2_PLACEMENT_3D ( 'NONE', #4071, #3714, #3358 ) ;
#594 = VECTOR ( 'NONE', #2747, 1000.000000000000000 ) ;
#595 = ORIENTED_EDGE ( 'NONE', *, *, #4112, .T. ) ;
#596 = DIRECTION ( 'NONE',  ( 0.000000000000000000, 0.000000000000000000, 1.000000000000000000 ) ) ;
#597 = ORIENTED_EDGE ( 'NONE', *, *, #2339, .F. ) ;
#598 = DIRECTION ( 'NONE',  ( 0.000000000000000000, 0.000000000000000000, 1.000000000000000000 ) ) ;
#599 = EDGE_CURVE ( 'NONE', #2448, #1578, #3141, .T. ) ;
#600 = VECTOR ( 'NONE', #4163, 1000.000000000000000 ) ;
#601 = EDGE_CURVE ( 'NONE', #3960, #2595, #905, .T. ) ;
#602 = LINE ( 'NONE', #1909, #2588 ) ;
#603 = LINE ( 'NONE', #1207, #1537 ) ;
#604 = CARTESIAN_POINT ( 'NONE',  ( 0.000000000000000000, 5.739999999999999325, 0.000000000000000000 ) ) ;
#605 = SURFACE_STYLE_FILL_AREA ( #2840 ) ;
#606 = EDGE_CURVE ( 'NONE', #3729, #4154, #4080, .T. ) ;
#607 = DIRECTION ( 'NONE',  ( 0.000000000000000000, -1.000000000000000000, -0.000000000000000000 ) ) ;
#608 = CARTESIAN_POINT ( 'NONE',  ( -4.060000000000001386, 6.484452686125668386, 2.399999999999999911 ) ) ;
#609 = ORIENTED_EDGE ( 'NONE', *, *, #478, .F. ) ;
#610 = EDGE_LOOP ( 'NONE', ( #3309, #542, #3791, #1661, #71, #368, #3623, #1614, #3344, #1844 ) ) ;
#611 = FACE_BOUND ( 'NONE', #2147, .T. ) ;
#612 = ORIENTED_EDGE ( 'NONE', *, *, #1725, .T. ) ;
#613 = DIRECTION ( 'NONE',  ( -0.000000000000000000, -1.000000000000000000, -0.000000000000000000 ) ) ;
#614 = DIRECTION ( 'NONE',  ( -0.000000000000000000, 1.000000000000000000, -0.000000000000000000 ) ) ;
#615 = VERTEX_POINT ( 'NONE', #1503 ) ;
#616 = FACE_OUTER_BOUND ( 'NONE', #193, .T. ) ;
#617 = CARTESIAN_POINT ( 'NONE',  ( 3.810000000000000497, 5.739999999999999325, 2.699999999999999734 ) ) ;
#618 = EDGE_CURVE ( 'NONE', #1153, #2059, #4122, .T. ) ;
#619 = DIRECTION ( 'NONE',  ( 1.000000000000000000, 0.000000000000000000, 0.000000000000000000 ) ) ;
#620 = CARTESIAN_POINT ( 'NONE',  ( 3.575000000000002842, 1.770000000000000018, -3.705000000000000959 ) ) ;
#621 = CARTESIAN_POINT ( 'NONE',  ( 3.810000000000000497, 7.133292349574287705, 2.399999999999999911 ) ) ;
#622 = DIRECTION ( 'NONE',  ( -1.000000000000000000, 0.000000000000000000, -1.090250972562798346E-16 ) ) ;
#623 = CARTESIAN_POINT ( 'NONE',  ( 4.060000000000000497, 9.449999999999999289, 0.1499999999999999944 ) ) ;
#624 = ORIENTED_EDGE ( 'NONE', *, *, #11, .T. ) ;
#625 = ORIENTED_EDGE ( 'NONE', *, *, #2966, .F. ) ;
#626 = CARTESIAN_POINT ( 'NONE',  ( -3.810000000000000497, 5.739999999999999325, 2.699999999999999734 ) ) ;
#627 = EDGE_CURVE ( 'NONE', #322, #687, #788, .T. ) ;
#628 = EDGE_LOOP ( 'NONE', ( #1534, #2734, #4035, #2291 ) ) ;
#629 = CARTESIAN_POINT ( 'NONE',  ( -4.824999999999998401, 0.000000000000000000, 4.954999999999999183 ) ) ;
#630 = SURFACE_STYLE_FILL_AREA ( #2256 ) ;
#631 = UNCERTAINTY_MEASURE_WITH_UNIT (LENGTH_MEASURE( 1.000000000000000082E-05 ), #530, 'distance_accuracy_value', 'NONE');
#632 = EDGE_CURVE ( 'NONE', #1129, #3224, #1894, .T. ) ;
#633 = AXIS2_PLACEMENT_3D ( 'NONE', #3295, #638, #3905 ) ;
#634 = EDGE_LOOP ( 'NONE', ( #960, #1019, #3896, #2379 ) ) ;
#635 = FACE_OUTER_BOUND ( 'NONE', #367, .T. ) ;
#636 = ORIENTED_EDGE ( 'NONE', *, *, #1655, .T. ) ;
#637 =( NAMED_UNIT ( * ) PLANE_ANGLE_UNIT ( ) SI_UNIT ( $, .RADIAN. ) );
#638 = DIRECTION ( 'NONE',  ( -0.000000000000000000, -0.000000000000000000, -1.000000000000000000 ) ) ;
#639 = COLOUR_RGB ( '',0.6470588235294117974, 0.6196078431372549211, 0.5882352941176470784 ) ;
#640 = LINE ( 'NONE', #3041, #389 ) ;
#641 = SURFACE_STYLE_USAGE ( .BOTH. , #1991 ) ;
#642 = UNCERTAINTY_MEASURE_WITH_UNIT (LENGTH_MEASURE( 1.000000000000000082E-05 ), #3262, 'distance_accuracy_value', 'NONE');
#643 = STYLED_ITEM ( 'NONE', ( #3682 ), #1843 ) ;
#644 = EDGE_CURVE ( 'NONE', #3432, #1656, #4103, .T. ) ;
#645 = CARTESIAN_POINT ( 'NONE',  ( -1.708332520325009929, -4.349999999999998757, -0.4999999999999998890 ) ) ;
#646 = EDGE_CURVE ( 'NONE', #247, #4046, #1418, .T. ) ;
#647 = FILL_AREA_STYLE ('',( #3603 ) ) ;
#648 = DIRECTION ( 'NONE',  ( 0.000000000000000000, 0.000000000000000000, 1.000000000000000000 ) ) ;
#649 = VERTEX_POINT ( 'NONE', #187 ) ;
#650 = DIRECTION ( 'NONE',  ( -0.000000000000000000, -0.000000000000000000, -1.000000000000000000 ) ) ;
#651 = DIRECTION ( 'NONE',  ( 0.000000000000000000, 0.000000000000000000, -1.000000000000000000 ) ) ;
#652 = EDGE_LOOP ( 'NONE', ( #41, #3000, #2944, #3022 ) ) ;
#653 = FILL_AREA_STYLE_COLOUR ( '', #3452 ) ;
#654 = VECTOR ( 'NONE', #650, 1000.000000000000000 ) ;
#655 = CARTESIAN_POINT ( 'NONE',  ( -0.4972259597883800786, -4.349999999999999645, -0.6360909047471664524 ) ) ;
#656 = VECTOR ( 'NONE', #667, 1000.000000000000000 ) ;
#657 = STYLED_ITEM ( 'NONE', ( #2523 ), #3190 ) ;
#658 = ORIENTED_EDGE ( 'NONE', *, *, #2495, .F. ) ;
#659 = DIRECTION ( 'NONE',  ( -0.000000000000000000, -0.000000000000000000, -1.000000000000000000 ) ) ;
#660 = AXIS2_PLACEMENT_3D ( 'NONE', #74, #3315, #700 ) ;
#661 = AXIS2_PLACEMENT_3D ( 'NONE', #3862, #2277, #937 ) ;
#662 = CARTESIAN_POINT ( 'NONE',  ( -3.810000000000000053, 6.484452686125668386, -0.1499999999999999944 ) ) ;
#663 = DIRECTION ( 'NONE',  ( -1.000000000000000000, 0.000000000000000000, 0.000000000000000000 ) ) ;
#664 = MECHANICAL_DESIGN_GEOMETRIC_PRESENTATION_REPRESENTATION (  '', ( #2386 ), #1967 ) ;
#665 = PRESENTATION_STYLE_ASSIGNMENT (( #1195 ) ) ;
#666 = FILL_AREA_STYLE ('',( #2904 ) ) ;
#667 = DIRECTION ( 'NONE',  ( -0.000000000000000000, -1.000000000000000000, -0.000000000000000000 ) ) ;
#668 = SURFACE_STYLE_USAGE ( .BOTH. , #1931 ) ;
#669 = ORIENTED_EDGE ( 'NONE', *, *, #1399, .F. ) ;
#670 = DIRECTION ( 'NONE',  ( -0.000000000000000000, -0.000000000000000000, -1.000000000000000000 ) ) ;
#671 = CARTESIAN_POINT ( 'NONE',  ( 3.809999999999999609, 9.449999999999999289, -2.399999999999999911 ) ) ;
#672 = EDGE_CURVE ( 'NONE', #4060, #3833, #2525, .T. ) ;
#673 = VERTEX_POINT ( 'NONE', #3812 ) ;
#674 = CARTESIAN_POINT ( 'NONE',  ( 1.000000000000000222, 0.000000000000000000, 0.5000000000000001110 ) ) ;
#675 = ORIENTED_EDGE ( 'NONE', *, *, #1433, .T. ) ;
#676 =( NAMED_UNIT ( * ) PLANE_ANGLE_UNIT ( ) SI_UNIT ( $, .RADIAN. ) );
#677 = ORIENTED_EDGE ( 'NONE', *, *, #3238, .F. ) ;
#678 = DIRECTION ( 'NONE',  ( 0.000000000000000000, 0.000000000000000000, 1.000000000000000000 ) ) ;
#679 = EDGE_LOOP ( 'NONE', ( #1748, #2710, #1812, #1917 ) ) ;
#680 = ADVANCED_FACE ( 'NONE', ( #2247 ), #1850, .F. ) ;
#681 =( NAMED_UNIT ( * ) PLANE_ANGLE_UNIT ( ) SI_UNIT ( $, .RADIAN. ) );
#682 = UNCERTAINTY_MEASURE_WITH_UNIT (LENGTH_MEASURE( 1.000000000000000082E-05 ), #3531, 'distance_accuracy_value', 'NONE');
#683 = ADVANCED_FACE ( 'NONE', ( #2843 ), #2199, .F. ) ;
#684 = CARTESIAN_POINT ( 'NONE',  ( -4.324999999999999289, 1.770000000000000018, 4.454999999999999183 ) ) ;
#685 = SURFACE_STYLE_FILL_AREA ( #647 ) ;
#686 =( LENGTH_UNIT ( ) NAMED_UNIT ( * ) SI_UNIT ( .MILLI., .METRE. ) );
#687 = VERTEX_POINT ( 'NONE', #2667 ) ;
#688 = CARTESIAN_POINT ( 'NONE',  ( -4.824999999999998401, 0.7500000000000000000, -4.955000000000000959 ) ) ;
#689 = CIRCLE ( 'NONE', #1439, 0.4942860299906992050 ) ;
#690 = LINE ( 'NONE', #992, #3470 ) ;
#691 = CARTESIAN_POINT ( 'NONE',  ( -2.710505431213761085E-16, -4.349999999999999645, -1.497311529942840114 ) ) ;
#692 = AXIS2_PLACEMENT_3D ( 'NONE', #818, #4014, #3075 ) ;
#693 = ORIENTED_EDGE ( 'NONE', *, *, #1492, .F. ) ;
#694 =( NAMED_UNIT ( * ) SI_UNIT ( $, .STERADIAN. ) SOLID_ANGLE_UNIT ( ) );
#695 = EDGE_CURVE ( 'NONE', #3592, #4190, #1293, .T. ) ;
#696 = VERTEX_POINT ( 'NONE', #2350 ) ;
#697 = CARTESIAN_POINT ( 'NONE',  ( 0.000000000000000000, -4.500000000000000000, 0.000000000000000000 ) ) ;
#698 = ORIENTED_EDGE ( 'NONE', *, *, #1303, .T. ) ;
#699 =( GEOMETRIC_REPRESENTATION_CONTEXT ( 3 ) GLOBAL_UNCERTAINTY_ASSIGNED_CONTEXT ( ( #1966 ) ) GLOBAL_UNIT_ASSIGNED_CONTEXT ( ( #3012, #3342, #4008 ) ) REPRESENTATION_CONTEXT ( 'NONE', 'WORKASPACE' ) );
#700 = DIRECTION ( 'NONE',  ( -1.000000000000000000, 0.000000000000000000, 0.000000000000000000 ) ) ;
#701 = CARTESIAN_POINT ( 'NONE',  ( 0.000000000000000000, 0.2500000000000000000, 0.000000000000000000 ) ) ;
#702 = DIRECTION ( 'NONE',  ( -0.000000000000000000, -0.000000000000000000, -1.000000000000000000 ) ) ;
#703 = AXIS2_PLACEMENT_3D ( 'NONE', #1776, #2098, #113 ) ;
#704 = CARTESIAN_POINT ( 'NONE',  ( -3.688635479482726076, 6.808872517849978045, 2.399999999999999911 ) ) ;
#705 = CIRCLE ( 'NONE', #1385, 0.4942860299906992050 ) ;
#706 = CARTESIAN_POINT ( 'NONE',  ( 2.380753800001319309, 2.786979565318412178, -4.746410318745436285 ) ) ;
#707 = VECTOR ( 'NONE', #1214, 1000.000000000000000 ) ;
#708 = CARTESIAN_POINT ( 'NONE',  ( -4.060000000000001386, 5.739999999999999325, 2.399999999999999911 ) ) ;
#709 = EDGE_CURVE ( 'NONE', #3351, #4107, #2187, .T. ) ;
#710 = ORIENTED_EDGE ( 'NONE', *, *, #2919, .T. ) ;
#711 = CARTESIAN_POINT ( 'NONE',  ( 4.060000000000001386, 7.133292349574287705, 2.699999999999999734 ) ) ;
#712 = AXIS2_PLACEMENT_3D ( 'NONE', #2287, #3301, #2668 ) ;
#713 = CARTESIAN_POINT ( 'NONE',  ( 4.060000000000001386, 7.133292349574287705, 2.699999999999999734 ) ) ;
#714 = FILL_AREA_STYLE_COLOUR ( '', #2145 ) ;
#715 = ORIENTED_EDGE ( 'NONE', *, *, #1486, .F. ) ;
#716 = PLANE ( 'NONE',  #2372 ) ;
#717 = VECTOR ( 'NONE', #4109, 1000.000000000000000 ) ;
#718 =( GEOMETRIC_REPRESENTATION_CONTEXT ( 3 ) GLOBAL_UNCERTAINTY_ASSIGNED_CONTEXT ( ( #398 ) ) GLOBAL_UNIT_ASSIGNED_CONTEXT ( ( #1808, #467, #445 ) ) REPRESENTATION_CONTEXT ( 'NONE', 'WORKASPACE' ) );
#719 = EDGE_LOOP ( 'NONE', ( #2807, #2635, #1806, #158 ) ) ;
#720 = PRESENTATION_LAYER_ASSIGNMENT (  '', '', ( #4197 ) ) ;
#721 = MECHANICAL_DESIGN_GEOMETRIC_PRESENTATION_REPRESENTATION (  '', ( #2862 ), #3058 ) ;
#722 = APPLICATION_PROTOCOL_DEFINITION ( 'draft international standard', 'automotive_design', 1998, #1000 ) ;
#723 =( NAMED_UNIT ( * ) SI_UNIT ( $, .STERADIAN. ) SOLID_ANGLE_UNIT ( ) );
#724 = DIRECTION ( 'NONE',  ( 1.000000000000000000, 0.000000000000000000, 0.000000000000000000 ) ) ;
#725 = EDGE_CURVE ( 'NONE', #4046, #97, #3581, .T. ) ;
#726 = AXIS2_PLACEMENT_3D ( 'NONE', #3532, #596, #27 ) ;
#727 = LINE ( 'NONE', #539, #3261 ) ;
#728 = AXIS2_PLACEMENT_3D ( 'NONE', #67, #1999, #1055 ) ;
#729 = DIRECTION ( 'NONE',  ( 0.000000000000000000, -1.000000000000000000, -0.000000000000000000 ) ) ;
#730 = FILL_AREA_STYLE ('',( #401 ) ) ;
#731 = CARTESIAN_POINT ( 'NONE',  ( -4.244340889027864883, 6.808872517849978045, 2.699999999999999734 ) ) ;
#732 = ORIENTED_EDGE ( 'NONE', *, *, #1817, .T. ) ;
#733 = DIRECTION ( 'NONE',  ( 1.000000000000000000, 0.000000000000000000, 0.000000000000000000 ) ) ;
#734 = AXIS2_PLACEMENT_3D ( 'NONE', #1415, #3427, #2729 ) ;
#735 = ADVANCED_FACE ( 'NONE', ( #3300 ), #3894, .F. ) ;
#736 = FACE_OUTER_BOUND ( 'NONE', #1528, .T. ) ;
#737 =( LENGTH_UNIT ( ) NAMED_UNIT ( * ) SI_UNIT ( .MILLI., .METRE. ) );
#738 = ORIENTED_EDGE ( 'NONE', *, *, #3024, .T. ) ;
#739 = VERTEX_POINT ( 'NONE', #3278 ) ;
#740 = LINE ( 'NONE', #674, #177 ) ;
#741 = EDGE_CURVE ( 'NONE', #6, #3729, #3875, .T. ) ;
#742 = ORIENTED_EDGE ( 'NONE', *, *, #1201, .T. ) ;
#743 = LINE ( 'NONE', #3334, #1461 ) ;
#744 =( NAMED_UNIT ( * ) SI_UNIT ( $, .STERADIAN. ) SOLID_ANGLE_UNIT ( ) );
#745 =( LENGTH_UNIT ( ) NAMED_UNIT ( * ) SI_UNIT ( .MILLI., .METRE. ) );
#746 = CARTESIAN_POINT ( 'NONE',  ( -4.824999999999998401, 0.7500000000000000000, -4.955000000000000959 ) ) ;
#747 = EDGE_CURVE ( 'NONE', #3420, #2543, #291, .T. ) ;
#748 = DIRECTION ( 'NONE',  ( 0.000000000000000000, 0.000000000000000000, -1.000000000000000000 ) ) ;
#749 = DIRECTION ( 'NONE',  ( 0.000000000000000000, -1.000000000000000000, -0.000000000000000000 ) ) ;
#750 = CARTESIAN_POINT ( 'NONE',  ( 0.000000000000000000, 0.2500000000000000000, -1.899999999999999911 ) ) ;
#751 = EDGE_CURVE ( 'NONE', #1548, #3412, #2562, .T. ) ;
#752 = ORIENTED_EDGE ( 'NONE', *, *, #3246, .T. ) ;
#753 = SURFACE_SIDE_STYLE ('',( #1432 ) ) ;
#754 = DIRECTION ( 'NONE',  ( 0.000000000000000000, 0.000000000000000000, 1.000000000000000000 ) ) ;
#755 = DIRECTION ( 'NONE',  ( -0.000000000000000000, 1.000000000000000000, -0.000000000000000000 ) ) ;
#756 = VERTEX_POINT ( 'NONE', #357 ) ;
#757 = VERTEX_POINT ( 'NONE', #1591 ) ;
#758 = FILL_AREA_STYLE_COLOUR ( '', #3191 ) ;
#759 = ORIENTED_EDGE ( 'NONE', *, *, #3772, .F. ) ;
#760 = VECTOR ( 'NONE', #2330, 1000.000000000000000 ) ;
#761 = AXIS2_PLACEMENT_3D ( 'NONE', #764, #2472, #1404 ) ;
#762 = ORIENTED_EDGE ( 'NONE', *, *, #2388, .F. ) ;
#763 = DIRECTION ( 'NONE',  ( -0.8164558853645009773, 0.000000000000000000, -0.5774078171047468677 ) ) ;
#764 = CARTESIAN_POINT ( 'NONE',  ( 3.810000000000000497, 9.449999999999999289, 2.699999999999999734 ) ) ;
#765 = EDGE_CURVE ( 'NONE', #2891, #2019, #519, .T. ) ;
#766 = CARTESIAN_POINT ( 'NONE',  ( 0.000000000000000000, 0.000000000000000000, 0.5000000000000001110 ) ) ;
#767 = VERTEX_POINT ( 'NONE', #2907 ) ;
#768 = ORIENTED_EDGE ( 'NONE', *, *, #985, .T. ) ;
#769 =( LENGTH_UNIT ( ) NAMED_UNIT ( * ) SI_UNIT ( .MILLI., .METRE. ) );
#770 = LINE ( 'NONE', #3321, #2903 ) ;
#771 = FILL_AREA_STYLE ('',( #2040 ) ) ;
#772 = VERTEX_POINT ( 'NONE', #39 ) ;
#773 = DIRECTION ( 'NONE',  ( 0.000000000000000000, -1.000000000000000000, 0.000000000000000000 ) ) ;
#774 = ADVANCED_FACE ( 'NONE', ( #951 ), #1031, .F. ) ;
#775 =( GEOMETRIC_REPRESENTATION_CONTEXT ( 3 ) GLOBAL_UNCERTAINTY_ASSIGNED_CONTEXT ( ( #1283 ) ) GLOBAL_UNIT_ASSIGNED_CONTEXT ( ( #745, #3635, #723 ) ) REPRESENTATION_CONTEXT ( 'NONE', 'WORKASPACE' ) );
#776 = FILL_AREA_STYLE_COLOUR ( '', #1284 ) ;
#777 = CARTESIAN_POINT ( 'NONE',  ( 4.060000000000001386, 9.449999999999999289, 2.399999999999999911 ) ) ;
#778 = CARTESIAN_POINT ( 'NONE',  ( 3.809999999999999609, 7.133292349574287705, -2.399999999999999911 ) ) ;
#779 = VECTOR ( 'NONE', #440, 1000.000000000000114 ) ;
#780 = ORIENTED_EDGE ( 'NONE', *, *, #2531, .F. ) ;
#781 = EDGE_LOOP ( 'NONE', ( #2378, #2486, #3971, #3066 ) ) ;
#782 = VECTOR ( 'NONE', #269, 1000.000000000000000 ) ;
#783 = ORIENTED_EDGE ( 'NONE', *, *, #632, .T. ) ;
#784 = CYLINDRICAL_SURFACE ( 'NONE', #3724, 0.4942860299906992050 ) ;
#785 = VECTOR ( 'NONE', #961, 1000.000000000000000 ) ;
#786 = DIRECTION ( 'NONE',  ( 0.4999999999999999445, 0.000000000000000000, -0.8660254037844387076 ) ) ;
#787 = EDGE_CURVE ( 'NONE', #3697, #2156, #3561, .T. ) ;
#788 = CIRCLE ( 'NONE', #2450, 0.3731350835603809424 ) ;
#789 = ORIENTED_EDGE ( 'NONE', *, *, #1333, .F. ) ;
#790 = CARTESIAN_POINT ( 'NONE',  ( -1.656127071143203233, -4.400103520548007019, -0.4999999999999998890 ) ) ;
#791 = PRESENTATION_LAYER_ASSIGNMENT (  '', '', ( #998 ) ) ;
#792 = PLANE ( 'NONE',  #3257 ) ;
#794 = CARTESIAN_POINT ( 'NONE',  ( 3.809999999999999609, 7.133292349574287705, -2.699999999999999734 ) ) ;
#793 = AXIS2_PLACEMENT_3D ( 'NONE', #1091, #520, #1496 ) ;
#795 = STYLED_ITEM ( 'NONE', ( #2680 ), #3252 ) ;
#796 = DIRECTION ( 'NONE',  ( 0.000000000000000000, -1.000000000000000000, -0.000000000000000000 ) ) ;
#797 = VERTEX_POINT ( 'NONE', #3935 ) ;
#798 = FACE_OUTER_BOUND ( 'NONE', #610, .T. ) ;
#799 = PRESENTATION_STYLE_ASSIGNMENT (( #186 ) ) ;
#800 =( NAMED_UNIT ( * ) SI_UNIT ( $, .STERADIAN. ) SOLID_ANGLE_UNIT ( ) );
#801 = ORIENTED_EDGE ( 'NONE', *, *, #1890, .F. ) ;
#802 = ORIENTED_EDGE ( 'NONE', *, *, #1829, .T. ) ;
#803 = SURFACE_SIDE_STYLE ('',( #3730 ) ) ;
#804 = EDGE_CURVE ( 'NONE', #3311, #2839, #2419, .T. ) ;
#805 = ORIENTED_EDGE ( 'NONE', *, *, #3340, .T. ) ;
#806 = DIRECTION ( 'NONE',  ( 0.000000000000000000, -1.000000000000000000, 0.000000000000000000 ) ) ;
#807 = DIRECTION ( 'NONE',  ( -1.000000000000000000, 0.000000000000000000, 0.000000000000000000 ) ) ;
#808 = CARTESIAN_POINT ( 'NONE',  ( 3.810000000000000497, 7.133292349574287705, 2.699999999999999734 ) ) ;
#809 = ORIENTED_EDGE ( 'NONE', *, *, #3808, .T. ) ;
#810 = CARTESIAN_POINT ( 'NONE',  ( 3.810000000000000053, 9.449999999999999289, -0.1499999999999999944 ) ) ;
#811 = EDGE_CURVE ( 'NONE', #2443, #3072, #3378, .T. ) ;
#812 = UNCERTAINTY_MEASURE_WITH_UNIT (LENGTH_MEASURE( 1.000000000000000082E-05 ), #2763, 'distance_accuracy_value', 'NONE');
#813 = SURFACE_STYLE_FILL_AREA ( #2056 ) ;
#814 = DIRECTION ( 'NONE',  ( -1.000000000000000000, 0.000000000000000000, 0.000000000000000000 ) ) ;
#815 = FACE_OUTER_BOUND ( 'NONE', #2945, .T. ) ;
#816 = FACE_OUTER_BOUND ( 'NONE', #4083, .T. ) ;
#817 =( NAMED_UNIT ( * ) SI_UNIT ( $, .STERADIAN. ) SOLID_ANGLE_UNIT ( ) );
#818 = CARTESIAN_POINT ( 'NONE',  ( 4.244340889027863994, 6.808872517849978045, -0.1499999999999999944 ) ) ;
#819 = DIRECTION ( 'NONE',  ( -0.000000000000000000, 0.000000000000000000, 1.000000000000000000 ) ) ;
#820 = EDGE_LOOP ( 'NONE', ( #3368, #2583, #3693, #294 ) ) ;
#821 = ORIENTED_EDGE ( 'NONE', *, *, #1757, .F. ) ;
#822 = CARTESIAN_POINT ( 'NONE',  ( 4.825000000000003730, 5.739999999999999325, 4.954999999999999183 ) ) ;
#823 = ORIENTED_EDGE ( 'NONE', *, *, #3834, .F. ) ;
#824 = ORIENTED_EDGE ( 'NONE', *, *, #2989, .F. ) ;
#825 = CARTESIAN_POINT ( 'NONE',  ( 0.000000000000000000, 0.000000000000000000, 0.5000000000000001110 ) ) ;
#826 = DIRECTION ( 'NONE',  ( -0.000000000000000000, -0.000000000000000000, -1.000000000000000000 ) ) ;
#827 = EDGE_CURVE ( 'NONE', #165, #2448, #1092, .T. ) ;
#828 = CARTESIAN_POINT ( 'NONE',  ( -3.810000000000000053, 9.449999999999999289, -0.1499999999999999944 ) ) ;
#829 = EDGE_LOOP ( 'NONE', ( #3754, #3563, #1997, #4168, #1004, #3567, #3161, #2259, #1853, #3168 ) ) ;
#830 = DIRECTION ( 'NONE',  ( 1.000000000000000000, 0.000000000000000000, 0.000000000000000000 ) ) ;
#831 = CYLINDRICAL_SURFACE ( 'NONE', #793, 0.7499999999999997780 ) ;
#832 = LINE ( 'NONE', #3138, #2913 ) ;
#833 = DIRECTION ( 'NONE',  ( 0.000000000000000000, 0.000000000000000000, 1.000000000000000000 ) ) ;
#834 = VECTOR ( 'NONE', #243, 1000.000000000000000 ) ;
#835 = SURFACE_STYLE_FILL_AREA ( #2872 ) ;
#836 = EDGE_CURVE ( 'NONE', #2801, #1236, #2390, .T. ) ;
#837 = CYLINDRICAL_SURFACE ( 'NONE', #4181, 1.780000000000000027 ) ;
#838 = ORIENTED_EDGE ( 'NONE', *, *, #985, .F. ) ;
#839 = VERTEX_POINT ( 'NONE', #1410 ) ;
#840 = ORIENTED_EDGE ( 'NONE', *, *, #994, .F. ) ;
#841 = VECTOR ( 'NONE', #3610, 1000.000000000000000 ) ;
#842 = AXIS2_PLACEMENT_3D ( 'NONE', #2772, #2750, #4059 ) ;
#843 = EDGE_LOOP ( 'NONE', ( #2074, #1216, #2090, #1470 ) ) ;
#844 = EDGE_LOOP ( 'NONE', ( #2025, #3099, #473, #2468 ) ) ;
#845 = SURFACE_STYLE_USAGE ( .BOTH. , #3062 ) ;
#846 = DIRECTION ( 'NONE',  ( -1.000000000000000000, 0.000000000000000000, 0.000000000000000000 ) ) ;
#847 = DIRECTION ( 'NONE',  ( 0.000000000000000000, -1.000000000000000000, 0.000000000000000000 ) ) ;
#848 =( GEOMETRIC_REPRESENTATION_CONTEXT ( 3 ) GLOBAL_UNCERTAINTY_ASSIGNED_CONTEXT ( ( #1449 ) ) GLOBAL_UNIT_ASSIGNED_CONTEXT ( ( #2542, #1588, #1268 ) ) REPRESENTATION_CONTEXT ( 'NONE', 'WORKASPACE' ) );
#849 = DIRECTION ( 'NONE',  ( 0.000000000000000000, 0.000000000000000000, -1.000000000000000000 ) ) ;
#850 = AXIS2_PLACEMENT_3D ( 'NONE', #3511, #2539, #4178 ) ;
#851 = VERTEX_POINT ( 'NONE', #794 ) ;
#852 = DIRECTION ( 'NONE',  ( 1.000000000000000000, -0.000000000000000000, -0.000000000000000000 ) ) ;
#853 = STYLED_ITEM ( 'NONE', ( #3056 ), #2678 ) ;
#854 = DIRECTION ( 'NONE',  ( -1.000000000000000000, -0.000000000000000000, -0.000000000000000000 ) ) ;
#855 = EDGE_CURVE ( 'NONE', #1168, #1094, #2578, .T. ) ;
#856 = LINE ( 'NONE', #900, #910 ) ;
#857 = CARTESIAN_POINT ( 'NONE',  ( 0.000000000000000000, 0.2500000000000000000, 0.000000000000000000 ) ) ;
#858 = STYLED_ITEM ( 'NONE', ( #2775 ), #2700 ) ;
#859 = ORIENTED_EDGE ( 'NONE', *, *, #599, .T. ) ;
#860 = DIRECTION ( 'NONE',  ( 0.000000000000000000, -0.000000000000000000, -1.000000000000000000 ) ) ;
#861 = COLOUR_RGB ( '',0.6470588235294117974, 0.6196078431372549211, 0.5882352941176470784 ) ;
#862 = SURFACE_STYLE_FILL_AREA ( #3114 ) ;
#863 =( NAMED_UNIT ( * ) PLANE_ANGLE_UNIT ( ) SI_UNIT ( $, .RADIAN. ) );
#864 = LINE ( 'NONE', #2548, #1326 ) ;
#865 = VERTEX_POINT ( 'NONE', #3068 ) ;
#866 = ORIENTED_EDGE ( 'NONE', *, *, #1602, .T. ) ;
#867 = CARTESIAN_POINT ( 'NONE',  ( 4.825000000000001954, 1.770000000000000018, -4.955000000000000959 ) ) ;
#868 = STYLED_ITEM ( 'NONE', ( #2032 ), #4176 ) ;
#869 = CIRCLE ( 'NONE', #2520, 0.4942860299906992050 ) ;
#870 = EDGE_CURVE ( 'NONE', #4150, #1518, #1072, .T. ) ;
#871 = VECTOR ( 'NONE', #3996, 1000.000000000000000 ) ;
#872 = ORIENTED_EDGE ( 'NONE', *, *, #725, .F. ) ;
#873 = FILL_AREA_STYLE_COLOUR ( '', #1676 ) ;
#874 = FILL_AREA_STYLE_COLOUR ( '', #968 ) ;
#875 = DIRECTION ( 'NONE',  ( 0.000000000000000000, 0.000000000000000000, -1.000000000000000000 ) ) ;
#876 = EDGE_CURVE ( 'NONE', #3592, #2336, #2429, .T. ) ;
#877 = DIRECTION ( 'NONE',  ( 1.000000000000000000, -0.000000000000000000, -0.000000000000000000 ) ) ;
#878 = ORIENTED_EDGE ( 'NONE', *, *, #300, .T. ) ;
#879 = LINE ( 'NONE', #1202, #388 ) ;
#880 = AXIS2_PLACEMENT_3D ( 'NONE', #2286, #314, #969 ) ;
#881 = SURFACE_STYLE_FILL_AREA ( #2519 ) ;
#882 = CARTESIAN_POINT ( 'NONE',  ( 4.059999999999999609, 5.739999999999999325, -2.699999999999999734 ) ) ;
#883 =( NAMED_UNIT ( * ) SI_UNIT ( $, .STERADIAN. ) SOLID_ANGLE_UNIT ( ) );
#884 =( LENGTH_UNIT ( ) NAMED_UNIT ( * ) SI_UNIT ( .MILLI., .METRE. ) );
#885 = EDGE_CURVE ( 'NONE', #3833, #2342, #1871, .T. ) ;
#886 = DIRECTION ( 'NONE',  ( 1.000000000000000000, 0.000000000000000000, 0.000000000000000000 ) ) ;
#887 = EDGE_CURVE ( 'NONE', #2801, #959, #3722, .T. ) ;
#888 = SURFACE_STYLE_USAGE ( .BOTH. , #2153 ) ;
#889 = DIRECTION ( 'NONE',  ( -0.000000000000000000, -0.000000000000000000, -1.000000000000000000 ) ) ;
#890 = VERTEX_POINT ( 'NONE', #2016 ) ;
#891 = ORIENTED_EDGE ( 'NONE', *, *, #2241, .T. ) ;
#892 = VERTEX_POINT ( 'NONE', #3046 ) ;
#893 = LINE ( 'NONE', #2535, #2173 ) ;
#894 = LINE ( 'NONE', #808, #2497 ) ;
#895 = EDGE_CURVE ( 'NONE', #1014, #254, #2369, .T. ) ;
#896 = EDGE_LOOP ( 'NONE', ( #1193, #3160, #1870 ) ) ;
#897 = CARTESIAN_POINT ( 'NONE',  ( 3.982998415941970904, 0.7499999999999997780, -4.955000000000000959 ) ) ;
#898 = STYLED_ITEM ( 'NONE', ( #665 ), #307 ) ;
#899 = DIRECTION ( 'NONE',  ( -0.000000000000000000, 1.000000000000000000, 0.000000000000000000 ) ) ;
#900 = CARTESIAN_POINT ( 'NONE',  ( 4.060000000000001386, 5.739999999999999325, 2.699999999999999734 ) ) ;
#901 = CARTESIAN_POINT ( 'NONE',  ( 4.059999999999999609, 7.133292349574287705, -2.399999999999999911 ) ) ;
#902 = DIRECTION ( 'NONE',  ( -1.000000000000000000, 0.000000000000000000, 0.000000000000000000 ) ) ;
#903 =( NAMED_UNIT ( * ) PLANE_ANGLE_UNIT ( ) SI_UNIT ( $, .RADIAN. ) );
#904 = CARTESIAN_POINT ( 'NONE',  ( -3.809999999999999609, 7.133292349574287705, -2.399999999999999911 ) ) ;
#905 = LINE ( 'NONE', #3767, #244 ) ;
#906 = FILL_AREA_STYLE ('',( #4166 ) ) ;
#907 = VERTEX_POINT ( 'NONE', #3026 ) ;
#908 = ORIENTED_EDGE ( 'NONE', *, *, #3069, .F. ) ;
#909 = PLANE ( 'NONE',  #2857 ) ;
#910 = VECTOR ( 'NONE', #4121, 1000.000000000000000 ) ;
#911 = AXIS2_PLACEMENT_3D ( 'NONE', #671, #24, #2316 ) ;
#912 = ORIENTED_EDGE ( 'NONE', *, *, #379, .F. ) ;
#913 = DIRECTION ( 'NONE',  ( -0.000000000000000000, -0.000000000000000000, -1.000000000000000000 ) ) ;
#914 = VERTEX_POINT ( 'NONE', #2039 ) ;
#915 = LINE ( 'NONE', #1627, #3044 ) ;
#916 = STYLED_ITEM ( 'NONE', ( #1546 ), #1990 ) ;
#917 = ADVANCED_FACE ( 'NONE', ( #2726 ), #138, .T. ) ;
#918 = AXIS2_PLACEMENT_3D ( 'NONE', #3572, #3214, #1584 ) ;
#919 = LINE ( 'NONE', #4143, #3459 ) ;
#920 = FILL_AREA_STYLE_COLOUR ( '', #3037 ) ;
#921 = LINE ( 'NONE', #1498, #2762 ) ;
#922 = FACE_BOUND ( 'NONE', #974, .T. ) ;
#923 = DIRECTION ( 'NONE',  ( 0.000000000000000000, 1.000000000000000000, 0.000000000000000000 ) ) ;
#924 =( GEOMETRIC_REPRESENTATION_CONTEXT ( 3 ) GLOBAL_UNCERTAINTY_ASSIGNED_CONTEXT ( ( #1369 ) ) GLOBAL_UNIT_ASSIGNED_CONTEXT ( ( #2292, #279, #936 ) ) REPRESENTATION_CONTEXT ( 'NONE', 'WORKASPACE' ) );
#925 = PRESENTATION_LAYER_ASSIGNMENT (  '', '', ( #1204 ) ) ;
#926 = FACE_OUTER_BOUND ( 'NONE', #3119, .T. ) ;
#927 = CARTESIAN_POINT ( 'NONE',  ( 4.060000000000000497, 5.739999999999999325, -0.1499999999999999944 ) ) ;
#928 = DIRECTION ( 'NONE',  ( 0.000000000000000000, 0.000000000000000000, -1.000000000000000000 ) ) ;
#929 = ORIENTED_EDGE ( 'NONE', *, *, #31, .F. ) ;
#930 = ORIENTED_EDGE ( 'NONE', *, *, #1282, .F. ) ;
#931 = PLANE ( 'NONE',  #2309 ) ;
#932 = CIRCLE ( 'NONE', #184, 0.7499999999999997780 ) ;
#933 = AXIS2_PLACEMENT_3D ( 'NONE', #1421, #2735, #2445 ) ;
#934 = VECTOR ( 'NONE', #1802, 1000.000000000000000 ) ;
#935 = ORIENTED_EDGE ( 'NONE', *, *, #3092, .F. ) ;
#936 =( NAMED_UNIT ( * ) SI_UNIT ( $, .STERADIAN. ) SOLID_ANGLE_UNIT ( ) );
#937 = DIRECTION ( 'NONE',  ( -1.000000000000000000, 0.000000000000000000, 0.000000000000000000 ) ) ;
#938 = UNCERTAINTY_MEASURE_WITH_UNIT (LENGTH_MEASURE( 1.000000000000000082E-05 ), #2935, 'distance_accuracy_value', 'NONE');
#939 = EDGE_CURVE ( 'NONE', #1770, #3712, #770, .T. ) ;
#940 = ORIENTED_EDGE ( 'NONE', *, *, #454, .F. ) ;
#941 = CARTESIAN_POINT ( 'NONE',  ( -4.824999999999998401, 1.770000000000000018, -4.955000000000000959 ) ) ;
#942 = VERTEX_POINT ( 'NONE', #2704 ) ;
#943 = PRESENTATION_LAYER_ASSIGNMENT (  '', '', ( #2386 ) ) ;
#944 = APPLICATION_CONTEXT ( 'automotive_design' ) ;
#945 = DIRECTION ( 'NONE',  ( -1.000000000000000000, 0.000000000000000000, 0.000000000000000000 ) ) ;
#946 = ADVANCED_FACE ( 'NONE', ( #1761 ), #3990, .T. ) ;
#947 = DIRECTION ( 'NONE',  ( 0.000000000000000000, 0.000000000000000000, 1.000000000000000000 ) ) ;
#948 = SURFACE_SIDE_STYLE ('',( #3871 ) ) ;
#949 = LINE ( 'NONE', #1522, #3864 ) ;
#950 = LINE ( 'NONE', #3580, #600 ) ;
#951 = FACE_OUTER_BOUND ( 'NONE', #679, .T. ) ;
#952 = LINE ( 'NONE', #623, #576 ) ;
#953 = ORIENTED_EDGE ( 'NONE', *, *, #3743, .F. ) ;
#954 = ORIENTED_EDGE ( 'NONE', *, *, #1079, .T. ) ;
#955 = DIRECTION ( 'NONE',  ( 0.000000000000000000, -1.000000000000000000, 0.000000000000000000 ) ) ;
#956 = ORIENTED_EDGE ( 'NONE', *, *, #446, .T. ) ;
#957 = DIRECTION ( 'NONE',  ( 1.000000000000000000, 0.000000000000000000, 0.000000000000000000 ) ) ;
#958 = CARTESIAN_POINT ( 'NONE',  ( -4.059999999999999609, 6.484452686125668386, -2.699999999999999734 ) ) ;
#959 = VERTEX_POINT ( 'NONE', #179 ) ;
#960 = ORIENTED_EDGE ( 'NONE', *, *, #3980, .F. ) ;
#961 = DIRECTION ( 'NONE',  ( -0.8267376964186788912, 0.000000000000000000, 0.5625875765783816540 ) ) ;
#962 = ADVANCED_FACE ( 'NONE', ( #1520 ), #3826, .F. ) ;
#963 = CARTESIAN_POINT ( 'NONE',  ( -4.244340889027863994, 6.808872517849978045, 0.1499999999999999944 ) ) ;
#964 = CARTESIAN_POINT ( 'NONE',  ( 0.000000000000000000, 0.7500000000000000000, 0.000000000000000000 ) ) ;
#965 = DIRECTION ( 'NONE',  ( 0.000000000000000000, -1.000000000000000000, 0.000000000000000000 ) ) ;
#966 = EDGE_CURVE ( 'NONE', #1518, #839, #856, .T. ) ;
#967 = DIRECTION ( 'NONE',  ( 1.000000000000000000, 0.000000000000000000, 0.000000000000000000 ) ) ;
#968 = COLOUR_RGB ( '',0.6470588235294117974, 0.6196078431372549211, 0.5882352941176470784 ) ;
#969 = DIRECTION ( 'NONE',  ( 0.000000000000000000, 0.000000000000000000, -1.000000000000000000 ) ) ;
#970 = FILL_AREA_STYLE_COLOUR ( '', #2696 ) ;
#971 = VERTEX_POINT ( 'NONE', #1249 ) ;
#972 = DIRECTION ( 'NONE',  ( 1.000000000000000000, 0.000000000000000000, 0.000000000000000000 ) ) ;
#973 = VECTOR ( 'NONE', #101, 1000.000000000000000 ) ;
#974 = EDGE_LOOP ( 'NONE', ( #3146, #2846, #3633, #3208, #1638, #3499, #935, #570 ) ) ;
#975 = ORIENTED_EDGE ( 'NONE', *, *, #499, .F. ) ;
#976 = CARTESIAN_POINT ( 'NONE',  ( 1.708332520325009707, 0.000000000000000000, 0.5000000000000000000 ) ) ;
#977 = VERTEX_POINT ( 'NONE', #496 ) ;
#978 = AXIS2_PLACEMENT_3D ( 'NONE', #1515, #1198, #2673 ) ;
#979 = DIRECTION ( 'NONE',  ( 0.000000000000000000, 0.000000000000000000, 1.000000000000000000 ) ) ;
#980 = STYLED_ITEM ( 'NONE', ( #1098 ), #1499 ) ;
#981 = CARTESIAN_POINT ( 'NONE',  ( 0.000000000000000000, 0.000000000000000000, -1.899999999999999911 ) ) ;
#982 = CARTESIAN_POINT ( 'NONE',  ( -4.324999999999999289, 0.7500000000000000000, 3.705000000000000071 ) ) ;
#983 = CARTESIAN_POINT ( 'NONE',  ( 2.167624834490815307E-16, 0.000000000000000000, 1.770000000000000018 ) ) ;
#984 = PRODUCT_DEFINITION_CONTEXT ( 'detailed design', #944, 'design' ) ;
#985 = EDGE_CURVE ( 'NONE', #2029, #2751, #3197, .T. ) ;
#986 =( NAMED_UNIT ( * ) SI_UNIT ( $, .STERADIAN. ) SOLID_ANGLE_UNIT ( ) );
#987 = FILL_AREA_STYLE ('',( #1613 ) ) ;
#988 = CIRCLE ( 'NONE', #3376, 1.629999999999999893 ) ;
#989 = ORIENTED_EDGE ( 'NONE', *, *, #3408, .T. ) ;
#990 = DIRECTION ( 'NONE',  ( -0.000000000000000000, -0.000000000000000000, -1.000000000000000000 ) ) ;
#991 = MECHANICAL_DESIGN_GEOMETRIC_PRESENTATION_REPRESENTATION (  '', ( #3314 ), #2446 ) ;
#992 = CARTESIAN_POINT ( 'NONE',  ( -4.060000000000000497, 5.739999999999999325, 0.1499999999999999944 ) ) ;
#993 = CARTESIAN_POINT ( 'NONE',  ( 0.4972259597883800786, -4.349999999999999645, -0.6360909047471663413 ) ) ;
#994 = EDGE_CURVE ( 'NONE', #1258, #2953, #1231, .T. ) ;
#995 = VERTEX_POINT ( 'NONE', #1569 ) ;
#996 = LINE ( 'NONE', #2957, #1337 ) ;
#997 = ORIENTED_EDGE ( 'NONE', *, *, #2656, .T. ) ;
#998 = STYLED_ITEM ( 'NONE', ( #1336 ), #2863 ) ;
#999 = CARTESIAN_POINT ( 'NONE',  ( -3.810000000000000497, 7.133292349574287705, 2.699999999999999734 ) ) ;
#1000 = APPLICATION_CONTEXT ( 'automotive_design' ) ;
#1001 =( GEOMETRIC_REPRESENTATION_CONTEXT ( 3 ) GLOBAL_UNCERTAINTY_ASSIGNED_CONTEXT ( ( #1290 ) ) GLOBAL_UNIT_ASSIGNED_CONTEXT ( ( #884, #3175, #2886 ) ) REPRESENTATION_CONTEXT ( 'NONE', 'WORKASPACE' ) );
#1002 = ORIENTED_EDGE ( 'NONE', *, *, #3349, .T. ) ;
#1003 =( NAMED_UNIT ( * ) SI_UNIT ( $, .STERADIAN. ) SOLID_ANGLE_UNIT ( ) );
#1004 = ORIENTED_EDGE ( 'NONE', *, *, #3652, .F. ) ;
#1005 = AXIS2_PLACEMENT_3D ( 'NONE', #2036, #847, #1815 ) ;
#1006 = EDGE_CURVE ( 'NONE', #3746, #3241, #4096, .T. ) ;
#1007 =( NAMED_UNIT ( * ) SI_UNIT ( $, .STERADIAN. ) SOLID_ANGLE_UNIT ( ) );
#1008 = SURFACE_STYLE_USAGE ( .BOTH. , #2239 ) ;
#1009 = VECTOR ( 'NONE', #2128, 1000.000000000000000 ) ;
#1010 = DIRECTION ( 'NONE',  ( 1.000000000000000000, 0.000000000000000000, -0.000000000000000000 ) ) ;
#1011 = FACE_OUTER_BOUND ( 'NONE', #443, .T. ) ;
#1012 = CARTESIAN_POINT ( 'NONE',  ( -3.809999999999999609, 7.133292349574287705, -2.399999999999999911 ) ) ;
#1013 = DIRECTION ( 'NONE',  ( -0.000000000000000000, -0.000000000000000000, -1.000000000000000000 ) ) ;
#1014 = VERTEX_POINT ( 'NONE', #2541 ) ;
#1015 = LINE ( 'NONE', #3606, #654 ) ;
#1016 = ADVANCED_FACE ( 'NONE', ( #3516 ), #3109, .F. ) ;
#1017 = DIRECTION ( 'NONE',  ( 0.000000000000000000, -0.000000000000000000, -1.000000000000000000 ) ) ;
#1018 = FILL_AREA_STYLE ('',( #714 ) ) ;
#1019 = ORIENTED_EDGE ( 'NONE', *, *, #3444, .F. ) ;
#1020 = PRESENTATION_STYLE_ASSIGNMENT (( #3268 ) ) ;
#1021 = EDGE_LOOP ( 'NONE', ( #2484, #3786, #3104, #2559 ) ) ;
#1022 = ORIENTED_EDGE ( 'NONE', *, *, #2203, .F. ) ;
#1023 = LINE ( 'NONE', #2030, #1884 ) ;
#1024 = ORIENTED_EDGE ( 'NONE', *, *, #2962, .F. ) ;
#1025 = ADVANCED_FACE ( 'NONE', ( #1497 ), #1475, .T. ) ;
#1026 = ADVANCED_FACE ( 'NONE', ( #3171 ), #3137, .F. ) ;
#1027 = SURFACE_SIDE_STYLE ('',( #1709 ) ) ;
#1028 = LINE ( 'NONE', #2347, #3630 ) ;
#1029 = FILL_AREA_STYLE ('',( #3950 ) ) ;
#1030 = DIRECTION ( 'NONE',  ( 0.000000000000000000, -1.000000000000000000, 0.000000000000000000 ) ) ;
#1031 = PLANE ( 'NONE',  #3985 ) ;
#1032 = ORIENTED_EDGE ( 'NONE', *, *, #1523, .F. ) ;
#1033 = CARTESIAN_POINT ( 'NONE',  ( 3.810000000000000053, 9.449999999999999289, 0.1499999999999999944 ) ) ;
#1034 = PRESENTATION_LAYER_ASSIGNMENT (  '', '', ( #1992 ) ) ;
#1035 = DIRECTION ( 'NONE',  ( 0.8164558853645009773, 0.000000000000000000, 0.5774078171047468677 ) ) ;
#1036 = DIRECTION ( 'NONE',  ( 1.000000000000000000, 0.000000000000000000, 0.000000000000000000 ) ) ;
#1037 = ORIENTED_EDGE ( 'NONE', *, *, #741, .F. ) ;
#1038 = ADVANCED_FACE ( 'NONE', ( #1847 ), #2835, .F. ) ;
#1039 = ADVANCED_FACE ( 'NONE', ( #1973 ), #2281, .T. ) ;
#1040 = ORIENTED_EDGE ( 'NONE', *, *, #1765, .T. ) ;
#1041 = SURFACE_SIDE_STYLE ('',( #3650 ) ) ;
#1042 =( LENGTH_UNIT ( ) NAMED_UNIT ( * ) SI_UNIT ( .MILLI., .METRE. ) );
#1043 = DIRECTION ( 'NONE',  ( 0.000000000000000000, 0.000000000000000000, 1.000000000000000000 ) ) ;
#1044 =( NAMED_UNIT ( * ) PLANE_ANGLE_UNIT ( ) SI_UNIT ( $, .RADIAN. ) );
#1045 = MECHANICAL_DESIGN_GEOMETRIC_PRESENTATION_REPRESENTATION (  '', ( #1451 ), #3305 ) ;
#1046 = EDGE_CURVE ( 'NONE', #3981, #977, #3575, .T. ) ;
#1047 =( NAMED_UNIT ( * ) SI_UNIT ( $, .STERADIAN. ) SOLID_ANGLE_UNIT ( ) );
#1048 = CARTESIAN_POINT ( 'NONE',  ( 4.244340889027864883, 6.808872517849978045, 2.699999999999999734 ) ) ;
#1049 = LINE ( 'NONE', #1388, #2010 ) ;
#1050 = EDGE_LOOP ( 'NONE', ( #53, #3854, #1706, #3329 ) ) ;
#1051 =( NAMED_UNIT ( * ) SI_UNIT ( $, .STERADIAN. ) SOLID_ANGLE_UNIT ( ) );
#1052 = PRODUCT ( '94HBB08T', '94HBB08T', '', ( #2139 ) ) ;
#1053 = STYLED_ITEM ( 'NONE', ( #1332 ), #1746 ) ;
#1054 = EDGE_CURVE ( 'NONE', #517, #1129, #374, .T. ) ;
#1055 = DIRECTION ( 'NONE',  ( 0.000000000000000000, -0.000000000000000000, -1.000000000000000000 ) ) ;
#1056 = VECTOR ( 'NONE', #852, 1000.000000000000000 ) ;
#1057 = ORIENTED_EDGE ( 'NONE', *, *, #3466, .F. ) ;
#1058 = DIRECTION ( 'NONE',  ( -1.000000000000000000, 0.000000000000000000, 0.000000000000000000 ) ) ;
#1059 = AXIS2_PLACEMENT_3D ( 'NONE', #1653, #2968, #340 ) ;
#1060 = COLOUR_RGB ( '',0.6470588235294117974, 0.6196078431372549211, 0.5882352941176470784 ) ;
#1061 = VERTEX_POINT ( 'NONE', #1325 ) ;
#1062 = DIRECTION ( 'NONE',  ( 0.000000000000000000, -1.000000000000000000, 0.000000000000000000 ) ) ;
#1063 = PLANE ( 'NONE',  #2554 ) ;
#1064 = EDGE_CURVE ( 'NONE', #1786, #1705, #3907, .T. ) ;
#1065 = CIRCLE ( 'NONE', #3471, 0.4942860299906992050 ) ;
#1066 = CARTESIAN_POINT ( 'NONE',  ( -4.824999999999998401, 0.7500000000000000000, -4.955000000000000959 ) ) ;
#1067 = LINE ( 'NONE', #1989, #2485 ) ;
#1068 = VECTOR ( 'NONE', #4042, 1000.000000000000000 ) ;
#1069 = UNCERTAINTY_MEASURE_WITH_UNIT (LENGTH_MEASURE( 1.000000000000000082E-05 ), #3551, 'distance_accuracy_value', 'NONE');
#1070 = STYLED_ITEM ( 'NONE', ( #799 ), #3732 ) ;
#1071 = LINE ( 'NONE', #2681, #2516 ) ;
#1072 = LINE ( 'NONE', #1429, #500 ) ;
#1073 = PLANE ( 'NONE',  #577 ) ;
#1074 = VERTEX_POINT ( 'NONE', #3929 ) ;
#1075 = DIRECTION ( 'NONE',  ( -0.000000000000000000, -1.000000000000000000, -0.000000000000000000 ) ) ;
#1076 =( GEOMETRIC_REPRESENTATION_CONTEXT ( 3 ) GLOBAL_UNCERTAINTY_ASSIGNED_CONTEXT ( ( #642 ) ) GLOBAL_UNIT_ASSIGNED_CONTEXT ( ( #3262, #3912, #986 ) ) REPRESENTATION_CONTEXT ( 'NONE', 'WORKASPACE' ) );
#1077 = DIRECTION ( 'NONE',  ( -0.000000000000000000, -1.000000000000000000, -0.000000000000000000 ) ) ;
#1078 = DIRECTION ( 'NONE',  ( 1.000000000000000000, 0.000000000000000000, -0.000000000000000000 ) ) ;
#1079 = EDGE_CURVE ( 'NONE', #3224, #3461, #1936, .T. ) ;
#1080 = DIRECTION ( 'NONE',  ( 0.000000000000000000, 1.000000000000000000, 0.000000000000000000 ) ) ;
#1081 = ORIENTED_EDGE ( 'NONE', *, *, #3781, .T. ) ;
#1082 = EDGE_LOOP ( 'NONE', ( #2114, #3946, #1441, #2733 ) ) ;
#1083 = LINE ( 'NONE', #3941, #2991 ) ;
#1084 = ORIENTED_EDGE ( 'NONE', *, *, #493, .T. ) ;
#1085 = DIRECTION ( 'NONE',  ( 0.000000000000000000, 0.000000000000000000, -1.000000000000000000 ) ) ;
#1086 = DIRECTION ( 'NONE',  ( 1.000000000000000000, 0.000000000000000000, 0.000000000000000000 ) ) ;
#1087 =( NAMED_UNIT ( * ) SI_UNIT ( $, .STERADIAN. ) SOLID_ANGLE_UNIT ( ) );
#1088 = ORIENTED_EDGE ( 'NONE', *, *, #2602, .F. ) ;
#1089 = B_SPLINE_CURVE_WITH_KNOTS ( 'NONE', 3,
 ( #1778, #790, #2100, #474 ),
 .UNSPECIFIED., .F., .F.,
 ( 4, 4 ),
 ( 0.000000000000000000, 0.0002170758974649435386 ),
 .UNSPECIFIED. ) ;
#1090 = EDGE_CURVE ( 'NONE', #2723, #3480, #2262, .T. ) ;
#1091 = CARTESIAN_POINT ( 'NONE',  ( 3.575000000000004174, 1.770000000000000018, 3.704999999999999183 ) ) ;
#1092 = LINE ( 'NONE', #2435, #2818 ) ;
#1093 = LINE ( 'NONE', #3343, #47 ) ;
#1094 = VERTEX_POINT ( 'NONE', #1586 ) ;
#1095 = CARTESIAN_POINT ( 'NONE',  ( -3.810000000000000497, 5.739999999999999325, 2.699999999999999734 ) ) ;
#1096 = PLANE ( 'NONE',  #3264 ) ;
#1097 = CARTESIAN_POINT ( 'NONE',  ( -3.810000000000000053, 6.484452686125668386, 0.1499999999999999944 ) ) ;
#1098 = PRESENTATION_STYLE_ASSIGNMENT (( #4081 ) ) ;
#1099 = EDGE_LOOP ( 'NONE', ( #1924, #3292, #1900, #1754 ) ) ;
#1100 = EDGE_LOOP ( 'NONE', ( #4091, #809, #2890, #3728 ) ) ;
#1101 = FILL_AREA_STYLE_COLOUR ( '', #1060 ) ;
#1102 = AXIS2_PLACEMENT_3D ( 'NONE', #1840, #806, #170 ) ;
#1103 = ORIENTED_EDGE ( 'NONE', *, *, #618, .T. ) ;
#1104 = LINE ( 'NONE', #1490, #717 ) ;
#1105 = CARTESIAN_POINT ( 'NONE',  ( -0.6483549111549219424, -4.500000000000000000, -0.3743278824857100284 ) ) ;
#1106 = FILL_AREA_STYLE ('',( #2739 ) ) ;
#1107 = ORIENTED_EDGE ( 'NONE', *, *, #3478, .F. ) ;
#1108 = LINE ( 'NONE', #4047, #1737 ) ;
#1109 = PRESENTATION_LAYER_ASSIGNMENT (  '', '', ( #1184 ) ) ;
#1110 = UNCERTAINTY_MEASURE_WITH_UNIT (LENGTH_MEASURE( 1.000000000000000082E-05 ), #2319, 'distance_accuracy_value', 'NONE');
#1111 = ORIENTED_EDGE ( 'NONE', *, *, #3865, .F. ) ;
#1112 = SURFACE_SIDE_STYLE ('',( #813 ) ) ;
#1113 = DIRECTION ( 'NONE',  ( 1.000000000000000000, 0.000000000000000000, 0.000000000000000000 ) ) ;
#1114 = AXIS2_PLACEMENT_3D ( 'NONE', #136, #415, #1043 ) ;
#1115 = FACE_OUTER_BOUND ( 'NONE', #137, .T. ) ;
#1116 = ORIENTED_EDGE ( 'NONE', *, *, #606, .F. ) ;
#1117 = DIRECTION ( 'NONE',  ( 0.7071067811865463515, 0.000000000000000000, 0.7071067811865487940 ) ) ;
#1118 = ADVANCED_FACE ( 'NONE', ( #2302 ), #2902, .T. ) ;
#1119 = MECHANICAL_DESIGN_GEOMETRIC_PRESENTATION_REPRESENTATION (  '', ( #980 ), #2078 ) ;
#1120 = DIRECTION ( 'NONE',  ( 1.000000000000000000, -0.000000000000000000, -0.000000000000000000 ) ) ;
#1121 = DIRECTION ( 'NONE',  ( 0.7071067811865487940, -0.000000000000000000, -0.7071067811865463515 ) ) ;
#1122 = FACE_OUTER_BOUND ( 'NONE', #164, .T. ) ;
#1123 = VECTOR ( 'NONE', #1898, 1000.000000000000000 ) ;
#1124 = ORIENTED_EDGE ( 'NONE', *, *, #2731, .T. ) ;
#1125 = ORIENTED_EDGE ( 'NONE', *, *, #319, .F. ) ;
#1126 = FILL_AREA_STYLE ('',( #1101 ) ) ;
#1127 = AXIS2_PLACEMENT_3D ( 'NONE', #2563, #3848, #2195 ) ;
#1128 = ADVANCED_FACE ( 'NONE', ( #1631 ), #3272, .F. ) ;
#1129 = VERTEX_POINT ( 'NONE', #2054 ) ;
#1130 = CARTESIAN_POINT ( 'NONE',  ( 4.825000000000003730, 0.7500000000000000000, 4.954999999999999183 ) ) ;
#1131 = AXIS2_PLACEMENT_3D ( 'NONE', #2070, #1403, #678 ) ;
#1132 = DIRECTION ( 'NONE',  ( -1.000000000000000000, 0.000000000000000000, -0.000000000000000000 ) ) ;
#1133 = PLANE ( 'NONE',  #2933 ) ;
#1134 = AXIS2_PLACEMENT_3D ( 'NONE', #3765, #902, #833 ) ;
#1135 = AXIS2_PLACEMENT_3D ( 'NONE', #3462, #1839, #215 ) ;
#1136 = CARTESIAN_POINT ( 'NONE',  ( 4.325000000000004619, 1.770000000000000018, 4.454999999999999183 ) ) ;
#1137 = EDGE_LOOP ( 'NONE', ( #504, #821, #1834, #2637, #2571, #824, #3780, #1298 ) ) ;
#1138 = DIRECTION ( 'NONE',  ( -1.000000000000000000, 0.000000000000000000, 0.000000000000000000 ) ) ;
#1139 = MECHANICAL_DESIGN_GEOMETRIC_PRESENTATION_REPRESENTATION (  '', ( #998 ), #1401 ) ;
#1140 = CARTESIAN_POINT ( 'NONE',  ( 3.688635479482726076, 6.808872517849978045, 2.699999999999999734 ) ) ;
#1141 = CARTESIAN_POINT ( 'NONE',  ( 4.825000000000001954, 0.7500000000000000000, -4.955000000000000959 ) ) ;
#1142 = AXIS2_PLACEMENT_3D ( 'NONE', #3156, #1501, #2218 ) ;
#1143 = CARTESIAN_POINT ( 'NONE',  ( 4.244340889027864883, 6.808872517849978045, 2.699999999999999734 ) ) ;
#1144 = ORIENTED_EDGE ( 'NONE', *, *, #234, .F. ) ;
#1145 = CARTESIAN_POINT ( 'NONE',  ( -4.060000000000001386, 9.449999999999999289, 2.699999999999999734 ) ) ;
#1146 = AXIS2_PLACEMENT_3D ( 'NONE', #3974, #1077, #1980 ) ;
#1147 = DIRECTION ( 'NONE',  ( -0.000000000000000000, -1.000000000000000000, -0.000000000000000000 ) ) ;
#1148 = DIRECTION ( 'NONE',  ( -1.000000000000000000, 0.000000000000000000, 0.000000000000000000 ) ) ;
#1149 = AXIS2_PLACEMENT_3D ( 'NONE', #2545, #3495, #564 ) ;
#1150 = ORIENTED_EDGE ( 'NONE', *, *, #3340, .F. ) ;
#1151 = ORIENTED_EDGE ( 'NONE', *, *, #2691, .F. ) ;
#1152 = EDGE_CURVE ( 'NONE', #1263, #2575, #2974, .T. ) ;
#1153 = VERTEX_POINT ( 'NONE', #152 ) ;
#1154 = CYLINDRICAL_SURFACE ( 'NONE', #3290, 0.7499999999999997780 ) ;
#1155 = DIRECTION ( 'NONE',  ( 0.000000000000000000, 1.000000000000000000, 0.000000000000000000 ) ) ;
#1156 = CARTESIAN_POINT ( 'NONE',  ( 3.810000000000000053, 5.739999999999999325, -0.1499999999999999944 ) ) ;
#1157 = ORIENTED_EDGE ( 'NONE', *, *, #288, .T. ) ;
#1158 = CYLINDRICAL_SURFACE ( 'NONE', #4119, 1.780000000000000027 ) ;
#1159 = ADVANCED_FACE ( 'NONE', ( #3373, #2721 ), #3677, .T. ) ;
#1160 = CARTESIAN_POINT ( 'NONE',  ( 4.244340889027863994, 6.808872517849978045, -2.699999999999999734 ) ) ;
#1161 = CARTESIAN_POINT ( 'NONE',  ( -4.059999999999999609, 9.449999999999999289, -2.699999999999999734 ) ) ;
#1162 = SURFACE_STYLE_USAGE ( .BOTH. , #581 ) ;
#1163 = CARTESIAN_POINT ( 'NONE',  ( -3.809999999999999609, 7.133292349574287705, -2.399999999999999911 ) ) ;
#1164 = DIRECTION ( 'NONE',  ( -0.000000000000000000, -1.000000000000000000, -0.000000000000000000 ) ) ;
#1165 = DIRECTION ( 'NONE',  ( -0.000000000000000000, -0.000000000000000000, -1.000000000000000000 ) ) ;
#1166 =( NAMED_UNIT ( * ) PLANE_ANGLE_UNIT ( ) SI_UNIT ( $, .RADIAN. ) );
#1167 = ORIENTED_EDGE ( 'NONE', *, *, #1054, .F. ) ;
#1168 = VERTEX_POINT ( 'NONE', #2664 ) ;
#1169 = VERTEX_POINT ( 'NONE', #2406 ) ;
#1170 = DIRECTION ( 'NONE',  ( -0.000000000000000000, -0.000000000000000000, -1.000000000000000000 ) ) ;
#1171 = ADVANCED_FACE ( 'NONE', ( #2033 ), #2073, .F. ) ;
#1172 = VECTOR ( 'NONE', #3296, 1000.000000000000000 ) ;
#1173 = AXIS2_PLACEMENT_3D ( 'NONE', #1975, #2055, #724 ) ;
#1174 = LINE ( 'NONE', #1136, #4037 ) ;
#1175 = ORIENTED_EDGE ( 'NONE', *, *, #433, .T. ) ;
#1176 = DIRECTION ( 'NONE',  ( -1.000000000000000000, 0.000000000000000000, -0.000000000000000000 ) ) ;
#1177 = AXIS2_PLACEMENT_3D ( 'NONE', #3668, #3688, #2440 ) ;
#1178 = DIRECTION ( 'NONE',  ( 1.000000000000000000, 0.000000000000000000, -0.000000000000000000 ) ) ;
#1179 = EDGE_CURVE ( 'NONE', #2595, #3878, #1730, .T. ) ;
#1180 = CARTESIAN_POINT ( 'NONE',  ( -3.809999999999999609, 6.484452686125668386, -2.399999999999999911 ) ) ;
#1181 = EDGE_CURVE ( 'NONE', #318, #890, #91, .T. ) ;
#1182 = LINE ( 'NONE', #1465, #1651 ) ;
#1183 = DIRECTION ( 'NONE',  ( -0.000000000000000000, -0.000000000000000000, -1.000000000000000000 ) ) ;
#1184 = STYLED_ITEM ( 'NONE', ( #3619 ), #1118 ) ;
#1185 = DIRECTION ( 'NONE',  ( 0.4999999999999999445, 0.000000000000000000, -0.8660254037844387076 ) ) ;
#1186 = CARTESIAN_POINT ( 'NONE',  ( 4.059999999999999609, 5.739999999999999325, -2.399999999999999911 ) ) ;
#1187 = VERTEX_POINT ( 'NONE', #1753 ) ;
#1188 = ORIENTED_EDGE ( 'NONE', *, *, #1937, .T. ) ;
#1189 = DIRECTION ( 'NONE',  ( 0.000000000000000000, -1.000000000000000000, -0.000000000000000000 ) ) ;
#1190 = CIRCLE ( 'NONE', #3579, 0.4942860299906992050 ) ;
#1191 = EDGE_CURVE ( 'NONE', #1560, #907, #173, .T. ) ;
#1192 = AXIS2_PLACEMENT_3D ( 'NONE', #21, #2269, #1353 ) ;
#1193 = ORIENTED_EDGE ( 'NONE', *, *, #3817, .T. ) ;
#1194 = CARTESIAN_POINT ( 'NONE',  ( 4.060000000000001386, 5.739999999999999325, 2.399999999999999911 ) ) ;
#1195 = SURFACE_STYLE_USAGE ( .BOTH. , #4110 ) ;
#1196 = DIRECTION ( 'NONE',  ( 0.000000000000000000, 0.000000000000000000, -1.000000000000000000 ) ) ;
#1197 = CIRCLE ( 'NONE', #4043, 0.3731350835603809424 ) ;
#1198 = DIRECTION ( 'NONE',  ( 0.000000000000000000, -1.000000000000000000, 0.000000000000000000 ) ) ;
#1199 = AXIS2_PLACEMENT_3D ( 'NONE', #3925, #3616, #3694 ) ;
#1200 = ORIENTED_EDGE ( 'NONE', *, *, #787, .F. ) ;
#1201 = EDGE_CURVE ( 'NONE', #2553, #3698, #3758, .T. ) ;
#1202 = CARTESIAN_POINT ( 'NONE',  ( 3.810000000000000497, 5.739999999999999325, 2.699999999999999734 ) ) ;
#1203 = EDGE_CURVE ( 'NONE', #3707, #1236, #515, .T. ) ;
#1204 = STYLED_ITEM ( 'NONE', ( #497 ), #2 ) ;
#1205 = SURFACE_STYLE_FILL_AREA ( #3153 ) ;
#1206 = FILL_AREA_STYLE_COLOUR ( '', #3710 ) ;
#1207 = CARTESIAN_POINT ( 'NONE',  ( 4.060000000000000497, 7.133292349574287705, 0.1499999999999999944 ) ) ;
#1208 = STYLED_ITEM ( 'NONE', ( #2133 ), #2718 ) ;
#1209 = FILL_AREA_STYLE ('',( #2126 ) ) ;
#1210 = DIRECTION ( 'NONE',  ( 1.000000000000000000, 0.000000000000000000, 0.000000000000000000 ) ) ;
#1211 = CIRCLE ( 'NONE', #2169, 0.3731350835603809424 ) ;
#1212 = PRESENTATION_LAYER_ASSIGNMENT (  '', '', ( #3731 ) ) ;
#1213 = CARTESIAN_POINT ( 'NONE',  ( -4.060000000000000497, 7.133292349574287705, 0.1499999999999999944 ) ) ;
#1214 = DIRECTION ( 'NONE',  ( -1.000000000000000000, 0.000000000000000000, 0.000000000000000000 ) ) ;
#1215 = CARTESIAN_POINT ( 'NONE',  ( 4.244340889027864883, 6.808872517849978045, 2.399999999999999911 ) ) ;
#1216 = ORIENTED_EDGE ( 'NONE', *, *, #2094, .T. ) ;
#1217 = ORIENTED_EDGE ( 'NONE', *, *, #4062, .T. ) ;
#1218 = DIRECTION ( 'NONE',  ( 0.000000000000000000, 0.000000000000000000, -1.000000000000000000 ) ) ;
#1219 = ORIENTED_EDGE ( 'NONE', *, *, #143, .F. ) ;
#1220 = VECTOR ( 'NONE', #1155, 1000.000000000000000 ) ;
#1221 = EDGE_CURVE ( 'NONE', #2891, #2752, #2830, .T. ) ;
#1222 = AXIS2_PLACEMENT_3D ( 'NONE', #1930, #886, #3237 ) ;
#1223 = ORIENTED_EDGE ( 'NONE', *, *, #45, .F. ) ;
#1224 = CARTESIAN_POINT ( 'NONE',  ( 4.244340889027863994, 6.808872517849978045, -2.399999999999999911 ) ) ;
#1225 = DIRECTION ( 'NONE',  ( -0.000000000000000000, -0.000000000000000000, -1.000000000000000000 ) ) ;
#1226 = ORIENTED_EDGE ( 'NONE', *, *, #3904, .T. ) ;
#1227 = DIRECTION ( 'NONE',  ( 0.000000000000000000, 0.000000000000000000, 1.000000000000000000 ) ) ;
#1228 = PRESENTATION_LAYER_ASSIGNMENT (  '', '', ( #1837 ) ) ;
#1229 = EDGE_CURVE ( 'NONE', #3960, #1564, #3192, .T. ) ;
#1230 =( NAMED_UNIT ( * ) PLANE_ANGLE_UNIT ( ) SI_UNIT ( $, .RADIAN. ) );
#1231 = LINE ( 'NONE', #2790, #1320 ) ;
#1232 = EDGE_LOOP ( 'NONE', ( #3028, #2001, #3455, #4000, #1605, #595, #380, #3095, #2820, #2776 ) ) ;
#1233 = CARTESIAN_POINT ( 'NONE',  ( 4.060000000000000497, 6.484452686125668386, 0.1499999999999999944 ) ) ;
#1234 = DIRECTION ( 'NONE',  ( 1.000000000000000000, 0.000000000000000000, 0.000000000000000000 ) ) ;
#1235 = DIRECTION ( 'NONE',  ( 1.000000000000000000, 0.000000000000000000, 0.000000000000000000 ) ) ;
#1236 = VERTEX_POINT ( 'NONE', #828 ) ;
#1237 = ORIENTED_EDGE ( 'NONE', *, *, #2394, .F. ) ;
#1238 = CARTESIAN_POINT ( 'NONE',  ( 4.244340889027863994, 6.808872517849978045, 0.1499999999999999944 ) ) ;
#1239 = ORIENTED_EDGE ( 'NONE', *, *, #2558, .F. ) ;
#1240 = EDGE_CURVE ( 'NONE', #2356, #2042, #1883, .T. ) ;
#1241 = ORIENTED_EDGE ( 'NONE', *, *, #422, .T. ) ;
#1242 = LINE ( 'NONE', #1561, #3380 ) ;
#1243 = CARTESIAN_POINT ( 'NONE',  ( 3.688635479482724300, 6.808872517849978045, -2.399999999999999911 ) ) ;
#1244 = ORIENTED_EDGE ( 'NONE', *, *, #1984, .F. ) ;
#1245 = LINE ( 'NONE', #2211, #3651 ) ;
#1246 = VECTOR ( 'NONE', #1350, 1000.000000000000000 ) ;
#1247 = AXIS2_PLACEMENT_3D ( 'NONE', #4207, #490, #3371 ) ;
#1248 = CARTESIAN_POINT ( 'NONE',  ( 3.871205805467484495, 6.808872517849978045, 2.399999999999999911 ) ) ;
#1249 = CARTESIAN_POINT ( 'NONE',  ( -3.809999999999999609, 5.739999999999999325, -2.399999999999999911 ) ) ;
#1250 = CARTESIAN_POINT ( 'NONE',  ( -4.060000000000001386, 9.449999999999999289, 2.699999999999999734 ) ) ;
#1251 = EDGE_LOOP ( 'NONE', ( #3828, #1244, #3483, #1777 ) ) ;
#1252 = SURFACE_STYLE_FILL_AREA ( #2887 ) ;
#1253 = VERTEX_POINT ( 'NONE', #1156 ) ;
#1254 = ORIENTED_EDGE ( 'NONE', *, *, #1718, .F. ) ;
#1255 = EDGE_CURVE ( 'NONE', #1940, #2042, #1445, .T. ) ;
#1256 = LINE ( 'NONE', #3664, #2994 ) ;
#1257 = AXIS2_PLACEMENT_3D ( 'NONE', #963, #979, #334 ) ;
#1258 = VERTEX_POINT ( 'NONE', #2119 ) ;
#1259 = FILL_AREA_STYLE ('',( #572 ) ) ;
#1260 = CARTESIAN_POINT ( 'NONE',  ( -4.059999999999999609, 5.739999999999999325, -2.699999999999999734 ) ) ;
#1261 =( GEOMETRIC_REPRESENTATION_CONTEXT ( 3 ) GLOBAL_UNCERTAINTY_ASSIGNED_CONTEXT ( ( #3921 ) ) GLOBAL_UNIT_ASSIGNED_CONTEXT ( ( #2377, #4157, #3053 ) ) REPRESENTATION_CONTEXT ( 'NONE', 'WORKASPACE' ) );
#1262 = EDGE_CURVE ( 'NONE', #3926, #3797, #894, .T. ) ;
#1263 = VERTEX_POINT ( 'NONE', #3487 ) ;
#1264 = CARTESIAN_POINT ( 'NONE',  ( 2.380753800001319309, 0.000000000000000000, -4.746410318745436285 ) ) ;
#1265 = ORIENTED_EDGE ( 'NONE', *, *, #2232, .T. ) ;
#1266 = CIRCLE ( 'NONE', #1334, 0.3731350835603809424 ) ;
#1267 = CARTESIAN_POINT ( 'NONE',  ( 3.810000000000000053, 9.449999999999999289, 0.1499999999999999944 ) ) ;
#1268 =( NAMED_UNIT ( * ) SI_UNIT ( $, .STERADIAN. ) SOLID_ANGLE_UNIT ( ) );
#1269 = DIRECTION ( 'NONE',  ( -1.000000000000000000, -0.000000000000000000, -0.000000000000000000 ) ) ;
#1270 = LINE ( 'NONE', #3559, #1687 ) ;
#1271 = PRESENTATION_LAYER_ASSIGNMENT (  '', '', ( #2771 ) ) ;
#1272 = FILL_AREA_STYLE_COLOUR ( '', #405 ) ;
#1273 = CARTESIAN_POINT ( 'NONE',  ( 4.244340889027863994, 6.808872517849978045, 0.1499999999999999944 ) ) ;
#1274 =( GEOMETRIC_REPRESENTATION_CONTEXT ( 3 ) GLOBAL_UNCERTAINTY_ASSIGNED_CONTEXT ( ( #3967 ) ) GLOBAL_UNIT_ASSIGNED_CONTEXT ( ( #1595, #1278, #3565 ) ) REPRESENTATION_CONTEXT ( 'NONE', 'WORKASPACE' ) );
#1275 = DIRECTION ( 'NONE',  ( 1.000000000000000000, 0.000000000000000000, -0.000000000000000000 ) ) ;
#1276 = ORIENTED_EDGE ( 'NONE', *, *, #3126, .T. ) ;
#1277 = EDGE_LOOP ( 'NONE', ( #1107, #1838, #3369, #2612 ) ) ;
#1278 =( NAMED_UNIT ( * ) PLANE_ANGLE_UNIT ( ) SI_UNIT ( $, .RADIAN. ) );
#1279 = AXIS2_PLACEMENT_3D ( 'NONE', #2148, #1117, #773 ) ;
#1280 = VECTOR ( 'NONE', #2577, 1000.000000000000000 ) ;
#1281 = EDGE_LOOP ( 'NONE', ( #1024, #2549, #232, #3500 ) ) ;
#1282 = EDGE_CURVE ( 'NONE', #2049, #3878, #1799, .T. ) ;
#1283 = UNCERTAINTY_MEASURE_WITH_UNIT (LENGTH_MEASURE( 1.000000000000000082E-05 ), #745, 'distance_accuracy_value', 'NONE');
#1284 = COLOUR_RGB ( '',0.6470588235294117974, 0.6196078431372549211, 0.5882352941176470784 ) ;
#1285 = VERTEX_POINT ( 'NONE', #557 ) ;
#1286 = CARTESIAN_POINT ( 'NONE',  ( 4.059999999999999609, 7.133292349574287705, -2.399999999999999911 ) ) ;
#1287 = ORIENTED_EDGE ( 'NONE', *, *, #3476, .F. ) ;
#1288 = DIRECTION ( 'NONE',  ( -1.000000000000000000, 0.000000000000000000, 0.000000000000000000 ) ) ;
#1289 = DIRECTION ( 'NONE',  ( 0.000000000000000000, 0.000000000000000000, 1.000000000000000000 ) ) ;
#1290 = UNCERTAINTY_MEASURE_WITH_UNIT (LENGTH_MEASURE( 1.000000000000000082E-05 ), #884, 'distance_accuracy_value', 'NONE');
#1291 = EDGE_CURVE ( 'NONE', #3878, #3242, #2219, .T. ) ;
#1292 = CARTESIAN_POINT ( 'NONE',  ( 3.810000000000000053, 7.133292349574287705, 0.1499999999999999944 ) ) ;
#1293 = LINE ( 'NONE', #20, #1974 ) ;
#1294 = SURFACE_SIDE_STYLE ('',( #3952 ) ) ;
#1295 = VERTEX_POINT ( 'NONE', #3509 ) ;
#1296 = VERTEX_POINT ( 'NONE', #3130 ) ;
#1297 =( NAMED_UNIT ( * ) PLANE_ANGLE_UNIT ( ) SI_UNIT ( $, .RADIAN. ) );
#1298 = ORIENTED_EDGE ( 'NONE', *, *, #3614, .F. ) ;
#1299 = PRESENTATION_STYLE_ASSIGNMENT (( #3186 ) ) ;
#1300 =( NAMED_UNIT ( * ) PLANE_ANGLE_UNIT ( ) SI_UNIT ( $, .RADIAN. ) );
#1301 = ORIENTED_EDGE ( 'NONE', *, *, #2869, .T. ) ;
#1302 = FACE_OUTER_BOUND ( 'NONE', #1903, .T. ) ;
#1303 = EDGE_CURVE ( 'NONE', #839, #1419, #3467, .T. ) ;
#1304 = CARTESIAN_POINT ( 'NONE',  ( -3.574999999999998401, 0.7500000000000000000, -4.455000000000000959 ) ) ;
#1305 = CARTESIAN_POINT ( 'NONE',  ( 4.182921509473423782, 6.808872517849978045, -2.399999999999999911 ) ) ;
#1306 = CARTESIAN_POINT ( 'NONE',  ( -4.060000000000000497, 9.449999999999999289, 0.1499999999999999944 ) ) ;
#1307 = DIRECTION ( 'NONE',  ( 1.040834085586084572E-14, 0.000000000000000000, 1.000000000000000000 ) ) ;
#1308 = EDGE_CURVE ( 'NONE', #2059, #1769, #1174, .T. ) ;
#1309 = FACE_OUTER_BOUND ( 'NONE', #4108, .T. ) ;
#1310 = AXIS2_PLACEMENT_3D ( 'NONE', #3737, #3397, #1086 ) ;
#1311 = DIRECTION ( 'NONE',  ( -0.000000000000000000, -1.000000000000000000, -0.000000000000000000 ) ) ;
#1312 = LINE ( 'NONE', #1654, #3976 ) ;
#1313 = ORIENTED_EDGE ( 'NONE', *, *, #3189, .T. ) ;
#1314 = LINE ( 'NONE', #3304, #1818 ) ;
#1315 = PLANE ( 'NONE',  #508 ) ;
#1316 = VERTEX_POINT ( 'NONE', #4115 ) ;
#1317 = EDGE_CURVE ( 'NONE', #1968, #1258, #236, .T. ) ;
#1318 = SURFACE_STYLE_FILL_AREA ( #1964 ) ;
#1319 = CARTESIAN_POINT ( 'NONE',  ( -3.809999999999999609, 7.133292349574287705, -2.699999999999999734 ) ) ;
#1320 = VECTOR ( 'NONE', #4145, 1000.000000000000000 ) ;
#1321 = EDGE_LOOP ( 'NONE', ( #4016, #466, #2740, #3573 ) ) ;
#1322 = CARTESIAN_POINT ( 'NONE',  ( -3.809999999999999609, 9.449999999999999289, -2.399999999999999911 ) ) ;
#1323 = ORIENTED_EDGE ( 'NONE', *, *, #3957, .T. ) ;
#1324 = VECTOR ( 'NONE', #2009, 1000.000000000000000 ) ;
#1325 = CARTESIAN_POINT ( 'NONE',  ( -1.000000000000000000, -3.499999999999999556, 0.5000000000000001110 ) ) ;
#1326 = VECTOR ( 'NONE', #3479, 1000.000000000000000 ) ;
#1327 = FACE_OUTER_BOUND ( 'NONE', #1885, .T. ) ;
#1328 = ADVANCED_FACE ( 'NONE', ( #541 ), #2513, .T. ) ;
#1329 = COLOUR_RGB ( '',0.6470588235294117974, 0.6196078431372549211, 0.5882352941176470784 ) ;
#1330 = LINE ( 'NONE', #2992, #3659 ) ;
#1331 =( NAMED_UNIT ( * ) PLANE_ANGLE_UNIT ( ) SI_UNIT ( $, .RADIAN. ) );
#1332 = PRESENTATION_STYLE_ASSIGNMENT (( #2310 ) ) ;
#1333 = EDGE_CURVE ( 'NONE', #3412, #914, #1190, .T. ) ;
#1334 = AXIS2_PLACEMENT_3D ( 'NONE', #2476, #3441, #494 ) ;
#1335 = ORIENTED_EDGE ( 'NONE', *, *, #1221, .T. ) ;
#1336 = PRESENTATION_STYLE_ASSIGNMENT (( #2614 ) ) ;
#1337 = VECTOR ( 'NONE', #3001, 1000.000000000000000 ) ;
#1338 = FACE_OUTER_BOUND ( 'NONE', #304, .T. ) ;
#1339 = CARTESIAN_POINT ( 'NONE',  ( 4.060000000000001386, 7.133292349574287705, 2.399999999999999911 ) ) ;
#1340 = ORIENTED_EDGE ( 'NONE', *, *, #966, .T. ) ;
#1341 = DIRECTION ( 'NONE',  ( -0.000000000000000000, -1.000000000000000000, -0.000000000000000000 ) ) ;
#1342 = AXIS2_PLACEMENT_3D ( 'NONE', #3879, #955, #276 ) ;
#1343 = EDGE_CURVE ( 'NONE', #959, #2234, #3779, .T. ) ;
#1344 =( GEOMETRIC_REPRESENTATION_CONTEXT ( 3 ) GLOBAL_UNCERTAINTY_ASSIGNED_CONTEXT ( ( #475 ) ) GLOBAL_UNIT_ASSIGNED_CONTEXT ( ( #769, #476, #242 ) ) REPRESENTATION_CONTEXT ( 'NONE', 'WORKASPACE' ) );
#1345 = AXIS2_PLACEMENT_3D ( 'NONE', #2264, #2565, #3219 ) ;
#1346 = ORIENTED_EDGE ( 'NONE', *, *, #3628, .F. ) ;
#1347 =( GEOMETRIC_REPRESENTATION_CONTEXT ( 3 ) GLOBAL_UNCERTAINTY_ASSIGNED_CONTEXT ( ( #1069 ) ) GLOBAL_UNIT_ASSIGNED_CONTEXT ( ( #3551, #676, #3613 ) ) REPRESENTATION_CONTEXT ( 'NONE', 'WORKASPACE' ) );
#1348 = CARTESIAN_POINT ( 'NONE',  ( -4.060000000000000497, 5.739999999999999325, 0.1499999999999999944 ) ) ;
#1349 = VECTOR ( 'NONE', #1120, 1000.000000000000000 ) ;
#1350 = DIRECTION ( 'NONE',  ( -1.000000000000000000, 0.000000000000000000, 0.000000000000000000 ) ) ;
#1351 = DIRECTION ( 'NONE',  ( -1.000000000000000000, 0.000000000000000000, 0.000000000000000000 ) ) ;
#1352 = DIRECTION ( 'NONE',  ( 1.000000000000000000, 0.000000000000000000, 0.000000000000000000 ) ) ;
#1353 = DIRECTION ( 'NONE',  ( 1.000000000000000000, 0.000000000000000000, 0.000000000000000000 ) ) ;
#1354 = EDGE_LOOP ( 'NONE', ( #1934, #3375, #566, #805, #4078, #563, #3353, #2320 ) ) ;
#1355 = LINE ( 'NONE', #3954, #392 ) ;
#1356 = EDGE_CURVE ( 'NONE', #293, #3697, #1469, .T. ) ;
#1357 = DIRECTION ( 'NONE',  ( -0.000000000000000000, -1.000000000000000000, -0.000000000000000000 ) ) ;
#1358 = DIRECTION ( 'NONE',  ( -0.000000000000000000, -0.000000000000000000, -1.000000000000000000 ) ) ;
#1359 = VERTEX_POINT ( 'NONE', #2166 ) ;
#1360 = DIRECTION ( 'NONE',  ( -0.000000000000000000, -0.000000000000000000, -1.000000000000000000 ) ) ;
#1361 = UNCERTAINTY_MEASURE_WITH_UNIT (LENGTH_MEASURE( 1.000000000000000082E-05 ), #737, 'distance_accuracy_value', 'NONE');
#1362 = EDGE_CURVE ( 'NONE', #420, #4194, #2836, .T. ) ;
#1363 = EDGE_CURVE ( 'NONE', #1600, #1865, #263, .T. ) ;
#1364 = ORIENTED_EDGE ( 'NONE', *, *, #2893, .F. ) ;
#1365 = LINE ( 'NONE', #3370, #174 ) ;
#1366 = SURFACE_STYLE_FILL_AREA ( #55 ) ;
#1367 = FILL_AREA_STYLE_COLOUR ( '', #2433 ) ;
#1368 =( NAMED_UNIT ( * ) PLANE_ANGLE_UNIT ( ) SI_UNIT ( $, .RADIAN. ) );
#1369 = UNCERTAINTY_MEASURE_WITH_UNIT (LENGTH_MEASURE( 1.000000000000000082E-05 ), #2292, 'distance_accuracy_value', 'NONE');
#1370 = CARTESIAN_POINT ( 'NONE',  ( -4.060000000000000497, 5.739999999999999325, 0.1499999999999999944 ) ) ;
#1371 = DIRECTION ( 'NONE',  ( -0.000000000000000000, 1.000000000000000000, -0.000000000000000000 ) ) ;
#1372 = ORIENTED_EDGE ( 'NONE', *, *, #1006, .F. ) ;
#1373 = DIRECTION ( 'NONE',  ( 0.000000000000000000, -1.000000000000000000, 0.000000000000000000 ) ) ;
#1374 = CARTESIAN_POINT ( 'NONE',  ( 0.000000000000000000, 0.000000000000000000, 0.5000000000000001110 ) ) ;
#1375 = SURFACE_STYLE_USAGE ( .BOTH. , #2557 ) ;
#1376 = ADVANCED_FACE ( 'NONE', ( #1563 ), #2632, .F. ) ;
#1377 = VERTEX_POINT ( 'NONE', #2046 ) ;
#1378 = FACE_OUTER_BOUND ( 'NONE', #3039, .T. ) ;
#1379 = ORIENTED_EDGE ( 'NONE', *, *, #1308, .F. ) ;
#1380 = CARTESIAN_POINT ( 'NONE',  ( 0.000000000000000000, 0.2500000000000000000, 0.000000000000000000 ) ) ;
#1381 = EDGE_CURVE ( 'NONE', #959, #488, #2757, .T. ) ;
#1382 = CARTESIAN_POINT ( 'NONE',  ( -4.244340889027863994, 6.808872517849978045, -2.399999999999999911 ) ) ;
#1383 = CARTESIAN_POINT ( 'NONE',  ( -3.871205805467482719, 6.808872517849978045, -2.399999999999999911 ) ) ;
#1384 = ADVANCED_FACE ( 'NONE', ( #3956 ), #1315, .F. ) ;
#1385 = AXIS2_PLACEMENT_3D ( 'NONE', #1555, #548, #2154 ) ;
#1386 = PRESENTATION_STYLE_ASSIGNMENT (( #2592 ) ) ;
#1387 = DIRECTION ( 'NONE',  ( 0.000000000000000000, -1.000000000000000000, 0.000000000000000000 ) ) ;
#1388 = CARTESIAN_POINT ( 'NONE',  ( 4.825000000000001954, 0.7500000000000000000, -4.955000000000000959 ) ) ;
#1389 = ORIENTED_EDGE ( 'NONE', *, *, #3444, .T. ) ;
#1390 =( LENGTH_UNIT ( ) NAMED_UNIT ( * ) SI_UNIT ( .MILLI., .METRE. ) );
#1391 = CIRCLE ( 'NONE', #3648, 1.770000000000000018 ) ;
#1392 = PLANE ( 'NONE',  #2178 ) ;
#1393 = FACE_OUTER_BOUND ( 'NONE', #1489, .T. ) ;
#1394 = FILL_AREA_STYLE ('',( #3366 ) ) ;
#1395 = ORIENTED_EDGE ( 'NONE', *, *, #855, .T. ) ;
#1396 = EDGE_LOOP ( 'NONE', ( #3395, #3547, #2683, #2340 ) ) ;
#1397 = CARTESIAN_POINT ( 'NONE',  ( 4.060000000000000497, 9.449999999999999289, -0.1499999999999999944 ) ) ;
#1398 = PRESENTATION_LAYER_ASSIGNMENT (  '', '', ( #853 ) ) ;
#1399 = EDGE_CURVE ( 'NONE', #97, #1253, #1703, .T. ) ;
#1400 = EDGE_CURVE ( 'NONE', #293, #3432, #2338, .T. ) ;
#1401 =( GEOMETRIC_REPRESENTATION_CONTEXT ( 3 ) GLOBAL_UNCERTAINTY_ASSIGNED_CONTEXT ( ( #3339 ) ) GLOBAL_UNIT_ASSIGNED_CONTEXT ( ( #2043, #1297, #1051 ) ) REPRESENTATION_CONTEXT ( 'NONE', 'WORKASPACE' ) );
#1402 = VERTEX_POINT ( 'NONE', #345 ) ;
#1403 = DIRECTION ( 'NONE',  ( -0.000000000000000000, -1.000000000000000000, -0.000000000000000000 ) ) ;
#1404 = DIRECTION ( 'NONE',  ( 0.000000000000000000, -0.000000000000000000, -1.000000000000000000 ) ) ;
#1405 = CIRCLE ( 'NONE', #185, 0.4942860299906992050 ) ;
#1406 = FILL_AREA_STYLE ('',( #1367 ) ) ;
#1407 = ORIENTED_EDGE ( 'NONE', *, *, #3943, .T. ) ;
#1408 = CIRCLE ( 'NONE', #661, 0.3731350835603809424 ) ;
#1409 = VECTOR ( 'NONE', #1913, 1000.000000000000000 ) ;
#1410 = CARTESIAN_POINT ( 'NONE',  ( 4.060000000000001386, 6.484452686125668386, 2.699999999999999734 ) ) ;
#1411 =( NAMED_UNIT ( * ) SI_UNIT ( $, .STERADIAN. ) SOLID_ANGLE_UNIT ( ) );
#1412 = ADVANCED_FACE ( 'NONE', ( #1683 ), #48, .F. ) ;
#1413 = ORIENTED_EDGE ( 'NONE', *, *, #3111, .F. ) ;
#1414 = PLANE ( 'NONE',  #1279 ) ;
#1415 = CARTESIAN_POINT ( 'NONE',  ( -4.244340889027863994, 6.808872517849978045, -2.699999999999999734 ) ) ;
#1416 = LINE ( 'NONE', #1374, #973 ) ;
#1417 = CYLINDRICAL_SURFACE ( 'NONE', #842, 0.4942860299906992050 ) ;
#1418 = CIRCLE ( 'NONE', #408, 0.4942860299906992050 ) ;
#1419 = VERTEX_POINT ( 'NONE', #1640 ) ;
#1420 = EDGE_LOOP ( 'NONE', ( #426, #4065, #677, #2188 ) ) ;
#1421 = CARTESIAN_POINT ( 'NONE',  ( -3.810000000000000053, 7.133292349574287705, 0.1499999999999999944 ) ) ;
#1422 = ORIENTED_EDGE ( 'NONE', *, *, #538, .F. ) ;
#1423 = PRESENTATION_STYLE_ASSIGNMENT (( #3735 ) ) ;
#1424 = DIRECTION ( 'NONE',  ( -0.000000000000000000, -0.000000000000000000, -1.000000000000000000 ) ) ;
#1425 = SURFACE_SIDE_STYLE ('',( #2698 ) ) ;
#1426 = VERTEX_POINT ( 'NONE', #1339 ) ;
#1427 = EDGE_CURVE ( 'NONE', #1236, #2234, #2655, .T. ) ;
#1428 = CARTESIAN_POINT ( 'NONE',  ( 3.810000000000000053, 6.484452686125668386, 0.1499999999999999944 ) ) ;
#1429 = CARTESIAN_POINT ( 'NONE',  ( 3.810000000000000497, 5.739999999999999325, 2.699999999999999734 ) ) ;
#1430 = CARTESIAN_POINT ( 'NONE',  ( 3.809999999999999609, 5.739999999999999325, -2.699999999999999734 ) ) ;
#1431 = ORIENTED_EDGE ( 'NONE', *, *, #3909, .T. ) ;
#1432 = SURFACE_STYLE_FILL_AREA ( #437 ) ;
#1433 = EDGE_CURVE ( 'NONE', #2398, #4063, #2880, .T. ) ;
#1434 = SURFACE_SIDE_STYLE ('',( #2794 ) ) ;
#1435 = PRESENTATION_STYLE_ASSIGNMENT (( #3428 ) ) ;
#1436 = ORIENTED_EDGE ( 'NONE', *, *, #3711, .F. ) ;
#1437 = ORIENTED_EDGE ( 'NONE', *, *, #3149, .T. ) ;
#1438 = FILL_AREA_STYLE_COLOUR ( '', #3121 ) ;
#1439 = AXIS2_PLACEMENT_3D ( 'NONE', #2164, #1170, #846 ) ;
#1440 = ADVANCED_FACE ( 'NONE', ( #68 ), #1961, .F. ) ;
#1441 = ORIENTED_EDGE ( 'NONE', *, *, #2125, .T. ) ;
#1442 =( NAMED_UNIT ( * ) PLANE_ANGLE_UNIT ( ) SI_UNIT ( $, .RADIAN. ) );
#1443 = FACE_OUTER_BOUND ( 'NONE', #510, .T. ) ;
#1444 = DIRECTION ( 'NONE',  ( 0.000000000000000000, 0.000000000000000000, 1.000000000000000000 ) ) ;
#1445 = LINE ( 'NONE', #3439, #1664 ) ;
#1446 = VERTEX_POINT ( 'NONE', #3307 ) ;
#1447 = DIRECTION ( 'NONE',  ( 0.000000000000000000, 0.7071067811865486830, 0.7071067811865464625 ) ) ;
#1448 = STYLED_ITEM ( 'NONE', ( #119 ), #917 ) ;
#1449 = UNCERTAINTY_MEASURE_WITH_UNIT (LENGTH_MEASURE( 1.000000000000000082E-05 ), #2542, 'distance_accuracy_value', 'NONE');
#1450 = DIRECTION ( 'NONE',  ( 0.000000000000000000, 0.000000000000000000, 1.000000000000000000 ) ) ;
#1451 = STYLED_ITEM ( 'NONE', ( #3696 ), #1128 ) ;
#1452 = EDGE_CURVE ( 'NONE', #4190, #1263, #2955, .T. ) ;
#1453 = ORIENTED_EDGE ( 'NONE', *, *, #2294, .F. ) ;
#1454 = CARTESIAN_POINT ( 'NONE',  ( -4.824999999999998401, 1.770000000000000018, -4.955000000000000959 ) ) ;
#1455 = STYLED_ITEM ( 'NONE', ( #3582 ), #1696 ) ;
#1456 = FACE_OUTER_BOUND ( 'NONE', #4124, .T. ) ;
#1457 = CARTESIAN_POINT ( 'NONE',  ( 4.244340889027864883, 6.808872517849978045, 2.699999999999999734 ) ) ;
#1458 = ORIENTED_EDGE ( 'NONE', *, *, #3289, .F. ) ;
#1459 = VERTEX_POINT ( 'NONE', #385 ) ;
#1460 = ORIENTED_EDGE ( 'NONE', *, *, #2546, .T. ) ;
#1461 = VECTOR ( 'NONE', #763, 1000.000000000000000 ) ;
#1462 = ORIENTED_EDGE ( 'NONE', *, *, #3166, .F. ) ;
#1463 =( NAMED_UNIT ( * ) PLANE_ANGLE_UNIT ( ) SI_UNIT ( $, .RADIAN. ) );
#1464 = VECTOR ( 'NONE', #3837, 1000.000000000000000 ) ;
#1465 = CARTESIAN_POINT ( 'NONE',  ( -1.000000000000000000, 0.000000000000000000, 0.5000000000000001110 ) ) ;
#1466 = ADVANCED_FACE ( 'NONE', ( #3283 ), #3644, .T. ) ;
#1467 = CARTESIAN_POINT ( 'NONE',  ( -4.824999999999998401, 0.7500000000000000000, -4.955000000000000959 ) ) ;
#1468 = VECTOR ( 'NONE', #4152, 1000.000000000000000 ) ;
#1469 = LINE ( 'NONE', #4072, #1732 ) ;
#1470 = ORIENTED_EDGE ( 'NONE', *, *, #2280, .F. ) ;
#1471 = DIRECTION ( 'NONE',  ( 1.000000000000000000, 0.000000000000000000, 1.090250972562798346E-16 ) ) ;
#1472 = VECTOR ( 'NONE', #729, 1000.000000000000000 ) ;
#1473 = CARTESIAN_POINT ( 'NONE',  ( -4.244340889027863994, 6.808872517849978045, -2.699999999999999734 ) ) ;
#1475 = CYLINDRICAL_SURFACE ( 'NONE', #231, 0.4942860299906992050 ) ;
#1474 = PRESENTATION_LAYER_ASSIGNMENT (  '', '', ( #868 ) ) ;
#1476 =( GEOMETRIC_REPRESENTATION_CONTEXT ( 3 ) GLOBAL_UNCERTAINTY_ASSIGNED_CONTEXT ( ( #4048 ) ) GLOBAL_UNIT_ASSIGNED_CONTEXT ( ( #1390, #1764, #3407 ) ) REPRESENTATION_CONTEXT ( 'NONE', 'WORKASPACE' ) );
#1477 = FACE_OUTER_BOUND ( 'NONE', #843, .T. ) ;
#1478 =( LENGTH_UNIT ( ) NAMED_UNIT ( * ) SI_UNIT ( .MILLI., .METRE. ) );
#1479 = DIRECTION ( 'NONE',  ( 0.000000000000000000, -0.000000000000000000, -1.000000000000000000 ) ) ;
#1480 = AXIS2_PLACEMENT_3D ( 'NONE', #2451, #3738, #3777 ) ;
#1481 = CARTESIAN_POINT ( 'NONE',  ( -4.244340889027863994, 6.808872517849978045, -2.399999999999999911 ) ) ;
#1482 = SURFACE_STYLE_FILL_AREA ( #1394 ) ;
#1483 = MECHANICAL_DESIGN_GEOMETRIC_PRESENTATION_REPRESENTATION (  '', ( #2789 ), #1076 ) ;
#1484 = EDGE_LOOP ( 'NONE', ( #609, #3287, #2978, #4002 ) ) ;
#1485 = ORIENTED_EDGE ( 'NONE', *, *, #632, .F. ) ;
#1486 = EDGE_CURVE ( 'NONE', #3480, #553, #3517, .T. ) ;
#1487 = DIRECTION ( 'NONE',  ( 0.000000000000000000, 0.000000000000000000, 1.000000000000000000 ) ) ;
#1488 = STYLED_ITEM ( 'NONE', ( #1995 ), #735 ) ;
#1489 = EDGE_LOOP ( 'NONE', ( #1665, #759, #359, #2956, #3145, #2424, #3489, #3303, #3077, #1125 ) ) ;
#1490 = CARTESIAN_POINT ( 'NONE',  ( 3.676470224143055354, 2.786979565318412178, -4.746410318745436285 ) ) ;
#1491 = DIRECTION ( 'NONE',  ( -0.000000000000000000, -0.000000000000000000, -1.000000000000000000 ) ) ;
#1492 = EDGE_CURVE ( 'NONE', #971, #767, #3430, .T. ) ;
#1493 = DIRECTION ( 'NONE',  ( 0.000000000000000000, -1.000000000000000000, 0.000000000000000000 ) ) ;
#1494 = ORIENTED_EDGE ( 'NONE', *, *, #2536, .T. ) ;
#1495 = FACE_OUTER_BOUND ( 'NONE', #1484, .T. ) ;
#1496 = DIRECTION ( 'NONE',  ( 0.000000000000000000, 0.000000000000000000, -1.000000000000000000 ) ) ;
#1497 = FACE_OUTER_BOUND ( 'NONE', #175, .T. ) ;
#1498 = CARTESIAN_POINT ( 'NONE',  ( 3.810000000000000053, 9.449999999999999289, -0.1499999999999999944 ) ) ;
#1499 = ADVANCED_FACE ( 'NONE', ( #3116 ), #1417, .T. ) ;
#1500 = ADVANCED_BREP_SHAPE_REPRESENTATION ( '94HBB08T', ( #3394, #593 ), #3260 ) ;
#1501 = DIRECTION ( 'NONE',  ( 0.000000000000000000, 0.000000000000000000, 1.000000000000000000 ) ) ;
#1502 = CARTESIAN_POINT ( 'NONE',  ( -4.060000000000001386, 7.133292349574287705, 2.399999999999999911 ) ) ;
#1503 = CARTESIAN_POINT ( 'NONE',  ( -3.810000000000000497, 5.739999999999999325, 2.399999999999999911 ) ) ;
#1504 = SURFACE_SIDE_STYLE ('',( #4104 ) ) ;
#1505 = VERTEX_POINT ( 'NONE', #2466 ) ;
#1506 = ORIENTED_EDGE ( 'NONE', *, *, #3246, .F. ) ;
#1507 = SURFACE_STYLE_USAGE ( .BOTH. , #2798 ) ;
#1508 = ADVANCED_FACE ( 'NONE', ( #1122 ), #837, .T. ) ;
#1509 = AXIS2_PLACEMENT_3D ( 'NONE', #3596, #394, #2699 ) ;
#1510 = ORIENTED_EDGE ( 'NONE', *, *, #135, .T. ) ;
#1511 = EDGE_CURVE ( 'NONE', #165, #3882, #2086, .T. ) ;
#1512 = CARTESIAN_POINT ( 'NONE',  ( -4.060000000000000497, 6.484452686125668386, 0.1499999999999999944 ) ) ;
#1513 = FACE_OUTER_BOUND ( 'NONE', #2914, .T. ) ;
#1514 = CARTESIAN_POINT ( 'NONE',  ( 0.000000000000000000, -4.500000000000000000, 0.000000000000000000 ) ) ;
#1515 = CARTESIAN_POINT ( 'NONE',  ( 0.000000000000000000, 0.000000000000000000, 0.000000000000000000 ) ) ;
#1516 = ORIENTED_EDGE ( 'NONE', *, *, #3539, .F. ) ;
#1517 = DIRECTION ( 'NONE',  ( 0.000000000000000000, 0.000000000000000000, 1.000000000000000000 ) ) ;
#1518 = VERTEX_POINT ( 'NONE', #2130 ) ;
#1519 =( LENGTH_UNIT ( ) NAMED_UNIT ( * ) SI_UNIT ( .MILLI., .METRE. ) );
#1520 = FACE_OUTER_BOUND ( 'NONE', #781, .T. ) ;
#1521 = SURFACE_STYLE_FILL_AREA ( #223 ) ;
#1522 = CARTESIAN_POINT ( 'NONE',  ( 4.325000000000004619, 0.7500000000000000000, 4.454999999999999183 ) ) ;
#1523 = EDGE_CURVE ( 'NONE', #12, #8, #484, .T. ) ;
#1524 = AXIS2_PLACEMENT_3D ( 'NONE', #2328, #2642, #663 ) ;
#1525 = DIRECTION ( 'NONE',  ( -0.000000000000000000, -1.000000000000000000, -0.000000000000000000 ) ) ;
#1526 = DIRECTION ( 'NONE',  ( -0.000000000000000000, 0.000000000000000000, -1.000000000000000000 ) ) ;
#1527 = CARTESIAN_POINT ( 'NONE',  ( 1.000000000000000222, -3.499999999999999556, 4.336808689942018722E-16 ) ) ;
#1528 = EDGE_LOOP ( 'NONE', ( #485, #2570, #1763, #768 ) ) ;
#1529 = ORIENTED_EDGE ( 'NONE', *, *, #1577, .F. ) ;
#1530 = VERTEX_POINT ( 'NONE', #102 ) ;
#1531 = AXIS2_PLACEMENT_3D ( 'NONE', #407, #363, #651 ) ;
#1532 = PRESENTATION_LAYER_ASSIGNMENT (  '', '', ( #3372 ) ) ;
#1533 = ORIENTED_EDGE ( 'NONE', *, *, #2410, .T. ) ;
#1534 = ORIENTED_EDGE ( 'NONE', *, *, #2850, .F. ) ;
#1535 = CARTESIAN_POINT ( 'NONE',  ( 3.810000000000000053, 5.739999999999999325, 0.1499999999999999944 ) ) ;
#1536 = LINE ( 'NONE', #3417, #2383 ) ;
#1537 = VECTOR ( 'NONE', #522, 1000.000000000000000 ) ;
#1538 = DIRECTION ( 'NONE',  ( -0.000000000000000000, -1.000000000000000000, -0.000000000000000000 ) ) ;
#1539 = AXIS2_PLACEMENT_3D ( 'NONE', #1689, #3006, #3961 ) ;
#1540 = ORIENTED_EDGE ( 'NONE', *, *, #1945, .F. ) ;
#1541 = DIRECTION ( 'NONE',  ( -0.000000000000000000, 1.000000000000000000, -0.000000000000000000 ) ) ;
#1542 = VECTOR ( 'NONE', #613, 1000.000000000000000 ) ;
#1543 = ORIENTED_EDGE ( 'NONE', *, *, #3271, .T. ) ;
#1544 = DIRECTION ( 'NONE',  ( 0.000000000000000000, -0.000000000000000000, -1.000000000000000000 ) ) ;
#1545 = DIRECTION ( 'NONE',  ( -1.000000000000000000, 0.000000000000000000, 0.000000000000000000 ) ) ;
#1546 = PRESENTATION_STYLE_ASSIGNMENT (( #3807 ) ) ;
#1547 = AXIS2_PLACEMENT_3D ( 'NONE', #2353, #733, #421 ) ;
#1548 = VERTEX_POINT ( 'NONE', #778 ) ;
#1549 = CARTESIAN_POINT ( 'NONE',  ( -4.244340889027864883, 6.808872517849978045, 2.699999999999999734 ) ) ;
#1550 = MECHANICAL_DESIGN_GEOMETRIC_PRESENTATION_REPRESENTATION (  '', ( #3390 ), #540 ) ;
#1551 = CIRCLE ( 'NONE', #3931, 0.7499999999999997780 ) ;
#1552 = EDGE_CURVE ( 'NONE', #2278, #756, #1785, .T. ) ;
#1553 = LINE ( 'NONE', #2871, #3739 ) ;
#1554 = FILL_AREA_STYLE_COLOUR ( '', #2037 ) ;
#1555 = CARTESIAN_POINT ( 'NONE',  ( -4.182921509473423782, 6.808872517849978045, -2.399999999999999911 ) ) ;
#1556 = VERTEX_POINT ( 'NONE', #1741 ) ;
#1557 = ORIENTED_EDGE ( 'NONE', *, *, #2175, .F. ) ;
#1558 =( GEOMETRIC_REPRESENTATION_CONTEXT ( 3 ) GLOBAL_UNCERTAINTY_ASSIGNED_CONTEXT ( ( #3719 ) ) GLOBAL_UNIT_ASSIGNED_CONTEXT ( ( #3275, #681, #2165 ) ) REPRESENTATION_CONTEXT ( 'NONE', 'WORKASPACE' ) );
#1559 = AXIS2_PLACEMENT_3D ( 'NONE', #3874, #584, #2266 ) ;
#1560 = VERTEX_POINT ( 'NONE', #3094 ) ;
#1561 = CARTESIAN_POINT ( 'NONE',  ( -4.059999999999999609, 7.133292349574287705, -2.399999999999999911 ) ) ;
#1562 = DIRECTION ( 'NONE',  ( 0.5000000000000001110, 0.000000000000000000, 0.8660254037844385966 ) ) ;
#1563 = FACE_OUTER_BOUND ( 'NONE', #2916, .T. ) ;
#1564 = VERTEX_POINT ( 'NONE', #503 ) ;
#1565 = DIRECTION ( 'NONE',  ( 0.000000000000000000, 1.000000000000000000, 0.000000000000000000 ) ) ;
#1566 = AXIS2_PLACEMENT_3D ( 'NONE', #1273, #1674, #3221 ) ;
#1567 = FILL_AREA_STYLE ('',( #222 ) ) ;
#1568 = EDGE_CURVE ( 'NONE', #1446, #3242, #3386, .T. ) ;
#1569 = CARTESIAN_POINT ( 'NONE',  ( -4.059999999999999609, 5.739999999999999325, -2.699999999999999734 ) ) ;
#1570 = CARTESIAN_POINT ( 'NONE',  ( 3.810000000000000497, 6.484452686125668386, 2.699999999999999734 ) ) ;
#1571 = DIRECTION ( 'NONE',  ( -0.000000000000000000, -0.000000000000000000, -1.000000000000000000 ) ) ;
#1572 = DIRECTION ( 'NONE',  ( -0.000000000000000000, -0.000000000000000000, -1.000000000000000000 ) ) ;
#1573 = DIRECTION ( 'NONE',  ( -1.000000000000000000, 0.000000000000000000, 0.000000000000000000 ) ) ;
#1574 = DIRECTION ( 'NONE',  ( 0.000000000000000000, -0.000000000000000000, 1.000000000000000000 ) ) ;
#1575 = ORIENTED_EDGE ( 'NONE', *, *, #2323, .F. ) ;
#1576 = ORIENTED_EDGE ( 'NONE', *, *, #4019, .F. ) ;
#1577 = EDGE_CURVE ( 'NONE', #3163, #2662, #1768, .T. ) ;
#1578 = VERTEX_POINT ( 'NONE', #4015 ) ;
#1579 = DIRECTION ( 'NONE',  ( 0.000000000000000000, 1.000000000000000000, 0.000000000000000000 ) ) ;
#1580 = ORIENTED_EDGE ( 'NONE', *, *, #725, .T. ) ;
#1581 = CARTESIAN_POINT ( 'NONE',  ( -3.824999999999994404, 0.7500000000000000000, -4.955000000000000959 ) ) ;
#1582 = ADVANCED_FACE ( 'NONE', ( #3853 ), #2817, .F. ) ;
#1583 = ORIENTED_EDGE ( 'NONE', *, *, #2989, .T. ) ;
#1584 = DIRECTION ( 'NONE',  ( 0.000000000000000000, 0.000000000000000000, 1.000000000000000000 ) ) ;
#1585 = FACE_OUTER_BOUND ( 'NONE', #3818, .T. ) ;
#1586 = CARTESIAN_POINT ( 'NONE',  ( -4.060000000000001386, 7.133292349574287705, 2.699999999999999734 ) ) ;
#1587 = COLOUR_RGB ( '',0.6470588235294117974, 0.6196078431372549211, 0.5882352941176470784 ) ;
#1588 =( NAMED_UNIT ( * ) PLANE_ANGLE_UNIT ( ) SI_UNIT ( $, .RADIAN. ) );
#1589 = SURFACE_SIDE_STYLE ('',( #1252 ) ) ;
#1590 = ADVANCED_FACE ( 'NONE', ( #209 ), #3545, .F. ) ;
#1591 = CARTESIAN_POINT ( 'NONE',  ( -4.059999999999999609, 5.739999999999999325, -2.399999999999999911 ) ) ;
#1592 = DIRECTION ( 'NONE',  ( 1.000000000000000000, -0.000000000000000000, 4.336808689942017736E-16 ) ) ;
#1593 = EDGE_LOOP ( 'NONE', ( #2271, #105, #73, #4140 ) ) ;
#1594 = ORIENTED_EDGE ( 'NONE', *, *, #2876, .F. ) ;
#1595 =( LENGTH_UNIT ( ) NAMED_UNIT ( * ) SI_UNIT ( .MILLI., .METRE. ) );
#1596 = COLOUR_RGB ( '',0.6470588235294117974, 0.6196078431372549211, 0.5882352941176470784 ) ;
#1597 = VECTOR ( 'NONE', #3018, 1000.000000000000000 ) ;
#1598 = ORIENTED_EDGE ( 'NONE', *, *, #2349, .T. ) ;
#1599 = PRESENTATION_STYLE_ASSIGNMENT (( #3881 ) ) ;
#1600 = VERTEX_POINT ( 'NONE', #1186 ) ;
#1601 = LINE ( 'NONE', #1581, #1962 ) ;
#1602 = EDGE_CURVE ( 'NONE', #3712, #2228, #864, .T. ) ;
#1603 = EDGE_LOOP ( 'NONE', ( #1144, #1875, #1510, #1576 ) ) ;
#1604 = LINE ( 'NONE', #265, #3113 ) ;
#1605 = ORIENTED_EDGE ( 'NONE', *, *, #2283, .T. ) ;
#1606 = VECTOR ( 'NONE', #3785, 1000.000000000000000 ) ;
#1607 = CONICAL_SURFACE ( 'NONE', #2014, 1.629999999999999671, 0.7853981633974468357 ) ;
#1608 = FILL_AREA_STYLE ('',( #920 ) ) ;
#1609 = CARTESIAN_POINT ( 'NONE',  ( -4.324999999999999289, 1.770000000000000018, -4.455000000000000959 ) ) ;
#1610 = FILL_AREA_STYLE ('',( #2331 ) ) ;
#1611 = CARTESIAN_POINT ( 'NONE',  ( 1.697910480561328095, 0.000000000000000000, 0.5000000000000001110 ) ) ;
#1612 = COLOUR_RGB ( '',0.6470588235294117974, 0.6196078431372549211, 0.5882352941176470784 ) ;
#1613 = FILL_AREA_STYLE_COLOUR ( '', #3783 ) ;
#1614 = ORIENTED_EDGE ( 'NONE', *, *, #855, .F. ) ;
#1615 = ORIENTED_EDGE ( 'NONE', *, *, #1282, .T. ) ;
#1616 = DIRECTION ( 'NONE',  ( -1.000000000000000000, 0.000000000000000000, 0.000000000000000000 ) ) ;
#1617 = VECTOR ( 'NONE', #854, 1000.000000000000000 ) ;
#1618 = PRESENTATION_LAYER_ASSIGNMENT (  '', '', ( #657 ) ) ;
#1619 = ADVANCED_FACE ( 'NONE', ( #273 ), #2181, .T. ) ;
#1620 = EDGE_LOOP ( 'NONE', ( #2766, #4116 ) ) ;
#1621 = ORIENTED_EDGE ( 'NONE', *, *, #183, .T. ) ;
#1622 = FACE_OUTER_BOUND ( 'NONE', #2492, .T. ) ;
#1623 = PRESENTATION_STYLE_ASSIGNMENT (( #2959 ) ) ;
#1624 = UNCERTAINTY_MEASURE_WITH_UNIT (LENGTH_MEASURE( 1.000000000000000082E-05 ), #3322, 'distance_accuracy_value', 'NONE');
#1625 = VECTOR ( 'NONE', #3667, 1000.000000000000000 ) ;
#1626 = ORIENTED_EDGE ( 'NONE', *, *, #1945, .T. ) ;
#1627 = CARTESIAN_POINT ( 'NONE',  ( 4.059999999999999609, 7.133292349574287705, -2.699999999999999734 ) ) ;
#1628 = VERTEX_POINT ( 'NONE', #608 ) ;
#1629 = AXIS2_PLACEMENT_3D ( 'NONE', #684, #3621, #3277 ) ;
#1630 = ADVANCED_FACE ( 'NONE', ( #3831 ), #3180, .T. ) ;
#1631 = FACE_OUTER_BOUND ( 'NONE', #1277, .T. ) ;
#1632 = CARTESIAN_POINT ( 'NONE',  ( -4.824999999999998401, 0.7500000000000000000, -4.955000000000000959 ) ) ;
#1633 = PLANE ( 'NONE',  #4198 ) ;
#1634 = UNCERTAINTY_MEASURE_WITH_UNIT (LENGTH_MEASURE( 1.000000000000000082E-05 ), #3928, 'distance_accuracy_value', 'NONE');
#1635 = EDGE_CURVE ( 'NONE', #1564, #2407, #2248, .T. ) ;
#1636 =( NAMED_UNIT ( * ) SI_UNIT ( $, .STERADIAN. ) SOLID_ANGLE_UNIT ( ) );
#1637 = FACE_OUTER_BOUND ( 'NONE', #820, .T. ) ;
#1638 = ORIENTED_EDGE ( 'NONE', *, *, #695, .F. ) ;
#1639 = LINE ( 'NONE', #3897, #1686 ) ;
#1640 = CARTESIAN_POINT ( 'NONE',  ( 4.060000000000001386, 6.484452686125668386, 2.399999999999999911 ) ) ;
#1641 = ORIENTED_EDGE ( 'NONE', *, *, #2919, .F. ) ;
#1642 = SURFACE_STYLE_USAGE ( .BOTH. , #2917 ) ;
#1643 = EDGE_CURVE ( 'NONE', #3770, #1786, #705, .T. ) ;
#1644 = ADVANCED_FACE ( 'NONE', ( #292 ), #2222, .T. ) ;
#1645 = ORIENTED_EDGE ( 'NONE', *, *, #213, .F. ) ;
#1646 = PLANE ( 'NONE',  #918 ) ;
#1647 = EDGE_CURVE ( 'NONE', #1419, #4130, #2434, .T. ) ;
#1648 = CYLINDRICAL_SURFACE ( 'NONE', #1509, 1.770000000000000018 ) ;
#1649 = CARTESIAN_POINT ( 'NONE',  ( -1.551418705572418677, -4.500000000000000000, 0.5000000000000001110 ) ) ;
#1650 = DIRECTION ( 'NONE',  ( -0.000000000000000000, 0.000000000000000000, -1.000000000000000000 ) ) ;
#1651 = VECTOR ( 'NONE', #3776, 1000.000000000000000 ) ;
#1652 = LINE ( 'NONE', #3680, #1833 ) ;
#1653 = CARTESIAN_POINT ( 'NONE',  ( 4.244340889027863994, 6.808872517849978045, -2.399999999999999911 ) ) ;
#1654 = CARTESIAN_POINT ( 'NONE',  ( -4.059999999999999609, 7.133292349574287705, -2.699999999999999734 ) ) ;
#1655 = EDGE_CURVE ( 'NONE', #1548, #851, #2200, .T. ) ;
#1656 = VERTEX_POINT ( 'NONE', #565 ) ;
#1657 = DIRECTION ( 'NONE',  ( 0.000000000000000000, 0.000000000000000000, -1.000000000000000000 ) ) ;
#1658 = ORIENTED_EDGE ( 'NONE', *, *, #3488, .F. ) ;
#1659 = FACE_OUTER_BOUND ( 'NONE', #121, .T. ) ;
#1660 = CARTESIAN_POINT ( 'NONE',  ( 3.809999999999999609, 5.739999999999999325, -2.399999999999999911 ) ) ;
#1661 = ORIENTED_EDGE ( 'NONE', *, *, #3904, .F. ) ;
#1662 = FACE_OUTER_BOUND ( 'NONE', #2257, .T. ) ;
#1663 = DIRECTION ( 'NONE',  ( 0.000000000000000000, 0.000000000000000000, -1.000000000000000000 ) ) ;
#1664 = VECTOR ( 'NONE', #3167, 1000.000000000000000 ) ;
#1665 = ORIENTED_EDGE ( 'NONE', *, *, #2091, .F. ) ;
#1666 = CARTESIAN_POINT ( 'NONE',  ( 4.325000000000002842, 0.7500000000000000000, -3.705000000000001847 ) ) ;
#1667 = SURFACE_STYLE_USAGE ( .BOTH. , #3515 ) ;
#1668 = CARTESIAN_POINT ( 'NONE',  ( -4.059999999999999609, 6.484452686125668386, -2.399999999999999911 ) ) ;
#1669 = VECTOR ( 'NONE', #458, 1000.000000000000000 ) ;
#1670 = CARTESIAN_POINT ( 'NONE',  ( -3.809999999999999609, 5.739999999999999325, -2.699999999999999734 ) ) ;
#1671 = LINE ( 'NONE', #1695, #3391 ) ;
#1672 = AXIS2_PLACEMENT_3D ( 'NONE', #3991, #3970, #3070 ) ;
#1673 = CARTESIAN_POINT ( 'NONE',  ( 3.810000000000000497, 7.133292349574287705, 2.699999999999999734 ) ) ;
#1674 = DIRECTION ( 'NONE',  ( -0.000000000000000000, -0.000000000000000000, -1.000000000000000000 ) ) ;
#1675 =( NAMED_UNIT ( * ) PLANE_ANGLE_UNIT ( ) SI_UNIT ( $, .RADIAN. ) );
#1676 = COLOUR_RGB ( '',0.6470588235294117974, 0.6196078431372549211, 0.5882352941176470784 ) ;
#1677 = ORIENTED_EDGE ( 'NONE', *, *, #3887, .F. ) ;
#1678 = CARTESIAN_POINT ( 'NONE',  ( -4.824999999999998401, 0.7500000000000000000, 4.954999999999999183 ) ) ;
#1679 = EDGE_CURVE ( 'NONE', #6, #907, #1874, .T. ) ;
#1680 =( GEOMETRIC_REPRESENTATION_CONTEXT ( 3 ) GLOBAL_UNCERTAINTY_ASSIGNED_CONTEXT ( ( #3298 ) ) GLOBAL_UNIT_ASSIGNED_CONTEXT ( ( #149, #1442, #4039 ) ) REPRESENTATION_CONTEXT ( 'NONE', 'WORKASPACE' ) );
#1681 = ADVANCED_FACE ( 'NONE', ( #1996 ), #3604, .T. ) ;
#1682 = LINE ( 'NONE', #2997, #2870 ) ;
#1683 = FACE_OUTER_BOUND ( 'NONE', #1396, .T. ) ;
#1684 = VERTEX_POINT ( 'NONE', #358 ) ;
#1685 = DIRECTION ( 'NONE',  ( -1.000000000000000000, 0.000000000000000000, 0.000000000000000000 ) ) ;
#1686 = VECTOR ( 'NONE', #404, 1000.000000000000000 ) ;
#1687 = VECTOR ( 'NONE', #1828, 1000.000000000000000 ) ;
#1688 = VERTEX_POINT ( 'NONE', #2682 ) ;
#1689 = CARTESIAN_POINT ( 'NONE',  ( 4.325000000000002842, 1.770000000000000018, -4.455000000000000959 ) ) ;
#1690 = VERTEX_POINT ( 'NONE', #2017 ) ;
#1691 = AXIS2_PLACEMENT_3D ( 'NONE', #2805, #826, #217 ) ;
#1692 = CARTESIAN_POINT ( 'NONE',  ( -4.182921509473424670, 6.808872517849978045, -0.1499999999999999944 ) ) ;
#1693 = VECTOR ( 'NONE', #1951, 1000.000000000000000 ) ;
#1694 = DIRECTION ( 'NONE',  ( -1.000000000000000000, -0.000000000000000000, -0.000000000000000000 ) ) ;
#1695 = CARTESIAN_POINT ( 'NONE',  ( 0.000000000000000000, -3.499999999999999556, 0.5000000000000001110 ) ) ;
#1696 = ADVANCED_FACE ( 'NONE', ( #1637 ), #3279, .T. ) ;
#1697 = DIRECTION ( 'NONE',  ( -1.000000000000000000, 0.000000000000000000, 0.000000000000000000 ) ) ;
#1698 = DIRECTION ( 'NONE',  ( 1.000000000000000000, 0.000000000000000000, 0.000000000000000000 ) ) ;
#1699 = VERTEX_POINT ( 'NONE', #708 ) ;
#1700 = DIRECTION ( 'NONE',  ( -0.000000000000000000, -1.000000000000000000, -0.000000000000000000 ) ) ;
#1701 = LINE ( 'NONE', #383, #3998 ) ;
#1702 = EDGE_CURVE ( 'NONE', #3323, #1940, #1312, .T. ) ;
#1703 = LINE ( 'NONE', #2998, #2360 ) ;
#1704 = EDGE_CURVE ( 'NONE', #1770, #1153, #3562, .T. ) ;
#1705 = VERTEX_POINT ( 'NONE', #3913 ) ;
#1706 = ORIENTED_EDGE ( 'NONE', *, *, #3614, .T. ) ;
#1707 = CARTESIAN_POINT ( 'NONE',  ( 1.000000000000000222, -3.499999999999999556, 0.5000000000000001110 ) ) ;
#1708 = FACE_OUTER_BOUND ( 'NONE', #634, .T. ) ;
#1709 = SURFACE_STYLE_FILL_AREA ( #1406 ) ;
#1710 = LINE ( 'NONE', #92, #1172 ) ;
#1711 = DIRECTION ( 'NONE',  ( 0.000000000000000000, -1.000000000000000000, -0.000000000000000000 ) ) ;
#1712 = UNCERTAINTY_MEASURE_WITH_UNIT (LENGTH_MEASURE( 1.000000000000000082E-05 ), #225, 'distance_accuracy_value', 'NONE');
#1713 = DIRECTION ( 'NONE',  ( 1.000000000000000000, 0.000000000000000000, -0.000000000000000000 ) ) ;
#1714 = DIRECTION ( 'NONE',  ( -1.000000000000000000, 0.000000000000000000, 0.000000000000000000 ) ) ;
#1715 = DIRECTION ( 'NONE',  ( 1.000000000000000000, 0.000000000000000000, -0.000000000000000000 ) ) ;
#1716 = EDGE_LOOP ( 'NONE', ( #3675, #130, #3406, #2392 ) ) ;
#1717 = DIRECTION ( 'NONE',  ( 0.000000000000000000, 0.000000000000000000, 1.000000000000000000 ) ) ;
#1718 = EDGE_CURVE ( 'NONE', #772, #2662, #952, .T. ) ;
#1719 = DIRECTION ( 'NONE',  ( -1.000000000000000000, -0.000000000000000000, -0.000000000000000000 ) ) ;
#1720 = CARTESIAN_POINT ( 'NONE',  ( -3.810000000000000497, 7.133292349574287705, 2.699999999999999734 ) ) ;
#1721 = CARTESIAN_POINT ( 'NONE',  ( -4.324999999999999289, 1.770000000000000018, 3.705000000000000071 ) ) ;
#1722 = VERTEX_POINT ( 'NONE', #3240 ) ;
#1723 = ORIENTED_EDGE ( 'NONE', *, *, #22, .T. ) ;
#1724 = CARTESIAN_POINT ( 'NONE',  ( -3.810000000000000497, 5.739999999999999325, 2.699999999999999734 ) ) ;
#1725 = EDGE_CURVE ( 'NONE', #3926, #4060, #3585, .T. ) ;
#1726 = ORIENTED_EDGE ( 'NONE', *, *, #44, .F. ) ;
#1727 = DIRECTION ( 'NONE',  ( 0.000000000000000000, 0.000000000000000000, -1.000000000000000000 ) ) ;
#1728 = CARTESIAN_POINT ( 'NONE',  ( 3.809999999999999609, 6.484452686125668386, -2.699999999999999734 ) ) ;
#1729 = MECHANICAL_DESIGN_GEOMETRIC_PRESENTATION_REPRESENTATION (  '', ( #1184 ), #2977 ) ;
#1730 = LINE ( 'NONE', #766, #1324 ) ;
#1731 = CARTESIAN_POINT ( 'NONE',  ( -4.824999999999998401, 5.739999999999999325, 4.954999999999999183 ) ) ;
#1732 = VECTOR ( 'NONE', #198, 1000.000000000000000 ) ;
#1733 = AXIS2_PLACEMENT_3D ( 'NONE', #144, #3997, #3768 ) ;
#1734 = CARTESIAN_POINT ( 'NONE',  ( -4.244340889027864883, 6.808872517849978045, 2.699999999999999734 ) ) ;
#1735 = ORIENTED_EDGE ( 'NONE', *, *, #4153, .F. ) ;
#1736 = DIRECTION ( 'NONE',  ( 0.000000000000000000, 0.000000000000000000, 1.000000000000000000 ) ) ;
#1737 = VECTOR ( 'NONE', #3803, 1000.000000000000000 ) ;
#1738 = CARTESIAN_POINT ( 'NONE',  ( -4.824999999999998401, 0.000000000000000000, -4.955000000000000959 ) ) ;
#1739 = PLANE ( 'NONE',  #240 ) ;
#1740 = AXIS2_PLACEMENT_3D ( 'NONE', #2787, #4074, #830 ) ;
#1741 = CARTESIAN_POINT ( 'NONE',  ( 3.809999999999999609, 5.739999999999999325, -2.699999999999999734 ) ) ;
#1742 = ORIENTED_EDGE ( 'NONE', *, *, #468, .T. ) ;
#1743 = ORIENTED_EDGE ( 'NONE', *, *, #4033, .F. ) ;
#1744 = VECTOR ( 'NONE', #957, 1000.000000000000000 ) ;
#1745 = CLOSED_SHELL ( 'NONE', ( #1499, #1843, #1644, #1171, #3942, #469, #1039, #683, #4176, #4041, #1681, #2345, #1857, #2265, #69, #441, #3216, #396, #3293, #1908, #61, #2574, #3922, #1809, #2402, #2924, #2769, #2671, #2707, #1582, #108, #1328, #3202, #4056, #297, #3016, #1784, #774, #3657, #3638, #4204, #1159, #3533, #353, #2229, #2809, #1619, #946, #3820, #3859, #2720, #2041, #255, #3873, #2469, #1508, #2015, #2678, #735, #2, #4093, #2863, #3252, #2518, #1990, #3190, #2260, #3276, #1956, #1412, #1376, #1025, #1630, #1384, #4012, #962, #1016, #3578, #124, #3683, #3356, #4005, #1590, #2778, #3205, #2663, #2700, #917, #1466, #1038, #2452, #1118, #4085, #1128, #1026, #1746, #2502, #3892, #2418, #556, #2361, #3732, #89, #3085, #307, #680, #3503, #1696, #2979, #2718, #3736, #2160, #2123, #1440, #4164 ) ) ;
#1746 = ADVANCED_FACE ( 'NONE', ( #40 ), #315, .F. ) ;
#1747 = MECHANICAL_DESIGN_GEOMETRIC_PRESENTATION_REPRESENTATION (  '', ( #858 ), #718 ) ;
#1748 = ORIENTED_EDGE ( 'NONE', *, *, #2453, .T. ) ;
#1749 = SURFACE_STYLE_FILL_AREA ( #2487 ) ;
#1750 = CARTESIAN_POINT ( 'NONE',  ( -3.871205805467482719, 6.808872517849978045, -2.399999999999999911 ) ) ;
#1751 = VECTOR ( 'NONE', #339, 1000.000000000000000 ) ;
#1752 = VECTOR ( 'NONE', #3994, 1000.000000000000000 ) ;
#1753 = CARTESIAN_POINT ( 'NONE',  ( -4.060000000000000497, 9.449999999999999289, 0.1499999999999999944 ) ) ;
#1754 = ORIENTED_EDGE ( 'NONE', *, *, #551, .F. ) ;
#1755 = AXIS2_PLACEMENT_3D ( 'NONE', #3294, #351, #373 ) ;
#1756 = COLOUR_RGB ( '',0.6470588235294117974, 0.6196078431372549211, 0.5882352941176470784 ) ;
#1757 = EDGE_CURVE ( 'NONE', #488, #2131, #4009, .T. ) ;
#1758 = ORIENTED_EDGE ( 'NONE', *, *, #747, .F. ) ;
#1759 = CIRCLE ( 'NONE', #1559, 1.780000000000000027 ) ;
#1760 = FILL_AREA_STYLE_COLOUR ( '', #1 ) ;
#1761 = FACE_OUTER_BOUND ( 'NONE', #628, .T. ) ;
#1762 = LINE ( 'NONE', #750, #2439 ) ;
#1763 = ORIENTED_EDGE ( 'NONE', *, *, #3364, .F. ) ;
#1764 =( NAMED_UNIT ( * ) PLANE_ANGLE_UNIT ( ) SI_UNIT ( $, .RADIAN. ) );
#1765 = EDGE_CURVE ( 'NONE', #739, #156, #1093, .T. ) ;
#1766 = SURFACE_STYLE_USAGE ( .BOTH. , #1434 ) ;
#1767 = DIRECTION ( 'NONE',  ( -0.000000000000000000, -1.000000000000000000, -0.000000000000000000 ) ) ;
#1768 = LINE ( 'NONE', #2732, #3847 ) ;
#1769 = VERTEX_POINT ( 'NONE', #180 ) ;
#1770 = VERTEX_POINT ( 'NONE', #2436 ) ;
#1771 =( NAMED_UNIT ( * ) PLANE_ANGLE_UNIT ( ) SI_UNIT ( $, .RADIAN. ) );
#1772 = ORIENTED_EDGE ( 'NONE', *, *, #3092, .T. ) ;
#1773 = CARTESIAN_POINT ( 'NONE',  ( 1.656127071143203011, -4.400103520548007019, 0.5000000000000001110 ) ) ;
#1774 = DIRECTION ( 'NONE',  ( -0.000000000000000000, -1.000000000000000000, -0.000000000000000000 ) ) ;
#1775 = EDGE_CURVE ( 'NONE', #4010, #420, #1762, .T. ) ;
#1776 = CARTESIAN_POINT ( 'NONE',  ( -3.574999999999999289, 1.770000000000000018, -3.705000000000000959 ) ) ;
#1777 = ORIENTED_EDGE ( 'NONE', *, *, #1492, .T. ) ;
#1778 = CARTESIAN_POINT ( 'NONE',  ( -1.708332520325009929, -4.349999999999998757, -0.4999999999999998890 ) ) ;
#1779 = DIRECTION ( 'NONE',  ( -1.750477775960451074E-16, -0.000000000000000000, -1.000000000000000000 ) ) ;
#1780 = CARTESIAN_POINT ( 'NONE',  ( -4.059999999999999609, 7.133292349574287705, -2.399999999999999911 ) ) ;
#1781 = ORIENTED_EDGE ( 'NONE', *, *, #3608, .F. ) ;
#1782 = DIRECTION ( 'NONE',  ( -1.000000000000000000, 0.000000000000000000, 0.000000000000000000 ) ) ;
#1783 =( NAMED_UNIT ( * ) PLANE_ANGLE_UNIT ( ) SI_UNIT ( $, .RADIAN. ) );
#1784 = ADVANCED_FACE ( 'NONE', ( #1477 ), #3662, .F. ) ;
#1785 = LINE ( 'NONE', #2397, #779 ) ;
#1786 = VERTEX_POINT ( 'NONE', #3424 ) ;
#1787 = ORIENTED_EDGE ( 'NONE', *, *, #3071, .T. ) ;
#1788 =( LENGTH_UNIT ( ) NAMED_UNIT ( * ) SI_UNIT ( .MILLI., .METRE. ) );
#1789 = ORIENTED_EDGE ( 'NONE', *, *, #3033, .T. ) ;
#1790 = PLANE ( 'NONE',  #761 ) ;
#1791 = LINE ( 'NONE', #3655, #1068 ) ;
#1792 = DIRECTION ( 'NONE',  ( 0.000000000000000000, 0.000000000000000000, -1.000000000000000000 ) ) ;
#1793 = ORIENTED_EDGE ( 'NONE', *, *, #3176, .F. ) ;
#1794 = CARTESIAN_POINT ( 'NONE',  ( 3.688635479482724300, 6.808872517849978045, -2.699999999999999734 ) ) ;
#1795 = MECHANICAL_DESIGN_GEOMETRIC_PRESENTATION_REPRESENTATION (  '', ( #1448 ), #699 ) ;
#1796 = CARTESIAN_POINT ( 'NONE',  ( 4.244340889027863994, 6.808872517849978045, 0.1499999999999999944 ) ) ;
#1797 = EDGE_CURVE ( 'NONE', #3072, #1690, #1049, .T. ) ;
#1798 = PRESENTATION_STYLE_ASSIGNMENT (( #579 ) ) ;
#1799 = CIRCLE ( 'NONE', #438, 1.770000000000000018 ) ;
#1800 = DIRECTION ( 'NONE',  ( 0.000000000000000000, 0.000000000000000000, 1.000000000000000000 ) ) ;
#1801 = ORIENTED_EDGE ( 'NONE', *, *, #2893, .T. ) ;
#1802 = DIRECTION ( 'NONE',  ( 0.000000000000000000, -0.000000000000000000, -1.000000000000000000 ) ) ;
#1803 = DIRECTION ( 'NONE',  ( -1.000000000000000000, 0.000000000000000000, 0.000000000000000000 ) ) ;
#1804 = CARTESIAN_POINT ( 'NONE',  ( -3.810000000000000497, 5.739999999999999325, 2.399999999999999911 ) ) ;
#1805 = CARTESIAN_POINT ( 'NONE',  ( -3.809999999999999609, 5.739999999999999325, -2.399999999999999911 ) ) ;
#1806 = ORIENTED_EDGE ( 'NONE', *, *, #1229, .F. ) ;
#1807 = ORIENTED_EDGE ( 'NONE', *, *, #499, .T. ) ;
#1808 =( LENGTH_UNIT ( ) NAMED_UNIT ( * ) SI_UNIT ( .MILLI., .METRE. ) );
#1809 = ADVANCED_FACE ( 'NONE', ( #815 ), #1073, .F. ) ;
#1810 = PRODUCT_RELATED_PRODUCT_CATEGORY ( 'part', '', ( #1052 ) ) ;
#1811 = CONICAL_SURFACE ( 'NONE', #1199, 1.629999999999999671, 0.7853981633974468357 ) ;
#1812 = ORIENTED_EDGE ( 'NONE', *, *, #523, .F. ) ;
#1813 = CARTESIAN_POINT ( 'NONE',  ( -4.824999999999998401, 5.739999999999999325, 4.954999999999999183 ) ) ;
#1814 = LINE ( 'NONE', #3713, #290 ) ;
#1815 = DIRECTION ( 'NONE',  ( 0.000000000000000000, 0.000000000000000000, -1.000000000000000000 ) ) ;
#1816 = VECTOR ( 'NONE', #1269, 1000.000000000000000 ) ;
#1817 = EDGE_CURVE ( 'NONE', #25, #1556, #2107, .T. ) ;
#1818 = VECTOR ( 'NONE', #1700, 1000.000000000000000 ) ;
#1819 = DIRECTION ( 'NONE',  ( -0.000000000000000000, -0.000000000000000000, -1.000000000000000000 ) ) ;
#1820 = ORIENTED_EDGE ( 'NONE', *, *, #523, .T. ) ;
#1821 = CARTESIAN_POINT ( 'NONE',  ( -3.809999999999999609, 5.739999999999999325, -2.399999999999999911 ) ) ;
#1822 = VECTOR ( 'NONE', #202, 1000.000000000000000 ) ;
#1823 = LINE ( 'NONE', #3761, #2313 ) ;
#1824 =( NAMED_UNIT ( * ) SI_UNIT ( $, .STERADIAN. ) SOLID_ANGLE_UNIT ( ) );
#1825 = AXIS2_PLACEMENT_3D ( 'NONE', #3030, #3306, #1017 ) ;
#1826 = LINE ( 'NONE', #4146, #382 ) ;
#1827 = ORIENTED_EDGE ( 'NONE', *, *, #1255, .T. ) ;
#1828 = DIRECTION ( 'NONE',  ( -0.000000000000000000, -0.000000000000000000, -1.000000000000000000 ) ) ;
#1829 = EDGE_CURVE ( 'NONE', #3399, #2881, #514, .T. ) ;
#1830 =( NAMED_UNIT ( * ) SI_UNIT ( $, .STERADIAN. ) SOLID_ANGLE_UNIT ( ) );
#1831 = DIRECTION ( 'NONE',  ( 0.000000000000000000, 1.000000000000000000, 0.000000000000000000 ) ) ;
#1832 = DIRECTION ( 'NONE',  ( 1.000000000000000000, 0.000000000000000000, 0.000000000000000000 ) ) ;
#1833 = VECTOR ( 'NONE', #2967, 1000.000000000000000 ) ;
#1834 = ORIENTED_EDGE ( 'NONE', *, *, #1381, .F. ) ;
#1835 = ORIENTED_EDGE ( 'NONE', *, *, #3711, .T. ) ;
#1836 = SURFACE_STYLE_FILL_AREA ( #4018 ) ;
#1837 = STYLED_ITEM ( 'NONE', ( #3451 ), #680 ) ;
#1838 = ORIENTED_EDGE ( 'NONE', *, *, #2837, .F. ) ;
#1839 = DIRECTION ( 'NONE',  ( 0.000000000000000000, 1.000000000000000000, 0.000000000000000000 ) ) ;
#1840 = CARTESIAN_POINT ( 'NONE',  ( 0.000000000000000000, 0.000000000000000000, 0.000000000000000000 ) ) ;
#1841 = CARTESIAN_POINT ( 'NONE',  ( -3.810000000000000497, 5.739999999999999325, 2.399999999999999911 ) ) ;
#1842 = CARTESIAN_POINT ( 'NONE',  ( -4.824999999999998401, 1.770000000000000018, 4.954999999999999183 ) ) ;
#1843 = ADVANCED_FACE ( 'NONE', ( #2413 ), #2765, .F. ) ;
#1844 = ORIENTED_EDGE ( 'NONE', *, *, #1433, .F. ) ;
#1845 = DIRECTION ( 'NONE',  ( 0.000000000000000000, 0.000000000000000000, -1.000000000000000000 ) ) ;
#1846 = FILL_AREA_STYLE_COLOUR ( '', #3989 ) ;
#1847 = FACE_OUTER_BOUND ( 'NONE', #3725, .T. ) ;
#1848 = FACE_OUTER_BOUND ( 'NONE', #2483, .T. ) ;
#1849 = CARTESIAN_POINT ( 'NONE',  ( -4.324999999999999289, 0.7500000000000000000, -3.705000000000000959 ) ) ;
#1850 = PLANE ( 'NONE',  #3335 ) ;
#1851 =( NAMED_UNIT ( * ) SI_UNIT ( $, .STERADIAN. ) SOLID_ANGLE_UNIT ( ) );
#1852 = EDGE_CURVE ( 'NONE', #890, #2443, #3379, .T. ) ;
#1853 = ORIENTED_EDGE ( 'NONE', *, *, #1647, .F. ) ;
#1854 = EDGE_LOOP ( 'NONE', ( #365, #237, #2111, #710 ) ) ;
#1855 = CARTESIAN_POINT ( 'NONE',  ( -3.810000000000000053, 9.449999999999999289, 0.1499999999999999944 ) ) ;
#1856 = ORIENTED_EDGE ( 'NONE', *, *, #1090, .F. ) ;
#1857 = ADVANCED_FACE ( 'NONE', ( #1115 ), #3723, .T. ) ;
#1858 = ORIENTED_EDGE ( 'NONE', *, *, #2966, .T. ) ;
#1859 = FACE_OUTER_BOUND ( 'NONE', #2867, .T. ) ;
#1860 = CARTESIAN_POINT ( 'NONE',  ( 1.603831785737479532, -4.450113722095250246, -0.4999999999999998890 ) ) ;
#1861 = LINE ( 'NONE', #4137, #2714 ) ;
#1862 = VECTOR ( 'NONE', #1767, 1000.000000000000000 ) ;
#1863 = VECTOR ( 'NONE', #1491, 1000.000000000000000 ) ;
#1864 = CARTESIAN_POINT ( 'NONE',  ( -3.809999999999999609, 9.449999999999999289, -2.399999999999999911 ) ) ;
#1865 = VERTEX_POINT ( 'NONE', #882 ) ;
#1866 = LINE ( 'NONE', #3169, #4049 ) ;
#1867 = CARTESIAN_POINT ( 'NONE',  ( -4.244340889027863994, 6.808872517849978045, -0.1499999999999999944 ) ) ;
#1868 = SURFACE_STYLE_USAGE ( .BOTH. , #561 ) ;
#1869 = FILL_AREA_STYLE_COLOUR ( '', #3374 ) ;
#1870 = ORIENTED_EDGE ( 'NONE', *, *, #2394, .T. ) ;
#1871 = CIRCLE ( 'NONE', #4030, 0.4942860299906992050 ) ;
#1872 = LINE ( 'NONE', #2608, #4206 ) ;
#1873 = CARTESIAN_POINT ( 'NONE',  ( 3.810000000000000497, 5.739999999999999325, 2.399999999999999911 ) ) ;
#1874 = LINE ( 'NONE', #587, #1123 ) ;
#1875 = ORIENTED_EDGE ( 'NONE', *, *, #627, .T. ) ;
#1876 = VERTEX_POINT ( 'NONE', #2240 ) ;
#1877 = CARTESIAN_POINT ( 'NONE',  ( 0.000000000000000000, 0.000000000000000000, 0.000000000000000000 ) ) ;
#1878 = VECTOR ( 'NONE', #452, 1000.000000000000000 ) ;
#1879 = VERTEX_POINT ( 'NONE', #2812 ) ;
#1880 = CARTESIAN_POINT ( 'NONE',  ( 4.325000000000002842, 1.770000000000000018, -3.705000000000001847 ) ) ;
#1881 = CIRCLE ( 'NONE', #1127, 0.3731350835603809424 ) ;
#1882 = EDGE_CURVE ( 'NONE', #3836, #3043, #1881, .T. ) ;
#1883 = LINE ( 'NONE', #1864, #376 ) ;
#1884 = VECTOR ( 'NONE', #2343, 1000.000000000000000 ) ;
#1885 = EDGE_LOOP ( 'NONE', ( #2528, #1758, #1223, #3813 ) ) ;
#1886 = DIRECTION ( 'NONE',  ( -0.000000000000000000, 1.000000000000000000, 0.000000000000000000 ) ) ;
#1887 = AXIS2_PLACEMENT_3D ( 'NONE', #3978, #428, #1058 ) ;
#1888 = CARTESIAN_POINT ( 'NONE',  ( 3.809999999999999609, 9.449999999999999289, -2.699999999999999734 ) ) ;
#1889 = CARTESIAN_POINT ( 'NONE',  ( 4.060000000000001386, 5.739999999999999325, 2.699999999999999734 ) ) ;
#1890 = EDGE_CURVE ( 'NONE', #865, #1446, #1391, .T. ) ;
#1891 = DIRECTION ( 'NONE',  ( 0.000000000000000000, 0.000000000000000000, -1.000000000000000000 ) ) ;
#1892 = CIRCLE ( 'NONE', #2447, 1.899999999999999911 ) ;
#1893 = CARTESIAN_POINT ( 'NONE',  ( -4.060000000000001386, 9.449999999999999289, 2.399999999999999911 ) ) ;
#1894 = CIRCLE ( 'NONE', #3617, 0.4942860299906992050 ) ;
#1895 = CIRCLE ( 'NONE', #1142, 0.4942860299906992050 ) ;
#1896 = CARTESIAN_POINT ( 'NONE',  ( 0.000000000000000000, 0.2500000000000000000, -1.770000000000000018 ) ) ;
#1897 = DIRECTION ( 'NONE',  ( -0.000000000000000000, 0.000000000000000000, 1.000000000000000000 ) ) ;
#1898 = DIRECTION ( 'NONE',  ( -0.000000000000000000, -1.000000000000000000, -0.000000000000000000 ) ) ;
#1899 = ORIENTED_EDGE ( 'NONE', *, *, #2427, .T. ) ;
#1900 = ORIENTED_EDGE ( 'NONE', *, *, #538, .T. ) ;
#1901 = LINE ( 'NONE', #4132, #1468 ) ;
#1902 = CIRCLE ( 'NONE', #534, 0.4942860299906992050 ) ;
#1903 = EDGE_LOOP ( 'NONE', ( #1413, #2444, #3646, #2973 ) ) ;
#1904 = ORIENTED_EDGE ( 'NONE', *, *, #2142, .T. ) ;
#1905 = PRESENTATION_STYLE_ASSIGNMENT (( #1642 ) ) ;
#1906 = ORIENTED_EDGE ( 'NONE', *, *, #2268, .T. ) ;
#1907 = FACE_OUTER_BOUND ( 'NONE', #3142, .T. ) ;
#1908 = ADVANCED_FACE ( 'NONE', ( #285 ), #3540, .F. ) ;
#1909 = CARTESIAN_POINT ( 'NONE',  ( -4.060000000000001386, 7.133292349574287705, 2.699999999999999734 ) ) ;
#1910 = DIRECTION ( 'NONE',  ( 0.000000000000000000, -0.000000000000000000, -1.000000000000000000 ) ) ;
#1911 = DIRECTION ( 'NONE',  ( -1.000000000000000000, 0.000000000000000000, -0.000000000000000000 ) ) ;
#1912 = FACE_OUTER_BOUND ( 'NONE', #2877, .T. ) ;
#1913 = DIRECTION ( 'NONE',  ( 1.000000000000000000, 0.000000000000000000, 0.000000000000000000 ) ) ;
#1914 = DIRECTION ( 'NONE',  ( 0.000000000000000000, 0.000000000000000000, 1.000000000000000000 ) ) ;
#1915 = CARTESIAN_POINT ( 'NONE',  ( 1.000000000000000222, 0.000000000000000000, 4.336808689942018722E-16 ) ) ;
#1916 = ORIENTED_EDGE ( 'NONE', *, *, #45, .T. ) ;
#1917 = ORIENTED_EDGE ( 'NONE', *, *, #1201, .F. ) ;
#1918 = CARTESIAN_POINT ( 'NONE',  ( -3.809999999999999609, 7.133292349574287705, -2.399999999999999911 ) ) ;
#1919 = EDGE_CURVE ( 'NONE', #4154, #2467, #204, .T. ) ;
#1920 = ORIENTED_EDGE ( 'NONE', *, *, #2942, .F. ) ;
#1921 = CARTESIAN_POINT ( 'NONE',  ( 3.982998415941970904, 0.000000000000000000, -4.955000000000000959 ) ) ;
#1922 = CARTESIAN_POINT ( 'NONE',  ( -1.000000000000000000, 0.000000000000000000, -0.4999999999999998890 ) ) ;
#1923 = UNCERTAINTY_MEASURE_WITH_UNIT (LENGTH_MEASURE( 1.000000000000000082E-05 ), #1988, 'distance_accuracy_value', 'NONE');
#1924 = ORIENTED_EDGE ( 'NONE', *, *, #3363, .T. ) ;
#1925 = DIRECTION ( 'NONE',  ( -0.8660254037844387076, 0.000000000000000000, -0.4999999999999999445 ) ) ;
#1926 = VECTOR ( 'NONE', #1121, 1000.000000000000000 ) ;
#1927 = CARTESIAN_POINT ( 'NONE',  ( 3.810000000000000053, 5.739999999999999325, 0.1499999999999999944 ) ) ;
#1928 = DIRECTION ( 'NONE',  ( 1.750477775960450827E-16, 0.000000000000000000, 1.000000000000000000 ) ) ;
#1929 = EDGE_CURVE ( 'NONE', #892, #370, #1197, .T. ) ;
#1930 = CARTESIAN_POINT ( 'NONE',  ( -1.000000000000000000, 0.000000000000000000, 0.000000000000000000 ) ) ;
#1931 = SURFACE_SIDE_STYLE ('',( #685 ) ) ;
#1932 = DIRECTION ( 'NONE',  ( -0.000000000000000000, -0.000000000000000000, -1.000000000000000000 ) ) ;
#1933 = ORIENTED_EDGE ( 'NONE', *, *, #213, .T. ) ;
#1934 = ORIENTED_EDGE ( 'NONE', *, *, #2050, .T. ) ;
#1935 = CARTESIAN_POINT ( 'NONE',  ( 0.000000000000000000, 1.770000000000000018, 0.000000000000000000 ) ) ;
#1936 = CIRCLE ( 'NONE', #633, 0.4942860299906992050 ) ;
#1937 = EDGE_CURVE ( 'NONE', #907, #350, #546, .T. ) ;
#1938 = EDGE_LOOP ( 'NONE', ( #2831, #3387, #3054 ) ) ;
#1939 = FILL_AREA_STYLE_COLOUR ( '', #3251 ) ;
#1940 = VERTEX_POINT ( 'NONE', #1161 ) ;
#1941 = EDGE_CURVE ( 'NONE', #247, #409, #2521, .T. ) ;
#1942 = SURFACE_SIDE_STYLE ('',( #630 ) ) ;
#1943 = EDGE_LOOP ( 'NONE', ( #3481, #2254, #2374, #1002 ) ) ;
#1944 = DIRECTION ( 'NONE',  ( -0.000000000000000000, -1.000000000000000000, -0.000000000000000000 ) ) ;
#1945 = EDGE_CURVE ( 'NONE', #2839, #772, #603, .T. ) ;
#1946 = VECTOR ( 'NONE', #1447, 999.9999999999998863 ) ;
#1947 =( NAMED_UNIT ( * ) SI_UNIT ( $, .STERADIAN. ) SOLID_ANGLE_UNIT ( ) );
#1948 = CARTESIAN_POINT ( 'NONE',  ( -1.708332520325009929, -4.349999999999998757, 0.5000000000000001110 ) ) ;
#1949 = PRESENTATION_STYLE_ASSIGNMENT (( #2930 ) ) ;
#1950 = MECHANICAL_DESIGN_GEOMETRIC_PRESENTATION_REPRESENTATION (  '', ( #853 ), #1953 ) ;
#1951 = DIRECTION ( 'NONE',  ( -0.000000000000000000, -1.000000000000000000, -0.000000000000000000 ) ) ;
#1952 = DIRECTION ( 'NONE',  ( -1.750477775960451074E-16, 0.000000000000000000, -1.000000000000000000 ) ) ;
#1953 =( GEOMETRIC_REPRESENTATION_CONTEXT ( 3 ) GLOBAL_UNCERTAINTY_ASSIGNED_CONTEXT ( ( #2931 ) ) GLOBAL_UNIT_ASSIGNED_CONTEXT ( ( #1788, #1771, #2158 ) ) REPRESENTATION_CONTEXT ( 'NONE', 'WORKASPACE' ) );
#1954 = FILL_AREA_STYLE ('',( #970 ) ) ;
#1955 = VERTEX_POINT ( 'NONE', #1570 ) ;
#1956 = ADVANCED_FACE ( 'NONE', ( #3827 ), #2838, .F. ) ;
#1957 = FACE_OUTER_BOUND ( 'NONE', #2184, .T. ) ;
#1958 = AXIS2_PLACEMENT_3D ( 'NONE', #1160, #2496, #1178 ) ;
#1959 = AXIS2_PLACEMENT_3D ( 'NONE', #620, #965, #3011 ) ;
#1960 = EDGE_CURVE ( 'NONE', #253, #2278, #1826, .T. ) ;
#1961 = PLANE ( 'NONE',  #2905 ) ;
#1962 = VECTOR ( 'NONE', #2898, 1000.000000000000000 ) ;
#1963 = ORIENTED_EDGE ( 'NONE', *, *, #3021, .T. ) ;
#1964 = FILL_AREA_STYLE ('',( #653 ) ) ;
#1965 = FILL_AREA_STYLE_COLOUR ( '', #1756 ) ;
#1966 = UNCERTAINTY_MEASURE_WITH_UNIT (LENGTH_MEASURE( 1.000000000000000082E-05 ), #3012, 'distance_accuracy_value', 'NONE');
#1967 =( GEOMETRIC_REPRESENTATION_CONTEXT ( 3 ) GLOBAL_UNCERTAINTY_ASSIGNED_CONTEXT ( ( #2284 ) ) GLOBAL_UNIT_ASSIGNED_CONTEXT ( ( #161, #4079, #1830 ) ) REPRESENTATION_CONTEXT ( 'NONE', 'WORKASPACE' ) );
#1968 = VERTEX_POINT ( 'NONE', #1250 ) ;
#1969 = CARTESIAN_POINT ( 'NONE',  ( -3.574999999999999289, 0.7500000000000000000, 3.704999999999999183 ) ) ;
#1970 = VERTEX_POINT ( 'NONE', #3492 ) ;
#1971 = EDGE_CURVE ( 'NONE', #2401, #3461, #832, .T. ) ;
#1972 =( NAMED_UNIT ( * ) PLANE_ANGLE_UNIT ( ) SI_UNIT ( $, .RADIAN. ) );
#1973 = FACE_OUTER_BOUND ( 'NONE', #2362, .T. ) ;
#1974 = VECTOR ( 'NONE', #2626, 1000.000000000000000 ) ;
#1975 = CARTESIAN_POINT ( 'NONE',  ( 4.182921509473423782, 6.808872517849978045, -2.699999999999999734 ) ) ;
#1976 = PLANE ( 'NONE',  #3453 ) ;
#1977 = DIRECTION ( 'NONE',  ( -1.000000000000000000, 0.000000000000000000, 0.000000000000000000 ) ) ;
#1978 = EDGE_LOOP ( 'NONE', ( #274, #2327, #953, #3253 ) ) ;
#1979 = PLANE ( 'NONE',  #1547 ) ;
#1980 = DIRECTION ( 'NONE',  ( 0.000000000000000000, 0.000000000000000000, 1.000000000000000000 ) ) ;
#1981 = EDGE_CURVE ( 'NONE', #2662, #2066, #921, .T. ) ;
#1982 = DIRECTION ( 'NONE',  ( -0.000000000000000000, 1.000000000000000000, 0.000000000000000000 ) ) ;
#1983 = ORIENTED_EDGE ( 'NONE', *, *, #870, .T. ) ;
#1984 = EDGE_CURVE ( 'NONE', #1705, #2603, #246, .T. ) ;
#1985 = ORIENTED_EDGE ( 'NONE', *, *, #454, .T. ) ;
#1986 = ORIENTED_EDGE ( 'NONE', *, *, #3587, .T. ) ;
#1987 = FILL_AREA_STYLE_COLOUR ( '', #2579 ) ;
#1988 =( LENGTH_UNIT ( ) NAMED_UNIT ( * ) SI_UNIT ( .MILLI., .METRE. ) );
#1989 = CARTESIAN_POINT ( 'NONE',  ( -4.059999999999999609, 5.739999999999999325, -2.399999999999999911 ) ) ;
#1990 = ADVANCED_FACE ( 'NONE', ( #1848 ), #3154, .T. ) ;
#1991 = SURFACE_SIDE_STYLE ('',( #4208 ) ) ;
#1992 = STYLED_ITEM ( 'NONE', ( #354 ), #89 ) ;
#1993 = CIRCLE ( 'NONE', #1177, 0.3731350835603809424 ) ;
#1994 = CARTESIAN_POINT ( 'NONE',  ( 4.182921509473425559, 6.808872517849978045, 2.699999999999999734 ) ) ;
#1995 = PRESENTATION_STYLE_ASSIGNMENT (( #668 ) ) ;
#1996 = FACE_OUTER_BOUND ( 'NONE', #2202, .T. ) ;
#1997 = ORIENTED_EDGE ( 'NONE', *, *, #885, .F. ) ;
#1998 = SURFACE_SIDE_STYLE ('',( #81 ) ) ;
#1999 = DIRECTION ( 'NONE',  ( 0.000000000000000000, -1.000000000000000000, 0.000000000000000000 ) ) ;
#2000 = DIRECTION ( 'NONE',  ( -0.5000000000000001110, 0.000000000000000000, -0.8660254037844385966 ) ) ;
#2001 = ORIENTED_EDGE ( 'NONE', *, *, #2800, .T. ) ;
#2002 = VECTOR ( 'NONE', #1910, 1000.000000000000000 ) ;
#2003 = UNCERTAINTY_MEASURE_WITH_UNIT (LENGTH_MEASURE( 1.000000000000000082E-05 ), #2622, 'distance_accuracy_value', 'NONE');
#2004 = VECTOR ( 'NONE', #2454, 1000.000000000000000 ) ;
#2005 = ORIENTED_EDGE ( 'NONE', *, *, #1797, .F. ) ;
#2006 = DIRECTION ( 'NONE',  ( 0.000000000000000000, 0.000000000000000000, -1.000000000000000000 ) ) ;
#2007 = EDGE_CURVE ( 'NONE', #3432, #2156, #3490, .T. ) ;
#2008 = MECHANICAL_DESIGN_GEOMETRIC_PRESENTATION_REPRESENTATION (  '', ( #3372 ), #2226 ) ;
#2009 = DIRECTION ( 'NONE',  ( 1.000000000000000000, 0.000000000000000000, 0.000000000000000000 ) ) ;
#2010 = VECTOR ( 'NONE', #2705, 1000.000000000000000 ) ;
#2011 = FACE_OUTER_BOUND ( 'NONE', #1281, .T. ) ;
#2012 = VECTOR ( 'NONE', #208, 1000.000000000000000 ) ;
#2013 = SURFACE_SIDE_STYLE ('',( #355 ) ) ;
#2014 = AXIS2_PLACEMENT_3D ( 'NONE', #3867, #1565, #598 ) ;
#2015 = ADVANCED_FACE ( 'NONE', ( #1495 ), #1158, .T. ) ;
#2016 = CARTESIAN_POINT ( 'NONE',  ( -4.824999999999998401, 0.7500000000000000000, 4.954999999999999183 ) ) ;
#2017 = CARTESIAN_POINT ( 'NONE',  ( 4.825000000000001954, 0.000000000000000000, -4.955000000000000959 ) ) ;
#2018 = AXIS2_PLACEMENT_3D ( 'NONE', #1535, #4136, #2255 ) ;
#2019 = VERTEX_POINT ( 'NONE', #3717 ) ;
#2020 = DIRECTION ( 'NONE',  ( -0.000000000000000000, -1.000000000000000000, -0.000000000000000000 ) ) ;
#2021 = VECTOR ( 'NONE', #1289, 1000.000000000000000 ) ;
#2022 = VECTOR ( 'NONE', #2225, 1000.000000000000000 ) ;
#2023 = CARTESIAN_POINT ( 'NONE',  ( 3.575000000000002842, 0.7500000000000000000, -4.455000000000000959 ) ) ;
#2024 = DIRECTION ( 'NONE',  ( 0.000000000000000000, 1.000000000000000000, 0.000000000000000000 ) ) ;
#2025 = ORIENTED_EDGE ( 'NONE', *, *, #592, .T. ) ;
#2026 = CARTESIAN_POINT ( 'NONE',  ( -4.824999999999998401, 5.739999999999999325, 4.954999999999999183 ) ) ;
#2027 = VECTOR ( 'NONE', #1183, 1000.000000000000000 ) ;
#2028 = VECTOR ( 'NONE', #3704, 1000.000000000000000 ) ;
#2029 = VERTEX_POINT ( 'NONE', #2860 ) ;
#2030 = CARTESIAN_POINT ( 'NONE',  ( 4.059999999999999609, 7.133292349574287705, -2.399999999999999911 ) ) ;
#2031 = MECHANICAL_DESIGN_GEOMETRIC_PRESENTATION_REPRESENTATION (  '', ( #2597 ), #3666 ) ;
#2032 = PRESENTATION_STYLE_ASSIGNMENT (( #1667 ) ) ;
#2033 = FACE_OUTER_BOUND ( 'NONE', #2746, .T. ) ;
#2034 = CARTESIAN_POINT ( 'NONE',  ( 3.688635479482725188, 6.808872517849978045, -0.1499999999999999944 ) ) ;
#2035 = EDGE_CURVE ( 'NONE', #1699, #1628, #1108, .T. ) ;
#2036 = CARTESIAN_POINT ( 'NONE',  ( 0.000000000000000000, 0.000000000000000000, 0.000000000000000000 ) ) ;
#2037 = COLOUR_RGB ( '',0.6470588235294117974, 0.6196078431372549211, 0.5882352941176470784 ) ;
#2038 = CARTESIAN_POINT ( 'NONE',  ( -4.824999999999998401, 5.739999999999999325, 4.954999999999999183 ) ) ;
#2039 = CARTESIAN_POINT ( 'NONE',  ( 3.809999999999999609, 6.484452686125668386, -2.399999999999999911 ) ) ;
#2040 = FILL_AREA_STYLE_COLOUR ( '', #1329 ) ;
#2041 = ADVANCED_FACE ( 'NONE', ( #3421 ), #2168, .T. ) ;
#2042 = VERTEX_POINT ( 'NONE', #543 ) ;
#2043 =( LENGTH_UNIT ( ) NAMED_UNIT ( * ) SI_UNIT ( .MILLI., .METRE. ) );
#2044 = DIRECTION ( 'NONE',  ( -1.000000000000000000, 0.000000000000000000, 0.000000000000000000 ) ) ;
#2045 = DIRECTION ( 'NONE',  ( -1.000000000000000000, 0.000000000000000000, 0.000000000000000000 ) ) ;
#2046 = CARTESIAN_POINT ( 'NONE',  ( -3.824999999999994404, 0.7500000000000000000, -4.955000000000000959 ) ) ;
#2047 = ORIENTED_EDGE ( 'NONE', *, *, #1919, .F. ) ;
#2048 = CARTESIAN_POINT ( 'NONE',  ( -4.182921509473424670, 6.808872517849978045, 0.1499999999999999944 ) ) ;
#2049 = VERTEX_POINT ( 'NONE', #559 ) ;
#2050 = EDGE_CURVE ( 'NONE', #2421, #977, #2515, .T. ) ;
#2051 = VERTEX_POINT ( 'NONE', #2832 ) ;
#2052 = FACE_OUTER_BOUND ( 'NONE', #1251, .T. ) ;
#2053 = FACE_BOUND ( 'NONE', #1978, .T. ) ;
#2054 = CARTESIAN_POINT ( 'NONE',  ( -3.810000000000000497, 7.133292349574287705, 2.399999999999999911 ) ) ;
#2055 = DIRECTION ( 'NONE',  ( 0.000000000000000000, 0.000000000000000000, 1.000000000000000000 ) ) ;
#2056 = FILL_AREA_STYLE ('',( #1760 ) ) ;
#2057 = CARTESIAN_POINT ( 'NONE',  ( -3.810000000000000053, 9.449999999999999289, 0.1499999999999999944 ) ) ;
#2058 = SURFACE_SIDE_STYLE ('',( #3027 ) ) ;
#2059 = VERTEX_POINT ( 'NONE', #4117 ) ;
#2060 = PRESENTATION_STYLE_ASSIGNMENT (( #3685 ) ) ;
#2061 = EDGE_CURVE ( 'NONE', #3809, #3351, #1089, .T. ) ;
#2062 =( GEOMETRIC_REPRESENTATION_CONTEXT ( 3 ) GLOBAL_UNCERTAINTY_ASSIGNED_CONTEXT ( ( #2003 ) ) GLOBAL_UNIT_ASSIGNED_CONTEXT ( ( #2622, #3908, #744 ) ) REPRESENTATION_CONTEXT ( 'NONE', 'WORKASPACE' ) );
#2063 = LINE ( 'NONE', #1738, #3135 ) ;
#2064 = SURFACE_STYLE_FILL_AREA ( #502 ) ;
#2065 = ORIENTED_EDGE ( 'NONE', *, *, #571, .T. ) ;
#2066 = VERTEX_POINT ( 'NONE', #810 ) ;
#2067 = SURFACE_STYLE_USAGE ( .BOTH. , #2089 ) ;
#2068 = EDGE_CURVE ( 'NONE', #1316, #1548, #2760, .T. ) ;
#2069 = ORIENTED_EDGE ( 'NONE', *, *, #2061, .T. ) ;
#2070 = CARTESIAN_POINT ( 'NONE',  ( 0.000000000000000000, 0.000000000000000000, 0.000000000000000000 ) ) ;
#2071 = CARTESIAN_POINT ( 'NONE',  ( -4.824999999999998401, 0.000000000000000000, 4.954999999999999183 ) ) ;
#2072 = AXIS2_PLACEMENT_3D ( 'NONE', #3889, #3869, #945 ) ;
#2073 = CYLINDRICAL_SURFACE ( 'NONE', #3845, 0.3731350835603809424 ) ;
#2074 = ORIENTED_EDGE ( 'NONE', *, *, #747, .T. ) ;
#2075 = VECTOR ( 'NONE', #2785, 1000.000000000000000 ) ;
#2076 = EDGE_CURVE ( 'NONE', #2051, #1402, #2808, .T. ) ;
#2077 = ORIENTED_EDGE ( 'NONE', *, *, #1181, .T. ) ;
#2078 =( GEOMETRIC_REPRESENTATION_CONTEXT ( 3 ) GLOBAL_UNCERTAINTY_ASSIGNED_CONTEXT ( ( #3884 ) ) GLOBAL_UNIT_ASSIGNED_CONTEXT ( ( #2420, #1166, #3076 ) ) REPRESENTATION_CONTEXT ( 'NONE', 'WORKASPACE' ) );
#2079 = DIRECTION ( 'NONE',  ( 0.000000000000000000, 0.000000000000000000, 1.000000000000000000 ) ) ;
#2080 = DIRECTION ( 'NONE',  ( 1.000000000000000000, 0.000000000000000000, 0.000000000000000000 ) ) ;
#2081 = ORIENTED_EDGE ( 'NONE', *, *, #446, .F. ) ;
#2082 = LINE ( 'NONE', #4011, #1752 ) ;
#2083 = FILL_AREA_STYLE ('',( #776 ) ) ;
#2084 = LINE ( 'NONE', #3115, #1926 ) ;
#2085 = MECHANICAL_DESIGN_GEOMETRIC_PRESENTATION_REPRESENTATION (  '', ( #3313 ), #1680 ) ;
#2086 = LINE ( 'NONE', #425, #2981 ) ;
#2087 = ORIENTED_EDGE ( 'NONE', *, *, #3608, .T. ) ;
#2088 = ORIENTED_EDGE ( 'NONE', *, *, #2691, .T. ) ;
#2089 = SURFACE_SIDE_STYLE ('',( #1836 ) ) ;
#2090 = ORIENTED_EDGE ( 'NONE', *, *, #2453, .F. ) ;
#2091 = EDGE_CURVE ( 'NONE', #971, #757, #518, .T. ) ;
#2092 = VECTOR ( 'NONE', #990, 1000.000000000000000 ) ;
#2093 = ORIENTED_EDGE ( 'NONE', *, *, #1941, .F. ) ;
#2094 = EDGE_CURVE ( 'NONE', #2543, #253, #2456, .T. ) ;
#2095 = CARTESIAN_POINT ( 'NONE',  ( 0.4972259597883800786, -4.349999999999999645, -0.6360909047471663413 ) ) ;
#2096 = AXIS2_PLACEMENT_3D ( 'NONE', #1048, #418, #1713 ) ;
#2097 = CIRCLE ( 'NONE', #2653, 1.770000000000000018 ) ;
#2098 = DIRECTION ( 'NONE',  ( -0.000000000000000000, 1.000000000000000000, 0.000000000000000000 ) ) ;
#2099 = ORIENTED_EDGE ( 'NONE', *, *, #1568, .T. ) ;
#2100 = CARTESIAN_POINT ( 'NONE',  ( -1.603831785737479532, -4.450113722095250246, -0.4999999999999998890 ) ) ;
#2101 = AXIS2_PLACEMENT_3D ( 'NONE', #1514, #2828, #1196 ) ;
#2102 = UNCERTAINTY_MEASURE_WITH_UNIT (LENGTH_MEASURE( 1.000000000000000082E-05 ), #686, 'distance_accuracy_value', 'NONE');
#2103 = EDGE_CURVE ( 'NONE', #4063, #1168, #1266, .T. ) ;
#2104 = CIRCLE ( 'NONE', #335, 1.780000000000000027 ) ;
#2105 = FILL_AREA_STYLE_COLOUR ( '', #861 ) ;
#2106 = CARTESIAN_POINT ( 'NONE',  ( 4.182921509473425559, 6.808872517849978045, 2.399999999999999911 ) ) ;
#2107 = LINE ( 'NONE', #1430, #3107 ) ;
#2108 = EDGE_LOOP ( 'NONE', ( #1226, #49, #1485, #1167 ) ) ;
#2109 = PLANE ( 'NONE',  #734 ) ;
#2110 = SURFACE_SIDE_STYLE ('',( #1482 ) ) ;
#2111 = ORIENTED_EDGE ( 'NONE', *, *, #1852, .F. ) ;
#2112 = ORIENTED_EDGE ( 'NONE', *, *, #601, .F. ) ;
#2113 = EDGE_CURVE ( 'NONE', #4150, #2847, #879, .T. ) ;
#2114 = ORIENTED_EDGE ( 'NONE', *, *, #804, .F. ) ;
#2115 = CARTESIAN_POINT ( 'NONE',  ( -3.810000000000000053, 5.739999999999999325, -0.1499999999999999944 ) ) ;
#2116 = LINE ( 'NONE', #1105, #2206 ) ;
#2117 = CARTESIAN_POINT ( 'NONE',  ( -4.060000000000000497, 7.133292349574287705, -0.1499999999999999944 ) ) ;
#2118 = SHAPE_DEFINITION_REPRESENTATION ( #3345, #1500 ) ;
#2119 = CARTESIAN_POINT ( 'NONE',  ( -3.810000000000000497, 9.449999999999999289, 2.699999999999999734 ) ) ;
#2120 = VERTEX_POINT ( 'NONE', #1794 ) ;
#2121 = DIRECTION ( 'NONE',  ( -0.8267376964186788912, 0.000000000000000000, 0.5625875765783816540 ) ) ;
#2122 = SURFACE_STYLE_FILL_AREA ( #4161 ) ;
#2123 = ADVANCED_FACE ( 'NONE', ( #3105 ), #176, .F. ) ;
#2124 =( NAMED_UNIT ( * ) PLANE_ANGLE_UNIT ( ) SI_UNIT ( $, .RADIAN. ) );
#2125 = EDGE_CURVE ( 'NONE', #2132, #3163, #4188, .T. ) ;
#2126 = FILL_AREA_STYLE_COLOUR ( '', #2856 ) ;
#2127 = LINE ( 'NONE', #3747, #3536 ) ;
#2128 = DIRECTION ( 'NONE',  ( 0.000000000000000000, 1.000000000000000000, 0.000000000000000000 ) ) ;
#2129 = CARTESIAN_POINT ( 'NONE',  ( 2.380753800001319309, 2.786979565318412178, -4.746410318745436285 ) ) ;
#2130 = CARTESIAN_POINT ( 'NONE',  ( 4.060000000000001386, 5.739999999999999325, 2.699999999999999734 ) ) ;
#2131 = VERTEX_POINT ( 'NONE', #2493 ) ;
#2132 = VERTEX_POINT ( 'NONE', #201 ) ;
#2133 = PRESENTATION_STYLE_ASSIGNMENT (( #3097 ) ) ;
#2134 = AXIS2_PLACEMENT_3D ( 'NONE', #2781, #1424, #2738 ) ;
#2135 = ORIENTED_EDGE ( 'NONE', *, *, #3679, .F. ) ;
#2136 = DIRECTION ( 'NONE',  ( 0.000000000000000000, -0.000000000000000000, -1.000000000000000000 ) ) ;
#2137 = CARTESIAN_POINT ( 'NONE',  ( -3.688635479482726076, 6.808872517849978045, 2.699999999999999734 ) ) ;
#2138 = DIRECTION ( 'NONE',  ( -0.000000000000000000, -0.000000000000000000, -1.000000000000000000 ) ) ;
#2139 = PRODUCT_CONTEXT ( 'NONE', #1000, 'mechanical' ) ;
#2140 = DIRECTION ( 'NONE',  ( 0.000000000000000000, -1.000000000000000000, 0.000000000000000000 ) ) ;
#2141 = EDGE_LOOP ( 'NONE', ( #3771, #259, #3084, #1789 ) ) ;
#2142 = EDGE_CURVE ( 'NONE', #3454, #2356, #4092, .T. ) ;
#2143 = DIRECTION ( 'NONE',  ( -0.000000000000000000, -0.000000000000000000, -1.000000000000000000 ) ) ;
#2144 = SURFACE_STYLE_USAGE ( .BOTH. , #1112 ) ;
#2145 = COLOUR_RGB ( '',0.6470588235294117974, 0.6196078431372549211, 0.5882352941176470784 ) ;
#2146 = DIRECTION ( 'NONE',  ( 0.000000000000000000, 0.000000000000000000, 1.000000000000000000 ) ) ;
#2147 = EDGE_LOOP ( 'NONE', ( #3569, #3611, #3199, #181, #270, #1103, #3564, #2201 ) ) ;
#2148 = CARTESIAN_POINT ( 'NONE',  ( -4.824999999999998401, 0.7500000000000000000, -3.955000000000000071 ) ) ;
#2149 =( GEOMETRIC_REPRESENTATION_CONTEXT ( 3 ) GLOBAL_UNCERTAINTY_ASSIGNED_CONTEXT ( ( #1624 ) ) GLOBAL_UNIT_ASSIGNED_CONTEXT ( ( #3322, #402, #79 ) ) REPRESENTATION_CONTEXT ( 'NONE', 'WORKASPACE' ) );
#2150 = EDGE_CURVE ( 'NONE', #2603, #767, #1866, .T. ) ;
#2151 = AXIS2_PLACEMENT_3D ( 'NONE', #2482, #1831, #2547 ) ;
#2152 = CARTESIAN_POINT ( 'NONE',  ( -3.574999999999999289, 0.7500000000000000000, 4.454999999999999183 ) ) ;
#2153 = SURFACE_SIDE_STYLE ('',( #835 ) ) ;
#2154 = DIRECTION ( 'NONE',  ( -1.000000000000000000, 0.000000000000000000, 0.000000000000000000 ) ) ;
#2155 = MECHANICAL_DESIGN_GEOMETRIC_PRESENTATION_REPRESENTATION (  '', ( #916 ), #848 ) ;
#2156 = VERTEX_POINT ( 'NONE', #2617 ) ;
#2157 = VERTEX_POINT ( 'NONE', #976 ) ;
#2158 =( NAMED_UNIT ( * ) SI_UNIT ( $, .STERADIAN. ) SOLID_ANGLE_UNIT ( ) );
#2159 = VECTOR ( 'NONE', #1227, 1000.000000000000000 ) ;
#2160 = ADVANCED_FACE ( 'NONE', ( #635 ), #3535, .F. ) ;
#2161 = ORIENTED_EDGE ( 'NONE', *, *, #1191, .F. ) ;
#2162 = DIRECTION ( 'NONE',  ( 0.000000000000000000, 0.000000000000000000, 1.000000000000000000 ) ) ;
#2163 = VECTOR ( 'NONE', #2275, 1000.000000000000000 ) ;
#2164 = CARTESIAN_POINT ( 'NONE',  ( -4.182921509473425559, 6.808872517849978045, 2.699999999999999734 ) ) ;
#2165 =( NAMED_UNIT ( * ) SI_UNIT ( $, .STERADIAN. ) SOLID_ANGLE_UNIT ( ) );
#2166 = CARTESIAN_POINT ( 'NONE',  ( -1.000000000000000000, 0.000000000000000000, 0.5000000000000001110 ) ) ;
#2167 = ORIENTED_EDGE ( 'NONE', *, *, #2388, .T. ) ;
#2168 = PLANE ( 'NONE',  #2299 ) ;
#2169 = AXIS2_PLACEMENT_3D ( 'NONE', #1473, #3784, #4051 ) ;
#2170 = VECTOR ( 'NONE', #1571, 1000.000000000000000 ) ;
#2171 = FACE_OUTER_BOUND ( 'NONE', #1938, .T. ) ;
#2172 = CARTESIAN_POINT ( 'NONE',  ( -4.244340889027863994, 6.808872517849978045, -2.399999999999999911 ) ) ;
#2173 = VECTOR ( 'NONE', #2293, 1000.000000000000000 ) ;
#2174 = CARTESIAN_POINT ( 'NONE',  ( 0.000000000000000000, 0.2500000000000000000, 0.000000000000000000 ) ) ;
#2175 = EDGE_CURVE ( 'NONE', #370, #1684, #915, .T. ) ;
#2176 = ORIENTED_EDGE ( 'NONE', *, *, #2035, .F. ) ;
#2177 = FILL_AREA_STYLE_COLOUR ( '', #2713 ) ;
#2178 = AXIS2_PLACEMENT_3D ( 'NONE', #713, #2654, #3365 ) ;
#2179 = DIRECTION ( 'NONE',  ( 0.000000000000000000, 0.000000000000000000, 1.000000000000000000 ) ) ;
#2180 =( NAMED_UNIT ( * ) SI_UNIT ( $, .STERADIAN. ) SOLID_ANGLE_UNIT ( ) );
#2181 = PLANE ( 'NONE',  #378 ) ;
#2182 = MECHANICAL_DESIGN_GEOMETRIC_PRESENTATION_REPRESENTATION (  '', ( #2652 ), #1344 ) ;
#2183 = ORIENTED_EDGE ( 'NONE', *, *, #646, .T. ) ;
#2184 = EDGE_LOOP ( 'NONE', ( #1858, #1372, #940, #2899 ) ) ;
#2185 = DIRECTION ( 'NONE',  ( -0.000000000000000000, 1.000000000000000000, 0.000000000000000000 ) ) ;
#2186 = ORIENTED_EDGE ( 'NONE', *, *, #2208, .F. ) ;
#2187 = CIRCLE ( 'NONE', #880, 1.629999999999999893 ) ;
#2188 = ORIENTED_EDGE ( 'NONE', *, *, #3943, .F. ) ;
#2189 = SURFACE_STYLE_FILL_AREA ( #2827 ) ;
#2190 = FILL_AREA_STYLE ('',( #3800 ) ) ;
#2191 = CARTESIAN_POINT ( 'NONE',  ( 2.380753800001319309, 0.7499999999999997780, -4.746410318745436285 ) ) ;
#2192 = VERTEX_POINT ( 'NONE', #2946 ) ;
#2193 = CARTESIAN_POINT ( 'NONE',  ( 0.4972259597883800786, -4.349999999999999645, -0.6360909047471663413 ) ) ;
#2194 = DIRECTION ( 'NONE',  ( 0.000000000000000000, -0.000000000000000000, -1.000000000000000000 ) ) ;
#2195 = DIRECTION ( 'NONE',  ( -1.000000000000000000, 0.000000000000000000, 0.000000000000000000 ) ) ;
#2196 = CARTESIAN_POINT ( 'NONE',  ( 4.182921509473424670, 6.808872517849978045, -0.1499999999999999944 ) ) ;
#2197 = LINE ( 'NONE', #3849, #2170 ) ;
#2198 = CARTESIAN_POINT ( 'NONE',  ( 3.809999999999999609, 5.739999999999999325, -2.399999999999999911 ) ) ;
#2199 = CYLINDRICAL_SURFACE ( 'NONE', #3810, 0.3731350835603809424 ) ;
#2200 = LINE ( 'NONE', #3525, #2761 ) ;
#2201 = ORIENTED_EDGE ( 'NONE', *, *, #4144, .T. ) ;
#2202 = EDGE_LOOP ( 'NONE', ( #3686, #2223, #264, #412 ) ) ;
#2203 = EDGE_CURVE ( 'NONE', #1656, #293, #3232, .T. ) ;
#2204 = DIRECTION ( 'NONE',  ( 0.000000000000000000, -1.000000000000000000, 0.000000000000000000 ) ) ;
#2205 = ORIENTED_EDGE ( 'NONE', *, *, #1152, .F. ) ;
#2206 = VECTOR ( 'NONE', #786, 999.9999999999998863 ) ;
#2207 = CARTESIAN_POINT ( 'NONE',  ( -4.059999999999999609, 9.449999999999999289, -2.399999999999999911 ) ) ;
#2208 = EDGE_CURVE ( 'NONE', #8, #1770, #3449, .T. ) ;
#2209 = DIRECTION ( 'NONE',  ( 0.000000000000000000, 0.000000000000000000, -1.000000000000000000 ) ) ;
#2210 = EDGE_LOOP ( 'NONE', ( #2344, #3958, #698, #3080 ) ) ;
#2211 = CARTESIAN_POINT ( 'NONE',  ( 3.871205805467483607, 6.808872517849978045, 0.1499999999999999944 ) ) ;
#2212 = DIRECTION ( 'NONE',  ( 0.000000000000000000, -0.000000000000000000, -1.000000000000000000 ) ) ;
#2213 = DIRECTION ( 'NONE',  ( -0.000000000000000000, -0.000000000000000000, -1.000000000000000000 ) ) ;
#2214 = DIRECTION ( 'NONE',  ( -0.000000000000000000, -1.000000000000000000, -0.000000000000000000 ) ) ;
#2215 = EDGE_CURVE ( 'NONE', #214, #3224, #1604, .T. ) ;
#2216 = COLOUR_RGB ( '',0.6470588235294117974, 0.6196078431372549211, 0.5882352941176470784 ) ;
#2217 = ORIENTED_EDGE ( 'NONE', *, *, #1765, .F. ) ;
#2218 = DIRECTION ( 'NONE',  ( 1.000000000000000000, 0.000000000000000000, 0.000000000000000000 ) ) ;
#2219 = CIRCLE ( 'NONE', #2290, 1.770000000000000018 ) ;
#2220 = LINE ( 'NONE', #1213, #4069 ) ;
#2221 = CARTESIAN_POINT ( 'NONE',  ( -4.182921509473425559, 6.808872517849978045, 2.399999999999999911 ) ) ;
#2222 = CYLINDRICAL_SURFACE ( 'NONE', #4118, 0.4942860299906992050 ) ;
#2223 = ORIENTED_EDGE ( 'NONE', *, *, #478, .T. ) ;
#2224 = ORIENTED_EDGE ( 'NONE', *, *, #1356, .T. ) ;
#2225 = DIRECTION ( 'NONE',  ( 0.000000000000000000, -0.000000000000000000, -1.000000000000000000 ) ) ;
#2226 =( GEOMETRIC_REPRESENTATION_CONTEXT ( 3 ) GLOBAL_UNCERTAINTY_ASSIGNED_CONTEXT ( ( #631 ) ) GLOBAL_UNIT_ASSIGNED_CONTEXT ( ( #530, #3159, #1851 ) ) REPRESENTATION_CONTEXT ( 'NONE', 'WORKASPACE' ) );
#2227 = VECTOR ( 'NONE', #2498, 1000.000000000000000 ) ;
#2228 = VERTEX_POINT ( 'NONE', #3194 ) ;
#2229 = ADVANCED_FACE ( 'NONE', ( #616 ), #1607, .T. ) ;
#2230 = LINE ( 'NONE', #1880, #2788 ) ;
#2231 = AXIS2_PLACEMENT_3D ( 'NONE', #3886, #1886, #349 ) ;
#2232 = EDGE_CURVE ( 'NONE', #2995, #1560, #305, .T. ) ;
#2233 = AXIS2_PLACEMENT_3D ( 'NONE', #13, #1925, #3270 ) ;
#2234 = VERTEX_POINT ( 'NONE', #3593 ) ;
#2235 = DIRECTION ( 'NONE',  ( 0.000000000000000000, 1.000000000000000000, 0.000000000000000000 ) ) ;
#2236 = AXIS2_PLACEMENT_3D ( 'NONE', #2196, #2695, #2606 ) ;
#2237 = VECTOR ( 'NONE', #85, 1000.000000000000000 ) ;
#2238 = DIRECTION ( 'NONE',  ( -0.000000000000000000, -1.000000000000000000, -0.000000000000000000 ) ) ;
#2239 = SURFACE_SIDE_STYLE ('',( #3538 ) ) ;
#2240 = CARTESIAN_POINT ( 'NONE',  ( -4.060000000000000497, 7.133292349574287705, -0.1499999999999999944 ) ) ;
#2241 = EDGE_CURVE ( 'NONE', #839, #3399, #2641, .T. ) ;
#2242 = MECHANICAL_DESIGN_GEOMETRIC_PRESENTATION_REPRESENTATION (  '', ( #1208 ), #1274 ) ;
#2243 = DIRECTION ( 'NONE',  ( 1.000000000000000000, 0.000000000000000000, -0.000000000000000000 ) ) ;
#2244 = SURFACE_STYLE_USAGE ( .BOTH. , #4125 ) ;
#2245 = EDGE_CURVE ( 'NONE', #3712, #12, #3720, .T. ) ;
#2246 = CARTESIAN_POINT ( 'NONE',  ( 3.809999999999999609, 5.739999999999999325, -2.399999999999999911 ) ) ;
#2247 = FACE_OUTER_BOUND ( 'NONE', #1321, .T. ) ;
#2248 = LINE ( 'NONE', #1527, #2841 ) ;
#2249 = ORIENTED_EDGE ( 'NONE', *, *, #3003, .F. ) ;
#2250 = ORIENTED_EDGE ( 'NONE', *, *, #3266, .F. ) ;
#2251 = DIRECTION ( 'NONE',  ( 1.000000000000000000, 0.000000000000000000, -0.000000000000000000 ) ) ;
#2252 = PRESENTATION_LAYER_ASSIGNMENT (  '', '', ( #2597 ) ) ;
#2253 = AXIS2_PLACEMENT_3D ( 'NONE', #271, #4185, #2934 ) ;
#2254 = ORIENTED_EDGE ( 'NONE', *, *, #135, .F. ) ;
#2255 = DIRECTION ( 'NONE',  ( 0.000000000000000000, 0.000000000000000000, -1.000000000000000000 ) ) ;
#2256 = FILL_AREA_STYLE ('',( #1965 ) ) ;
#2257 = EDGE_LOOP ( 'NONE', ( #4004, #3519, #2341, #298, #658, #2217, #1807, #1453, #589 ) ) ;
#2258 = CARTESIAN_POINT ( 'NONE',  ( -4.824999999999998401, 0.000000000000000000, -4.955000000000000959 ) ) ;
#2259 = ORIENTED_EDGE ( 'NONE', *, *, #3325, .F. ) ;
#2260 = ADVANCED_FACE ( 'NONE', ( #1907 ), #1646, .F. ) ;
#2261 = LINE ( 'NONE', #2901, #2722 ) ;
#2262 = LINE ( 'NONE', #1668, #160 ) ;
#2263 = DIRECTION ( 'NONE',  ( 1.000000000000000000, 0.000000000000000000, -0.000000000000000000 ) ) ;
#2264 = CARTESIAN_POINT ( 'NONE',  ( 0.000000000000000000, 0.2500000000000000000, 0.000000000000000000 ) ) ;
#2265 = ADVANCED_FACE ( 'NONE', ( #1302 ), #2900, .F. ) ;
#2266 = DIRECTION ( 'NONE',  ( 0.000000000000000000, 0.000000000000000000, 1.000000000000000000 ) ) ;
#2267 = DIRECTION ( 'NONE',  ( 1.000000000000000000, 0.000000000000000000, -0.000000000000000000 ) ) ;
#2268 = EDGE_CURVE ( 'NONE', #649, #1690, #3824, .T. ) ;
#2269 = DIRECTION ( 'NONE',  ( 0.000000000000000000, -0.000000000000000000, -1.000000000000000000 ) ) ;
#2270 = ORIENTED_EDGE ( 'NONE', *, *, #644, .F. ) ;
#2271 = ORIENTED_EDGE ( 'NONE', *, *, #3808, .F. ) ;
#2272 = LINE ( 'NONE', #2551, #3256 ) ;
#2273 = VERTEX_POINT ( 'NONE', #4200 ) ;
#2274 = EDGE_CURVE ( 'NONE', #3311, #2132, #1245, .T. ) ;
#2275 = DIRECTION ( 'NONE',  ( 0.000000000000000000, 1.000000000000000000, 0.000000000000000000 ) ) ;
#2276 = ORIENTED_EDGE ( 'NONE', *, *, #1179, .F. ) ;
#2277 = DIRECTION ( 'NONE',  ( -0.000000000000000000, 0.000000000000000000, 1.000000000000000000 ) ) ;
#2278 = VERTEX_POINT ( 'NONE', #1264 ) ;
#2279 = LINE ( 'NONE', #2677, #2702 ) ;
#2280 = EDGE_CURVE ( 'NONE', #3420, #2553, #3903, .T. ) ;
#2281 = CYLINDRICAL_SURFACE ( 'NONE', #2969, 0.4942860299906992050 ) ;
#2282 = FACE_BOUND ( 'NONE', #3118, .T. ) ;
#2283 = EDGE_CURVE ( 'NONE', #673, #2960, #3554, .T. ) ;
#2284 = UNCERTAINTY_MEASURE_WITH_UNIT (LENGTH_MEASURE( 1.000000000000000082E-05 ), #161, 'distance_accuracy_value', 'NONE');
#2285 = CARTESIAN_POINT ( 'NONE',  ( 3.688635479482726076, 6.808872517849978045, 2.399999999999999911 ) ) ;
#2286 = CARTESIAN_POINT ( 'NONE',  ( 0.000000000000000000, -4.500000000000000000, 0.000000000000000000 ) ) ;
#2287 = CARTESIAN_POINT ( 'NONE',  ( 4.182921509473425559, 6.808872517849978045, 2.699999999999999734 ) ) ;
#2288 = EDGE_LOOP ( 'NONE', ( #3131, #1200, #3918 ) ) ;
#2289 = LINE ( 'NONE', #2954, #3656 ) ;
#2290 = AXIS2_PLACEMENT_3D ( 'NONE', #2537, #2140, #2209 ) ;
#2291 = ORIENTED_EDGE ( 'NONE', *, *, #3226, .F. ) ;
#2292 =( LENGTH_UNIT ( ) NAMED_UNIT ( * ) SI_UNIT ( .MILLI., .METRE. ) );
#2293 = DIRECTION ( 'NONE',  ( 1.000000000000000000, -0.000000000000000000, -0.000000000000000000 ) ) ;
#2294 = EDGE_CURVE ( 'NONE', #756, #1879, #2582, .T. ) ;
#2295 = VECTOR ( 'NONE', #1698, 1000.000000000000000 ) ;
#2296 = ORIENTED_EDGE ( 'NONE', *, *, #2068, .F. ) ;
#2297 = CARTESIAN_POINT ( 'NONE',  ( -2.710505431213761085E-16, -4.349999999999999645, -1.497311529942840114 ) ) ;
#2298 = ORIENTED_EDGE ( 'NONE', *, *, #2829, .T. ) ;
#2299 = AXIS2_PLACEMENT_3D ( 'NONE', #3760, #1845, #1176 ) ;
#2300 = VECTOR ( 'NONE', #2961, 1000.000000000000000 ) ;
#2301 = CARTESIAN_POINT ( 'NONE',  ( 2.326828918379971365E-16, 0.000000000000000000, 1.899999999999999911 ) ) ;
#2302 = FACE_OUTER_BOUND ( 'NONE', #1137, .T. ) ;
#2303 = DIRECTION ( 'NONE',  ( 1.000000000000000000, 0.000000000000000000, -0.000000000000000000 ) ) ;
#2304 = DIRECTION ( 'NONE',  ( -1.000000000000000000, -0.000000000000000000, -0.000000000000000000 ) ) ;
#2305 = CARTESIAN_POINT ( 'NONE',  ( 0.000000000000000000, 0.000000000000000000, 0.000000000000000000 ) ) ;
#2306 =( GEOMETRIC_REPRESENTATION_CONTEXT ( 3 ) GLOBAL_UNCERTAINTY_ASSIGNED_CONTEXT ( ( #434 ) ) GLOBAL_UNIT_ASSIGNED_CONTEXT ( ( #2471, #1463, #3396 ) ) REPRESENTATION_CONTEXT ( 'NONE', 'WORKASPACE' ) );
#2307 = DIRECTION ( 'NONE',  ( 0.000000000000000000, -1.000000000000000000, -0.000000000000000000 ) ) ;
#2308 = DIRECTION ( 'NONE',  ( -1.000000000000000000, 0.000000000000000000, 0.000000000000000000 ) ) ;
#2309 = AXIS2_PLACEMENT_3D ( 'NONE', #552, #2848, #2251 ) ;
#2310 = SURFACE_STYLE_USAGE ( .BOTH. , #1294 ) ;
#2311 = ORIENTED_EDGE ( 'NONE', *, *, #3418, .F. ) ;
#2312 = LINE ( 'NONE', #1678, #117 ) ;
#2313 = VECTOR ( 'NONE', #3136, 1000.000000000000000 ) ;
#2314 = CIRCLE ( 'NONE', #1345, 1.899999999999999911 ) ;
#2315 = PLANE ( 'NONE',  #1825 ) ;
#2316 = DIRECTION ( 'NONE',  ( 0.000000000000000000, -0.000000000000000000, -1.000000000000000000 ) ) ;
#2317 = MECHANICAL_DESIGN_GEOMETRIC_PRESENTATION_REPRESENTATION (  '', ( #868 ), #3601 ) ;
#2318 = EDGE_LOOP ( 'NONE', ( #1084, #470, #956, #3703, #1835, #3534, #2727, #783, #954, #453 ) ) ;
#2319 =( LENGTH_UNIT ( ) NAMED_UNIT ( * ) SI_UNIT ( .MILLI., .METRE. ) );
#2320 = ORIENTED_EDGE ( 'NONE', *, *, #3289, .T. ) ;
#2321 = DIRECTION ( 'NONE',  ( -1.000000000000000000, 0.000000000000000000, 0.000000000000000000 ) ) ;
#2322 = AXIS2_PLACEMENT_3D ( 'NONE', #3051, #670, #3282 ) ;
#2323 = EDGE_CURVE ( 'NONE', #696, #492, #2279, .T. ) ;
#2324 = EDGE_CURVE ( 'NONE', #1865, #2752, #1365, .T. ) ;
#2325 = VERTEX_POINT ( 'NONE', #2716 ) ;
#2326 = FILL_AREA_STYLE ('',( #1987 ) ) ;
#2327 = ORIENTED_EDGE ( 'NONE', *, *, #1363, .F. ) ;
#2328 = CARTESIAN_POINT ( 'NONE',  ( -4.244340889027863994, 6.808872517849978045, 0.1499999999999999944 ) ) ;
#2329 = COLOUR_RGB ( '',0.6470588235294117974, 0.6196078431372549211, 0.5882352941176470784 ) ;
#2330 = DIRECTION ( 'NONE',  ( 0.000000000000000000, -1.000000000000000000, 0.000000000000000000 ) ) ;
#2331 = FILL_AREA_STYLE_COLOUR ( '', #258 ) ;
#2332 = UNCERTAINTY_MEASURE_WITH_UNIT (LENGTH_MEASURE( 1.000000000000000082E-05 ), #479, 'distance_accuracy_value', 'NONE');
#2333 = CARTESIAN_POINT ( 'NONE',  ( 2.085807545652809569, 2.786979565318412178, -4.955000000000000959 ) ) ;
#2334 = CARTESIAN_POINT ( 'NONE',  ( 6.934987275389486369E-17, -4.500000000000000000, -0.6360909047471664524 ) ) ;
#2335 = VECTOR ( 'NONE', #1185, 1000.000000000000000 ) ;
#2336 = VERTEX_POINT ( 'NONE', #1666 ) ;
#2337 = DIRECTION ( 'NONE',  ( -0.000000000000000000, 1.000000000000000000, -0.000000000000000000 ) ) ;
#2338 = LINE ( 'NONE', #993, #3438 ) ;
#2339 = EDGE_CURVE ( 'NONE', #2669, #1556, #110, .T. ) ;
#2340 = ORIENTED_EDGE ( 'NONE', *, *, #4070, .T. ) ;
#2341 = ORIENTED_EDGE ( 'NONE', *, *, #3566, .F. ) ;
#2342 = VERTEX_POINT ( 'NONE', #88 ) ;
#2343 = DIRECTION ( 'NONE',  ( -0.000000000000000000, -0.000000000000000000, -1.000000000000000000 ) ) ;
#2344 = ORIENTED_EDGE ( 'NONE', *, *, #3126, .F. ) ;
#2345 = ADVANCED_FACE ( 'NONE', ( #2694 ), #1811, .T. ) ;
#2346 =( NAMED_UNIT ( * ) PLANE_ANGLE_UNIT ( ) SI_UNIT ( $, .RADIAN. ) );
#2347 = CARTESIAN_POINT ( 'NONE',  ( 3.809999999999999609, 6.484452686125668386, -2.399999999999999911 ) ) ;
#2348 = DIRECTION ( 'NONE',  ( 0.000000000000000000, 0.000000000000000000, 1.000000000000000000 ) ) ;
#2349 = EDGE_CURVE ( 'NONE', #2505, #5, #3250, .T. ) ;
#2350 = CARTESIAN_POINT ( 'NONE',  ( 4.060000000000001386, 9.449999999999999289, 2.699999999999999734 ) ) ;
#2351 =( NAMED_UNIT ( * ) SI_UNIT ( $, .STERADIAN. ) SOLID_ANGLE_UNIT ( ) );
#2352 = ORIENTED_EDGE ( 'NONE', *, *, #192, .F. ) ;
#2353 = CARTESIAN_POINT ( 'NONE',  ( 3.810000000000000053, 7.133292349574287705, 0.1499999999999999944 ) ) ;
#2354 = LINE ( 'NONE', #3326, #266 ) ;
#2355 = CARTESIAN_POINT ( 'NONE',  ( -3.810000000000000053, 7.133292349574287705, -0.1499999999999999944 ) ) ;
#2356 = VERTEX_POINT ( 'NONE', #1322 ) ;
#2357 = FACE_OUTER_BOUND ( 'NONE', #2909, .T. ) ;
#2358 =( GEOMETRIC_REPRESENTATION_CONTEXT ( 3 ) GLOBAL_UNCERTAINTY_ASSIGNED_CONTEXT ( ( #3552 ) ) GLOBAL_UNIT_ASSIGNED_CONTEXT ( ( #3491, #203, #1824 ) ) REPRESENTATION_CONTEXT ( 'NONE', 'WORKASPACE' ) );
#2359 = ORIENTED_EDGE ( 'NONE', *, *, #583, .F. ) ;
#2360 = VECTOR ( 'NONE', #913, 1000.000000000000000 ) ;
#2361 = ADVANCED_FACE ( 'NONE', ( #2052 ), #369, .F. ) ;
#2362 = EDGE_LOOP ( 'NONE', ( #789, #2088, #317, #3527 ) ) ;
#2363 = CARTESIAN_POINT ( 'NONE',  ( -1.551418705572418677, -4.500000000000000000, 0.5000000000000001110 ) ) ;
#2364 = CIRCLE ( 'NONE', #2151, 1.780000000000000027 ) ;
#2365 = AXIS2_PLACEMENT_3D ( 'NONE', #901, #3217, #4162 ) ;
#2366 = FACE_OUTER_BOUND ( 'NONE', #1021, .T. ) ;
#2367 = AXIS2_PLACEMENT_3D ( 'NONE', #2193, #3132, #1471 ) ;
#2368 = DIRECTION ( 'NONE',  ( -0.000000000000000000, -0.000000000000000000, -1.000000000000000000 ) ) ;
#2369 = LINE ( 'NONE', #3660, #3639 ) ;
#2370 = DIRECTION ( 'NONE',  ( 1.000000000000000000, 0.000000000000000000, 0.000000000000000000 ) ) ;
#2371 = VECTOR ( 'NONE', #3088, 1000.000000000000000 ) ;
#2372 = AXIS2_PLACEMENT_3D ( 'NONE', #2026, #3330, #506 ) ;
#2373 = EDGE_CURVE ( 'NONE', #3698, #1970, #743, .T. ) ;
#2374 = ORIENTED_EDGE ( 'NONE', *, *, #2490, .T. ) ;
#2375 = MECHANICAL_DESIGN_GEOMETRIC_PRESENTATION_REPRESENTATION (  '', ( #2585 ), #1476 ) ;
#2376 = CARTESIAN_POINT ( 'NONE',  ( -4.060000000000000497, 6.484452686125668386, 0.1499999999999999944 ) ) ;
#2377 =( LENGTH_UNIT ( ) NAMED_UNIT ( * ) SI_UNIT ( .MILLI., .METRE. ) );
#2378 = ORIENTED_EDGE ( 'NONE', *, *, #2477, .T. ) ;
#2379 = ORIENTED_EDGE ( 'NONE', *, *, #1362, .T. ) ;
#2380 = LINE ( 'NONE', #410, #3923 ) ;
#2381 = COLOUR_RGB ( '',0.6470588235294117974, 0.6196078431372549211, 0.5882352941176470784 ) ;
#2382 = COLOUR_RGB ( '',0.6470588235294117974, 0.6196078431372549211, 0.5882352941176470784 ) ;
#2383 = VECTOR ( 'NONE', #3082, 1000.000000000000000 ) ;
#2384 = ORIENTED_EDGE ( 'NONE', *, *, #3539, .T. ) ;
#2385 =( LENGTH_UNIT ( ) NAMED_UNIT ( * ) SI_UNIT ( .MILLI., .METRE. ) );
#2386 = STYLED_ITEM ( 'NONE', ( #3409 ), #3736 ) ;
#2387 = LINE ( 'NONE', #1731, #2552 ) ;
#2388 = EDGE_CURVE ( 'NONE', #673, #370, #1023, .T. ) ;
#2389 = LINE ( 'NONE', #2038, #1751 ) ;
#2390 = LINE ( 'NONE', #2057, #2371 ) ;
#2391 = DIRECTION ( 'NONE',  ( -0.000000000000000000, -1.000000000000000000, -0.000000000000000000 ) ) ;
#2392 = ORIENTED_EDGE ( 'NONE', *, *, #836, .T. ) ;
#2393 = SURFACE_STYLE_USAGE ( .BOTH. , #753 ) ;
#2394 = EDGE_CURVE ( 'NONE', #2051, #2403, #988, .T. ) ;
#2395 = LINE ( 'NONE', #2631, #3201 ) ;
#2396 = CARTESIAN_POINT ( 'NONE',  ( -1.000000000000000000, 0.000000000000000000, 0.000000000000000000 ) ) ;
#2397 = CARTESIAN_POINT ( 'NONE',  ( 2.380753800001319309, 0.000000000000000000, -4.746410318745436285 ) ) ;
#2398 = VERTEX_POINT ( 'NONE', #3354 ) ;
#2399 = ORIENTED_EDGE ( 'NONE', *, *, #1181, .F. ) ;
#2400 = DIRECTION ( 'NONE',  ( -1.000000000000000000, 0.000000000000000000, 0.000000000000000000 ) ) ;
#2401 = VERTEX_POINT ( 'NONE', #413 ) ;
#2402 = ADVANCED_FACE ( 'NONE', ( #391 ), #3982, .F. ) ;
#2403 = VERTEX_POINT ( 'NONE', #2363 ) ;
#2404 = CARTESIAN_POINT ( 'NONE',  ( -3.809999999999999609, 5.739999999999999325, -2.399999999999999911 ) ) ;
#2405 = DIRECTION ( 'NONE',  ( -0.7071067811865487940, -0.000000000000000000, 0.7071067811865463515 ) ) ;
#2406 = CARTESIAN_POINT ( 'NONE',  ( -1.000000000000000000, -3.499999999999999556, -0.4999999999999998890 ) ) ;
#2407 = VERTEX_POINT ( 'NONE', #1707 ) ;
#2408 = UNCERTAINTY_MEASURE_WITH_UNIT (LENGTH_MEASURE( 1.000000000000000082E-05 ), #482, 'distance_accuracy_value', 'NONE');
#2409 = ORIENTED_EDGE ( 'NONE', *, *, #10, .F. ) ;
#2410 = EDGE_CURVE ( 'NONE', #1446, #865, #2441, .T. ) ;
#2411 = CARTESIAN_POINT ( 'NONE',  ( 4.059999999999999609, 9.449999999999999289, -2.399999999999999911 ) ) ;
#2412 = CARTESIAN_POINT ( 'NONE',  ( -3.810000000000000053, 9.449999999999999289, 0.1499999999999999944 ) ) ;
#2413 = FACE_OUTER_BOUND ( 'NONE', #2470, .T. ) ;
#2414 = ORIENTED_EDGE ( 'NONE', *, *, #3895, .T. ) ;
#2415 = CIRCLE ( 'NONE', #1310, 0.3731350835603809424 ) ;
#2416 = FACE_OUTER_BOUND ( 'NONE', #2318, .T. ) ;
#2417 = LINE ( 'NONE', #3727, #3634 ) ;
#2418 = ADVANCED_FACE ( 'NONE', ( #3040 ), #784, .T. ) ;
#2419 = CIRCLE ( 'NONE', #3504, 0.3731350835603809424 ) ;
#2420 =( LENGTH_UNIT ( ) NAMED_UNIT ( * ) SI_UNIT ( .MILLI., .METRE. ) );
#2421 = VERTEX_POINT ( 'NONE', #2115 ) ;
#2422 = ORIENTED_EDGE ( 'NONE', *, *, #2076, .F. ) ;
#2423 = FACE_OUTER_BOUND ( 'NONE', #3362, .T. ) ;
#2424 = ORIENTED_EDGE ( 'NONE', *, *, #2142, .F. ) ;
#2425 = CARTESIAN_POINT ( 'NONE',  ( 1.551418705572418677, -4.500000000000000000, 0.5000000000000001110 ) ) ;
#2426 = CARTESIAN_POINT ( 'NONE',  ( -4.824999999999998401, 5.739999999999999325, -4.955000000000000959 ) ) ;
#2427 = EDGE_CURVE ( 'NONE', #1459, #1505, #3134, .T. ) ;
#2428 = EDGE_LOOP ( 'NONE', ( #52, #104 ) ) ;
#2429 = CIRCLE ( 'NONE', #3773, 0.7499999999999997780 ) ;
#2430 =( NAMED_UNIT ( * ) PLANE_ANGLE_UNIT ( ) SI_UNIT ( $, .RADIAN. ) );
#2431 = ORIENTED_EDGE ( 'NONE', *, *, #3628, .T. ) ;
#2432 = DIRECTION ( 'NONE',  ( -1.000000000000000000, 0.000000000000000000, 0.000000000000000000 ) ) ;
#2433 = COLOUR_RGB ( '',0.6470588235294117974, 0.6196078431372549211, 0.5882352941176470784 ) ;
#2434 = CIRCLE ( 'NONE', #509, 0.3731350835603809424 ) ;
#2435 = CARTESIAN_POINT ( 'NONE',  ( 4.060000000000000497, 5.739999999999999325, 0.1499999999999999944 ) ) ;
#2436 = CARTESIAN_POINT ( 'NONE',  ( -3.574999999999999289, 1.770000000000000018, 4.454999999999999183 ) ) ;
#2437 = ORIENTED_EDGE ( 'NONE', *, *, #3840, .T. ) ;
#2438 = FILL_AREA_STYLE ('',( #526 ) ) ;
#2439 = VECTOR ( 'NONE', #120, 1000.000000000000000 ) ;
#2440 = DIRECTION ( 'NONE',  ( -1.000000000000000000, 0.000000000000000000, 0.000000000000000000 ) ) ;
#2441 = CIRCLE ( 'NONE', #3920, 1.770000000000000018 ) ;
#2442 = CARTESIAN_POINT ( 'NONE',  ( 0.000000000000000000, -4.500000000000000000, 0.000000000000000000 ) ) ;
#2443 = VERTEX_POINT ( 'NONE', #1130 ) ;
#2444 = ORIENTED_EDGE ( 'NONE', *, *, #3980, .T. ) ;
#2445 = DIRECTION ( 'NONE',  ( -0.000000000000000000, 0.000000000000000000, -1.000000000000000000 ) ) ;
#2446 =( GEOMETRIC_REPRESENTATION_CONTEXT ( 3 ) GLOBAL_UNCERTAINTY_ASSIGNED_CONTEXT ( ( #682 ) ) GLOBAL_UNIT_ASSIGNED_CONTEXT ( ( #3531, #3860, #2943 ) ) REPRESENTATION_CONTEXT ( 'NONE', 'WORKASPACE' ) );
#2447 = AXIS2_PLACEMENT_3D ( 'NONE', #1877, #568, #1218 ) ;
#2448 = VERTEX_POINT ( 'NONE', #194 ) ;
#2449 = LINE ( 'NONE', #825, #3959 ) ;
#2450 = AXIS2_PLACEMENT_3D ( 'NONE', #1481, #1897, #3204 ) ;
#2451 = CARTESIAN_POINT ( 'NONE',  ( 4.244340889027864883, 6.808872517849978045, 2.399999999999999911 ) ) ;
#2452 = ADVANCED_FACE ( 'NONE', ( #3435 ), #3775, .T. ) ;
#2453 = EDGE_CURVE ( 'NONE', #2553, #253, #1104, .T. ) ;
#2454 = DIRECTION ( 'NONE',  ( 1.000000000000000000, -0.000000000000000000, -0.000000000000000000 ) ) ;
#2455 = ORIENTED_EDGE ( 'NONE', *, *, #804, .T. ) ;
#2456 = LINE ( 'NONE', #3742, #111 ) ;
#2457 = STYLED_ITEM ( 'NONE', ( #1623 ), #3503 ) ;
#2458 = UNCERTAINTY_MEASURE_WITH_UNIT (LENGTH_MEASURE( 1.000000000000000082E-05 ), #1519, 'distance_accuracy_value', 'NONE');
#2459 = AXIS2_PLACEMENT_3D ( 'NONE', #3, #4148, #3203 ) ;
#2460 = CARTESIAN_POINT ( 'NONE',  ( 0.000000000000000000, 0.2500000000000000000, -1.899999999999999911 ) ) ;
#2461 = DIRECTION ( 'NONE',  ( 1.000000000000000000, 0.000000000000000000, 0.000000000000000000 ) ) ;
#2462 = SURFACE_STYLE_USAGE ( .BOTH. , #2058 ) ;
#2463 = ORIENTED_EDGE ( 'NONE', *, *, #1452, .F. ) ;
#2464 = CARTESIAN_POINT ( 'NONE',  ( 3.810000000000000053, 9.449999999999999289, 0.1499999999999999944 ) ) ;
#2465 = FACE_OUTER_BOUND ( 'NONE', #3381, .T. ) ;
#2466 = CARTESIAN_POINT ( 'NONE',  ( 1.551418705572418677, -4.500000000000000000, 0.5000000000000001110 ) ) ;
#2467 = VERTEX_POINT ( 'NONE', #1813 ) ;
#2468 = ORIENTED_EDGE ( 'NONE', *, *, #2113, .T. ) ;
#2469 = ADVANCED_FACE ( 'NONE', ( #2802 ), #4087, .F. ) ;
#2470 = EDGE_LOOP ( 'NONE', ( #3944, #2431, #2081, #908 ) ) ;
#2471 =( LENGTH_UNIT ( ) NAMED_UNIT ( * ) SI_UNIT ( .MILLI., .METRE. ) );
#2472 = DIRECTION ( 'NONE',  ( 0.000000000000000000, -1.000000000000000000, 0.000000000000000000 ) ) ;
#2473 = CARTESIAN_POINT ( 'NONE',  ( 4.182921509473425559, 6.808872517849978045, 2.699999999999999734 ) ) ;
#2474 = CARTESIAN_POINT ( 'NONE',  ( 4.182921509473423782, 6.808872517849978045, -2.399999999999999911 ) ) ;
#2475 = VERTEX_POINT ( 'NONE', #1512 ) ;
#2476 = CARTESIAN_POINT ( 'NONE',  ( -4.244340889027864883, 6.808872517849978045, 2.699999999999999734 ) ) ;
#2477 = EDGE_CURVE ( 'NONE', #1295, #1419, #2826, .T. ) ;
#2478 = DIRECTION ( 'NONE',  ( -1.000000000000000000, 0.000000000000000000, 0.000000000000000000 ) ) ;
#2479 = DIRECTION ( 'NONE',  ( -0.000000000000000000, -0.000000000000000000, -1.000000000000000000 ) ) ;
#2480 = CARTESIAN_POINT ( 'NONE',  ( 4.825000000000003730, 1.770000000000000018, 4.954999999999999183 ) ) ;
#2481 = LINE ( 'NONE', #2767, #3868 ) ;
#2482 = CARTESIAN_POINT ( 'NONE',  ( 0.000000000000000000, -4.349999999999998757, 0.000000000000000000 ) ) ;
#2483 = EDGE_LOOP ( 'NONE', ( #2437, #2615, #169, #2455, #1626, #3774, #1985, #3716, #2183, #1580 ) ) ;
#2484 = ORIENTED_EDGE ( 'NONE', *, *, #4144, .F. ) ;
#2485 = VECTOR ( 'NONE', #3965, 1000.000000000000000 ) ;
#2486 = ORIENTED_EDGE ( 'NONE', *, *, #1303, .F. ) ;
#2487 = FILL_AREA_STYLE ('',( #489 ) ) ;
#2488 = DIRECTION ( 'NONE',  ( 0.000000000000000000, -0.000000000000000000, -1.000000000000000000 ) ) ;
#2489 = CARTESIAN_POINT ( 'NONE',  ( -4.059999999999999609, 7.133292349574287705, -2.699999999999999734 ) ) ;
#2490 = EDGE_CURVE ( 'NONE', #687, #3454, #1242, .T. ) ;
#2491 = CARTESIAN_POINT ( 'NONE',  ( 1.000000000000000222, 0.000000000000000000, -0.4999999999999998890 ) ) ;
#2492 = EDGE_LOOP ( 'NONE', ( #2773, #669, #872, #1460 ) ) ;
#2493 = CARTESIAN_POINT ( 'NONE',  ( -3.810000000000000053, 5.739999999999999325, 0.1499999999999999944 ) ) ;
#2494 = PRESENTATION_LAYER_ASSIGNMENT (  '', '', ( #372 ) ) ;
#2495 = EDGE_CURVE ( 'NONE', #156, #649, #2878, .T. ) ;
#2496 = DIRECTION ( 'NONE',  ( 0.000000000000000000, 0.000000000000000000, 1.000000000000000000 ) ) ;
#2497 = VECTOR ( 'NONE', #1819, 1000.000000000000000 ) ;
#2498 = DIRECTION ( 'NONE',  ( -0.000000000000000000, -0.000000000000000000, -1.000000000000000000 ) ) ;
#2499 = ORIENTED_EDGE ( 'NONE', *, *, #3226, .T. ) ;
#2500 = FACE_OUTER_BOUND ( 'NONE', #3640, .T. ) ;
#2501 = DIRECTION ( 'NONE',  ( 0.000000000000000000, 0.000000000000000000, -1.000000000000000000 ) ) ;
#2502 = ADVANCED_FACE ( 'NONE', ( #1859 ), #2599, .F. ) ;
#2503 = ORIENTED_EDGE ( 'NONE', *, *, #1725, .F. ) ;
#2504 = EDGE_LOOP ( 'NONE', ( #2186, #1032, #2780, #2711 ) ) ;
#2505 = VERTEX_POINT ( 'NONE', #4172 ) ;
#2506 = AXIS2_PLACEMENT_3D ( 'NONE', #2404, #3945, #2006 ) ;
#2507 = ORIENTED_EDGE ( 'NONE', *, *, #3349, .F. ) ;
#2508 = CARTESIAN_POINT ( 'NONE',  ( -4.182921509473423782, 6.808872517849978045, -2.399999999999999911 ) ) ;
#2509 = CARTESIAN_POINT ( 'NONE',  ( 1.551418705572418899, -4.500000000000000000, -0.4999999999999998890 ) ) ;
#2510 = LINE ( 'NONE', #1922, #3995 ) ;
#2511 = CIRCLE ( 'NONE', #2236, 0.4942860299906992050 ) ;
#2512 = VECTOR ( 'NONE', #2651, 1000.000000000000000 ) ;
#2513 = CYLINDRICAL_SURFACE ( 'NONE', #3038, 0.7499999999999997780 ) ;
#2514 = ORIENTED_EDGE ( 'NONE', *, *, #3909, .F. ) ;
#2515 = LINE ( 'NONE', #3400, #447 ) ;
#2516 = VECTOR ( 'NONE', #1030, 1000.000000000000000 ) ;
#2517 = DIRECTION ( 'NONE',  ( 0.000000000000000000, -1.000000000000000000, 0.000000000000000000 ) ) ;
#2518 = ADVANCED_FACE ( 'NONE', ( #1622 ), #2534, .F. ) ;
#2519 = FILL_AREA_STYLE ('',( #1206 ) ) ;
#2520 = AXIS2_PLACEMENT_3D ( 'NONE', #301, #3883, #3507 ) ;
#2521 = LINE ( 'NONE', #3173, #2227 ) ;
#2522 = DIRECTION ( 'NONE',  ( 1.000000000000000000, 0.000000000000000000, 0.000000000000000000 ) ) ;
#2523 = PRESENTATION_STYLE_ASSIGNMENT (( #2244 ) ) ;
#2524 = PLANE ( 'NONE',  #2459 ) ;
#2525 = LINE ( 'NONE', #2795, #3548 ) ;
#2526 = CARTESIAN_POINT ( 'NONE',  ( 4.244340889027863994, 6.808872517849978045, -2.399999999999999911 ) ) ;
#2527 = ORIENTED_EDGE ( 'NONE', *, *, #422, .F. ) ;
#2528 = ORIENTED_EDGE ( 'NONE', *, *, #3566, .T. ) ;
#2529 = PLANE ( 'NONE',  #1342 ) ;
#2530 = ORIENTED_EDGE ( 'NONE', *, *, #245, .F. ) ;
#2531 = EDGE_CURVE ( 'NONE', #2881, #696, #3819, .T. ) ;
#2532 = MECHANICAL_DESIGN_GEOMETRIC_PRESENTATION_REPRESENTATION (  '', ( #1488 ), #472 ) ;
#2533 = ORIENTED_EDGE ( 'NONE', *, *, #1399, .T. ) ;
#2534 = PLANE ( 'NONE',  #2018 ) ;
#2535 = CARTESIAN_POINT ( 'NONE',  ( -3.810000000000000497, 9.449999999999999289, 2.399999999999999911 ) ) ;
#2536 = EDGE_CURVE ( 'NONE', #2443, #649, #3211, .T. ) ;
#2537 = CARTESIAN_POINT ( 'NONE',  ( 0.000000000000000000, 0.000000000000000000, 0.000000000000000000 ) ) ;
#2538 = ORIENTED_EDGE ( 'NONE', *, *, #325, .T. ) ;
#2539 = DIRECTION ( 'NONE',  ( -0.000000000000000000, -1.000000000000000000, -0.000000000000000000 ) ) ;
#2540 = PLANE ( 'NONE',  #2927 ) ;
#2541 = CARTESIAN_POINT ( 'NONE',  ( -1.708332520325009929, 0.000000000000000000, 0.5000000000000001110 ) ) ;
#2542 =( LENGTH_UNIT ( ) NAMED_UNIT ( * ) SI_UNIT ( .MILLI., .METRE. ) );
#2543 = VERTEX_POINT ( 'NONE', #1921 ) ;
#2544 = DIRECTION ( 'NONE',  ( -0.000000000000000000, 1.000000000000000000, -0.000000000000000000 ) ) ;
#2545 = CARTESIAN_POINT ( 'NONE',  ( 0.000000000000000000, -4.500000000000000000, 0.000000000000000000 ) ) ;
#2546 = EDGE_CURVE ( 'NONE', #4046, #567, #3228, .T. ) ;
#2547 = DIRECTION ( 'NONE',  ( 0.000000000000000000, 0.000000000000000000, -1.000000000000000000 ) ) ;
#2548 = CARTESIAN_POINT ( 'NONE',  ( -4.324999999999999289, 0.7500000000000000000, 4.454999999999999183 ) ) ;
#2549 = ORIENTED_EDGE ( 'NONE', *, *, #3901, .T. ) ;
#2550 = EDGE_LOOP ( 'NONE', ( #1150, #1111, #1583, #115 ) ) ;
#2551 = CARTESIAN_POINT ( 'NONE',  ( -1.708332520325009929, -4.500000000000000000, 0.5000000000000001110 ) ) ;
#2552 = VECTOR ( 'NONE', #3678, 1000.000000000000000 ) ;
#2553 = VERTEX_POINT ( 'NONE', #3673 ) ;
#2554 = AXIS2_PLACEMENT_3D ( 'NONE', #3218, #2243, #3541 ) ;
#2555 = CARTESIAN_POINT ( 'NONE',  ( 0.000000000000000000, 0.2500000000000000000, 0.000000000000000000 ) ) ;
#2556 = VECTOR ( 'NONE', #2770, 1000.000000000000000 ) ;
#2557 = SURFACE_SIDE_STYLE ('',( #83 ) ) ;
#2558 = EDGE_CURVE ( 'NONE', #2953, #1129, #996, .T. ) ;
#2559 = ORIENTED_EDGE ( 'NONE', *, *, #2656, .F. ) ;
#2560 = DIRECTION ( 'NONE',  ( 0.000000000000000000, -0.000000000000000000, -1.000000000000000000 ) ) ;
#2561 = DIRECTION ( 'NONE',  ( 0.000000000000000000, -1.000000000000000000, 0.000000000000000000 ) ) ;
#2562 = CIRCLE ( 'NONE', #2640, 0.4942860299906992050 ) ;
#2563 = CARTESIAN_POINT ( 'NONE',  ( -4.244340889027864883, 6.808872517849978045, 2.399999999999999911 ) ) ;
#2564 = VECTOR ( 'NONE', #749, 1000.000000000000000 ) ;
#2565 = DIRECTION ( 'NONE',  ( 0.000000000000000000, -1.000000000000000000, 0.000000000000000000 ) ) ;
#2566 = PRESENTATION_LAYER_ASSIGNMENT (  '', '', ( #1451 ) ) ;
#2567 = LINE ( 'NONE', #3851, #128 ) ;
#2568 = DIRECTION ( 'NONE',  ( -0.000000000000000000, 1.000000000000000000, 0.000000000000000000 ) ) ;
#2569 = CARTESIAN_POINT ( 'NONE',  ( 4.825000000000001954, 5.739999999999999325, -4.955000000000000959 ) ) ;
#2570 = ORIENTED_EDGE ( 'NONE', *, *, #1262, .F. ) ;
#2571 = ORIENTED_EDGE ( 'NONE', *, *, #3718, .F. ) ;
#2572 = CARTESIAN_POINT ( 'NONE',  ( 4.059999999999999609, 6.484452686125668386, -2.699999999999999734 ) ) ;
#2573 = COLOUR_RGB ( '',0.6470588235294117974, 0.6196078431372549211, 0.5882352941176470784 ) ;
#2574 = ADVANCED_FACE ( 'NONE', ( #3352, #1662 ), #4001, .F. ) ;
#2575 = VERTEX_POINT ( 'NONE', #347 ) ;
#2576 = SURFACE_STYLE_FILL_AREA ( #1259 ) ;
#2577 = DIRECTION ( 'NONE',  ( 0.000000000000000000, 1.000000000000000000, 0.000000000000000000 ) ) ;
#2578 = CIRCLE ( 'NONE', #2690, 0.3731350835603809424 ) ;
#2579 = COLOUR_RGB ( '',0.6470588235294117974, 0.6196078431372549211, 0.5882352941176470784 ) ;
#2580 = PRESENTATION_LAYER_ASSIGNMENT (  '', '', ( #112 ) ) ;
#2581 = ORIENTED_EDGE ( 'NONE', *, *, #3762, .F. ) ;
#2582 = LINE ( 'NONE', #2258, #316 ) ;
#2583 = ORIENTED_EDGE ( 'NONE', *, *, #116, .T. ) ;
#2584 = EDGE_CURVE ( 'NONE', #2475, #1296, #3857, .T. ) ;
#2585 = STYLED_ITEM ( 'NONE', ( #3726 ), #2979 ) ;
#2586 = EDGE_CURVE ( 'NONE', #2401, #1688, #3919, .T. ) ;
#2587 = PRESENTATION_STYLE_ASSIGNMENT (( #560 ) ) ;
#2588 = VECTOR ( 'NONE', #3233, 1000.000000000000000 ) ;
#2589 = PRESENTATION_LAYER_ASSIGNMENT (  '', '', ( #2862 ) ) ;
#2590 = FACE_OUTER_BOUND ( 'NONE', #3434, .T. ) ;
#2591 = MECHANICAL_DESIGN_GEOMETRIC_PRESENTATION_REPRESENTATION (  '', ( #795 ), #1558 ) ;
#2592 = SURFACE_STYLE_USAGE ( .BOTH. , #1589 ) ;
#2593 = DIRECTION ( 'NONE',  ( -4.336808689942017736E-16, 0.000000000000000000, 1.000000000000000000 ) ) ;
#2594 = ORIENTED_EDGE ( 'NONE', *, *, #787, .T. ) ;
#2595 = VERTEX_POINT ( 'NONE', #2658 ) ;
#2596 = FACE_BOUND ( 'NONE', #2288, .T. ) ;
#2597 = STYLED_ITEM ( 'NONE', ( #1905 ), #3394 ) ;
#2598 = VERTEX_POINT ( 'NONE', #2712 ) ;
#2599 = PLANE ( 'NONE',  #2777 ) ;
#2600 = EDGE_LOOP ( 'NONE', ( #801, #4054 ) ) ;
#2601 = DIRECTION ( 'NONE',  ( -0.000000000000000000, -1.000000000000000000, -0.000000000000000000 ) ) ;
#2602 = EDGE_CURVE ( 'NONE', #3729, #350, #2380, .T. ) ;
#2603 = VERTEX_POINT ( 'NONE', #26 ) ;
#2604 = DIRECTION ( 'NONE',  ( -1.000000000000000000, -0.000000000000000000, -0.000000000000000000 ) ) ;
#2605 = SURFACE_SIDE_STYLE ('',( #3196 ) ) ;
#2606 = DIRECTION ( 'NONE',  ( 1.000000000000000000, 0.000000000000000000, 0.000000000000000000 ) ) ;
#2607 = CARTESIAN_POINT ( 'NONE',  ( 4.825000000000001954, 0.7500000000000000000, -4.955000000000000959 ) ) ;
#2608 = CARTESIAN_POINT ( 'NONE',  ( -3.809999999999999609, 5.739999999999999325, -2.399999999999999911 ) ) ;
#2609 = DIRECTION ( 'NONE',  ( 1.000000000000000000, 0.000000000000000000, 0.000000000000000000 ) ) ;
#2610 = CARTESIAN_POINT ( 'NONE',  ( -4.324999999999999289, 1.770000000000000018, 4.454999999999999183 ) ) ;
#2611 = EDGE_CURVE ( 'NONE', #1518, #1295, #3612, .T. ) ;
#2612 = ORIENTED_EDGE ( 'NONE', *, *, #1090, .T. ) ;
#2613 = ORIENTED_EDGE ( 'NONE', *, *, #1552, .T. ) ;
#2614 = SURFACE_STYLE_USAGE ( .BOTH. , #1998 ) ;
#2615 = ORIENTED_EDGE ( 'NONE', *, *, #1511, .T. ) ;
#2616 = ORIENTED_EDGE ( 'NONE', *, *, #1817, .F. ) ;
#2617 = CARTESIAN_POINT ( 'NONE',  ( -0.4972259597883800786, -4.500000000000000000, -0.6360909047471664524 ) ) ;
#2618 = EDGE_CURVE ( 'NONE', #977, #550, #106, .T. ) ;
#2619 = VECTOR ( 'NONE', #1147, 1000.000000000000000 ) ;
#2620 = AXIS2_PLACEMENT_3D ( 'NONE', #604, #336, #3355 ) ;
#2621 = CARTESIAN_POINT ( 'NONE',  ( -4.824999999999998401, 0.7500000000000000000, -3.955000000000000071 ) ) ;
#2622 =( LENGTH_UNIT ( ) NAMED_UNIT ( * ) SI_UNIT ( .MILLI., .METRE. ) );
#2623 =( LENGTH_UNIT ( ) NAMED_UNIT ( * ) SI_UNIT ( .MILLI., .METRE. ) );
#2624 = UNCERTAINTY_MEASURE_WITH_UNIT (LENGTH_MEASURE( 1.000000000000000082E-05 ), #3574, 'distance_accuracy_value', 'NONE');
#2625 = DIRECTION ( 'NONE',  ( -0.000000000000000000, -1.000000000000000000, -0.000000000000000000 ) ) ;
#2626 = DIRECTION ( 'NONE',  ( -1.000000000000000000, 0.000000000000000000, 0.000000000000000000 ) ) ;
#2627 = DIRECTION ( 'NONE',  ( 0.000000000000000000, 1.000000000000000000, 0.000000000000000000 ) ) ;
#2628 = ORIENTED_EDGE ( 'NONE', *, *, #1941, .T. ) ;
#2629 = CARTESIAN_POINT ( 'NONE',  ( 4.059999999999999609, 6.484452686125668386, -2.399999999999999911 ) ) ;
#2630 = MECHANICAL_DESIGN_GEOMETRIC_PRESENTATION_REPRESENTATION (  '', ( #372 ), #2358 ) ;
#2631 = CARTESIAN_POINT ( 'NONE',  ( -1.708332520325009929, -4.500000000000000000, -0.4999999999999998890 ) ) ;
#2632 = PLANE ( 'NONE',  #1531 ) ;
#2633 = ORIENTED_EDGE ( 'NONE', *, *, #2741, .T. ) ;
#2634 = CARTESIAN_POINT ( 'NONE',  ( 4.182921509473425559, 6.808872517849978045, 2.399999999999999911 ) ) ;
#2635 = ORIENTED_EDGE ( 'NONE', *, *, #1635, .F. ) ;
#2636 = SURFACE_STYLE_USAGE ( .BOTH. , #1041 ) ;
#2637 = ORIENTED_EDGE ( 'NONE', *, *, #887, .F. ) ;
#2638 = PRESENTATION_LAYER_ASSIGNMENT (  '', '', ( #1053 ) ) ;
#2639 = AXIS2_PLACEMENT_3D ( 'NONE', #3852, #2568, #1914 ) ;
#2640 = AXIS2_PLACEMENT_3D ( 'NONE', #3622, #63, #1352 ) ;
#2641 = CIRCLE ( 'NONE', #384, 0.3731350835603809424 ) ;
#2642 = DIRECTION ( 'NONE',  ( -0.000000000000000000, -0.000000000000000000, -1.000000000000000000 ) ) ;
#2643 = LINE ( 'NONE', #3930, #760 ) ;
#2644 = MECHANICAL_DESIGN_GEOMETRIC_PRESENTATION_REPRESENTATION (  '', ( #112 ), #3653 ) ;
#2645 = EDGE_CURVE ( 'NONE', #2595, #2407, #740, .T. ) ;
#2646 = CARTESIAN_POINT ( 'NONE',  ( -4.182921509473425559, 6.808872517849978045, 2.699999999999999734 ) ) ;
#2647 = CARTESIAN_POINT ( 'NONE',  ( 4.825000000000003730, 5.739999999999999325, 4.954999999999999183 ) ) ;
#2648 = AXIS2_PLACEMENT_3D ( 'NONE', #1935, #2185, #230 ) ;
#2649 = CARTESIAN_POINT ( 'NONE',  ( 0.000000000000000000, -4.500000000000000000, 0.000000000000000000 ) ) ;
#2650 = ORIENTED_EDGE ( 'NONE', *, *, #379, .T. ) ;
#2651 = DIRECTION ( 'NONE',  ( 1.000000000000000000, 0.000000000000000000, 0.000000000000000000 ) ) ;
#2652 = STYLED_ITEM ( 'NONE', ( #4095 ), #4085 ) ;
#2653 = AXIS2_PLACEMENT_3D ( 'NONE', #2305, #77, #3891 ) ;
#2654 = DIRECTION ( 'NONE',  ( -1.000000000000000000, 0.000000000000000000, 0.000000000000000000 ) ) ;
#2655 = LINE ( 'NONE', #2355, #841 ) ;
#2656 = EDGE_CURVE ( 'NONE', #2192, #3592, #1083, .T. ) ;
#2657 = ORIENTED_EDGE ( 'NONE', *, *, #1486, .T. ) ;
#2658 = CARTESIAN_POINT ( 'NONE',  ( 1.000000000000000222, 0.000000000000000000, 0.5000000000000001110 ) ) ;
#2659 = MECHANICAL_DESIGN_GEOMETRIC_PRESENTATION_REPRESENTATION (  '', ( #1070 ), #2719 ) ;
#2660 = ORIENTED_EDGE ( 'NONE', *, *, #183, .F. ) ;
#2661 = PRESENTATION_STYLE_ASSIGNMENT (( #2636 ) ) ;
#2662 = VERTEX_POINT ( 'NONE', #1397 ) ;
#2663 = ADVANCED_FACE ( 'NONE', ( #1378 ), #3310, .T. ) ;
#2664 = CARTESIAN_POINT ( 'NONE',  ( -3.871205805467484495, 6.808872517849978045, 2.699999999999999734 ) ) ;
#2665 = FACE_OUTER_BOUND ( 'NONE', #3165, .T. ) ;
#2666 = CARTESIAN_POINT ( 'NONE',  ( -3.810000000000000497, 7.133292349574287705, 2.699999999999999734 ) ) ;
#2667 = CARTESIAN_POINT ( 'NONE',  ( -4.059999999999999609, 7.133292349574287705, -2.399999999999999911 ) ) ;
#2668 = DIRECTION ( 'NONE',  ( 1.000000000000000000, 0.000000000000000000, 0.000000000000000000 ) ) ;
#2669 = VERTEX_POINT ( 'NONE', #72 ) ;
#2670 = FACE_OUTER_BOUND ( 'NONE', #2873, .T. ) ;
#2671 = ADVANCED_FACE ( 'NONE', ( #2357 ), #716, .F. ) ;
#2672 = CARTESIAN_POINT ( 'NONE',  ( 2.380753800001319309, 2.786979565318412178, -4.746410318745436285 ) ) ;
#2673 = DIRECTION ( 'NONE',  ( 0.000000000000000000, 0.000000000000000000, -1.000000000000000000 ) ) ;
#2674 = ORIENTED_EDGE ( 'NONE', *, *, #2076, .T. ) ;
#2675 = CARTESIAN_POINT ( 'NONE',  ( -4.060000000000000497, 5.739999999999999325, -0.1499999999999999944 ) ) ;
#2676 = ORIENTED_EDGE ( 'NONE', *, *, #3457, .T. ) ;
#2677 = CARTESIAN_POINT ( 'NONE',  ( 4.060000000000001386, 9.449999999999999289, 2.699999999999999734 ) ) ;
#2678 = ADVANCED_FACE ( 'NONE', ( #3120 ), #3456, .F. ) ;
#2679 = CARTESIAN_POINT ( 'NONE',  ( -4.060000000000001386, 7.133292349574287705, 2.699999999999999734 ) ) ;
#2680 = PRESENTATION_STYLE_ASSIGNMENT (( #641 ) ) ;
#2681 = CARTESIAN_POINT ( 'NONE',  ( 4.325000000000004619, 1.770000000000000018, 3.704999999999999183 ) ) ;
#2682 = CARTESIAN_POINT ( 'NONE',  ( -3.810000000000000497, 5.739999999999999325, 2.699999999999999734 ) ) ;
#2683 = ORIENTED_EDGE ( 'NONE', *, *, #4112, .F. ) ;
#2684 = LINE ( 'NONE', #1033, #2092 ) ;
#2685 = LINE ( 'NONE', #2376, #1625 ) ;
#2686 = LINE ( 'NONE', #2396, #2556 ) ;
#2687 = PRESENTATION_STYLE_ASSIGNMENT (( #1375 ) ) ;
#2688 = ORIENTED_EDGE ( 'NONE', *, *, #2837, .T. ) ;
#2689 = DIRECTION ( 'NONE',  ( 0.000000000000000000, -0.000000000000000000, 1.000000000000000000 ) ) ;
#2690 = AXIS2_PLACEMENT_3D ( 'NONE', #1734, #3681, #1714 ) ;
#2691 = EDGE_CURVE ( 'NONE', #3412, #2120, #4084, .T. ) ;
#2692 = PRESENTATION_LAYER_ASSIGNMENT (  '', '', ( #306 ) ) ;
#2693 = EDGE_LOOP ( 'NONE', ( #732, #597, #823, #1175 ) ) ;
#2694 = FACE_OUTER_BOUND ( 'NONE', #131, .T. ) ;
#2695 = DIRECTION ( 'NONE',  ( 0.000000000000000000, 0.000000000000000000, 1.000000000000000000 ) ) ;
#2696 = COLOUR_RGB ( '',0.6470588235294117974, 0.6196078431372549211, 0.5882352941176470784 ) ;
#2697 =( GEOMETRIC_REPRESENTATION_CONTEXT ( 3 ) GLOBAL_UNCERTAINTY_ASSIGNED_CONTEXT ( ( #1361 ) ) GLOBAL_UNIT_ASSIGNED_CONTEXT ( ( #737, #1783, #800 ) ) REPRESENTATION_CONTEXT ( 'NONE', 'WORKASPACE' ) );
#2698 = SURFACE_STYLE_FILL_AREA ( #1106 ) ;
#2699 = DIRECTION ( 'NONE',  ( 0.000000000000000000, 0.000000000000000000, -1.000000000000000000 ) ) ;
#2700 = ADVANCED_FACE ( 'NONE', ( #3389 ), #3692, .T. ) ;
#2701 = UNCERTAINTY_MEASURE_WITH_UNIT (LENGTH_MEASURE( 1.000000000000000082E-05 ), #3838, 'distance_accuracy_value', 'NONE');
#2702 = VECTOR ( 'NONE', #29, 1000.000000000000000 ) ;
#2703 = CARTESIAN_POINT ( 'NONE',  ( 0.000000000000000000, 0.000000000000000000, 0.000000000000000000 ) ) ;
#2704 = CARTESIAN_POINT ( 'NONE',  ( -1.708332520325009929, -4.349999999999998757, 0.5000000000000001110 ) ) ;
#2705 = DIRECTION ( 'NONE',  ( -0.000000000000000000, -1.000000000000000000, -0.000000000000000000 ) ) ;
#2706 = ORIENTED_EDGE ( 'NONE', *, *, #2546, .F. ) ;
#2707 = ADVANCED_FACE ( 'NONE', ( #2423 ), #3709, .F. ) ;
#2708 = FACE_OUTER_BOUND ( 'NONE', #87, .T. ) ;
#2709 = DIRECTION ( 'NONE',  ( -0.000000000000000000, 1.000000000000000000, -0.000000000000000000 ) ) ;
#2710 = ORIENTED_EDGE ( 'NONE', *, *, #1960, .T. ) ;
#2711 = ORIENTED_EDGE ( 'NONE', *, *, #939, .F. ) ;
#2712 = CARTESIAN_POINT ( 'NONE',  ( 4.325000000000004619, 0.7500000000000000000, 3.704999999999999183 ) ) ;
#2713 = COLOUR_RGB ( '',0.6470588235294117974, 0.6196078431372549211, 0.5882352941176470784 ) ;
#2714 = VECTOR ( 'NONE', #1711, 1000.000000000000000 ) ;
#2715 = ORIENTED_EDGE ( 'NONE', *, *, #1679, .T. ) ;
#2716 = CARTESIAN_POINT ( 'NONE',  ( 2.326828918379971365E-16, 0.2500000000000000000, 1.899999999999999911 ) ) ;
#2717 = CARTESIAN_POINT ( 'NONE',  ( -4.389999999999990798, 0.7500000000000000000, -4.390000000000006786 ) ) ;
#2718 = ADVANCED_FACE ( 'NONE', ( #487 ), #3413, .F. ) ;
#2719 =( GEOMETRIC_REPRESENTATION_CONTEXT ( 3 ) GLOBAL_UNCERTAINTY_ASSIGNED_CONTEXT ( ( #2408 ) ) GLOBAL_UNIT_ASSIGNED_CONTEXT ( ( #482, #3477, #817 ) ) REPRESENTATION_CONTEXT ( 'NONE', 'WORKASPACE' ) );
#2720 = ADVANCED_FACE ( 'NONE', ( #295 ), #909, .T. ) ;
#2721 = FACE_OUTER_BOUND ( 'NONE', #3155, .T. ) ;
#2722 = VECTOR ( 'NONE', #4205, 1000.000000000000000 ) ;
#2723 = VERTEX_POINT ( 'NONE', #3243 ) ;
#2724 = PRESENTATION_LAYER_ASSIGNMENT (  '', '', ( #1488 ) ) ;
#2725 = DIRECTION ( 'NONE',  ( -0.000000000000000000, -1.000000000000000000, -0.000000000000000000 ) ) ;
#2726 = FACE_OUTER_BOUND ( 'NONE', #1716, .T. ) ;
#2727 = ORIENTED_EDGE ( 'NONE', *, *, #2558, .T. ) ;
#2728 = DIRECTION ( 'NONE',  ( -1.000000000000000000, 0.000000000000000000, 0.000000000000000000 ) ) ;
#2729 = DIRECTION ( 'NONE',  ( -1.000000000000000000, 0.000000000000000000, 0.000000000000000000 ) ) ;
#2730 = DIRECTION ( 'NONE',  ( 0.000000000000000000, 0.000000000000000000, 1.000000000000000000 ) ) ;
#2731 = EDGE_CURVE ( 'NONE', #2356, #3770, #2938, .T. ) ;
#2732 = CARTESIAN_POINT ( 'NONE',  ( 4.060000000000000497, 7.133292349574287705, -0.1499999999999999944 ) ) ;
#2733 = ORIENTED_EDGE ( 'NONE', *, *, #3992, .F. ) ;
#2734 = ORIENTED_EDGE ( 'NONE', *, *, #10, .T. ) ;
#2735 = DIRECTION ( 'NONE',  ( 1.000000000000000000, 0.000000000000000000, -0.000000000000000000 ) ) ;
#2736 = ORIENTED_EDGE ( 'NONE', *, *, #2962, .T. ) ;
#2737 = CARTESIAN_POINT ( 'NONE',  ( 1.603831785737479532, -4.450113722095250246, 0.5000000000000001110 ) ) ;
#2738 = DIRECTION ( 'NONE',  ( 1.000000000000000000, 0.000000000000000000, 0.000000000000000000 ) ) ;
#2739 = FILL_AREA_STYLE_COLOUR ( '', #4113 ) ;
#2740 = ORIENTED_EDGE ( 'NONE', *, *, #1317, .T. ) ;
#2741 = EDGE_CURVE ( 'NONE', #350, #2995, #3529, .T. ) ;
#2742 = ORIENTED_EDGE ( 'NONE', *, *, #3144, .T. ) ;
#2743 = FACE_OUTER_BOUND ( 'NONE', #1354, .T. ) ;
#2744 = DIRECTION ( 'NONE',  ( 0.000000000000000000, 1.000000000000000000, -0.000000000000000000 ) ) ;
#2745 = DIRECTION ( 'NONE',  ( -0.000000000000000000, -0.000000000000000000, -1.000000000000000000 ) ) ;
#2746 = EDGE_LOOP ( 'NONE', ( #1986, #2849, #715, #1856 ) ) ;
#2747 = DIRECTION ( 'NONE',  ( 0.000000000000000000, -0.000000000000000000, -1.000000000000000000 ) ) ;
#2748 = CARTESIAN_POINT ( 'NONE',  ( 2.380753800001319309, 0.7499999999999997780, -4.746410318745436285 ) ) ;
#2749 = VECTOR ( 'NONE', #1779, 1000.000000000000000 ) ;
#2750 = DIRECTION ( 'NONE',  ( 0.000000000000000000, -0.000000000000000000, -1.000000000000000000 ) ) ;
#2751 = VERTEX_POINT ( 'NONE', #3815 ) ;
#2752 = VERTEX_POINT ( 'NONE', #2572 ) ;
#2753 = EDGE_CURVE ( 'NONE', #4194, #420, #1892, .T. ) ;
#2754 = ORIENTED_EDGE ( 'NONE', *, *, #3069, .T. ) ;
#2755 = CARTESIAN_POINT ( 'NONE',  ( 3.676470224143055354, 0.000000000000000000, -4.746410318745436285 ) ) ;
#2756 = DIRECTION ( 'NONE',  ( 1.000000000000000000, 0.000000000000000000, 0.000000000000000000 ) ) ;
#2757 = CIRCLE ( 'NONE', #3911, 0.4942860299906992050 ) ;
#2758 = DIRECTION ( 'NONE',  ( -1.946939928144564837E-16, 0.000000000000000000, -1.000000000000000000 ) ) ;
#2759 = ORIENTED_EDGE ( 'NONE', *, *, #1006, .T. ) ;
#2760 = LINE ( 'NONE', #3152, #2845 ) ;
#2761 = VECTOR ( 'NONE', #3498, 1000.000000000000000 ) ;
#2762 = VECTOR ( 'NONE', #4097, 1000.000000000000000 ) ;
#2763 =( LENGTH_UNIT ( ) NAMED_UNIT ( * ) SI_UNIT ( .MILLI., .METRE. ) );
#2764 = DIRECTION ( 'NONE',  ( -0.000000000000000000, -0.000000000000000000, -1.000000000000000000 ) ) ;
#2765 = CYLINDRICAL_SURFACE ( 'NONE', #3526, 0.3731350835603809424 ) ;
#2766 = ORIENTED_EDGE ( 'NONE', *, *, #1362, .F. ) ;
#2767 = CARTESIAN_POINT ( 'NONE',  ( -4.324999999999999289, 1.770000000000000018, -3.705000000000000959 ) ) ;
#2768 = MECHANICAL_DESIGN_GEOMETRIC_PRESENTATION_REPRESENTATION (  '', ( #3184 ), #51 ) ;
#2769 = ADVANCED_FACE ( 'NONE', ( #3183, #611 ), #3225, .F. ) ;
#2770 = DIRECTION ( 'NONE',  ( 0.000000000000000000, 0.000000000000000000, 1.000000000000000000 ) ) ;
#2771 = STYLED_ITEM ( 'NONE', ( #132 ), #2452 ) ;
#2772 = CARTESIAN_POINT ( 'NONE',  ( -4.182921509473425559, 6.808872517849978045, 2.699999999999999734 ) ) ;
#2773 = ORIENTED_EDGE ( 'NONE', *, *, #4033, .T. ) ;
#2774 = ORIENTED_EDGE ( 'NONE', *, *, #3363, .F. ) ;
#2775 = PRESENTATION_STYLE_ASSIGNMENT (( #2067 ) ) ;
#2776 = ORIENTED_EDGE ( 'NONE', *, *, #3834, .T. ) ;
#2777 = AXIS2_PLACEMENT_3D ( 'NONE', #323, #2896, #2853 ) ;
#2778 = ADVANCED_FACE ( 'NONE', ( #2911 ), #931, .F. ) ;
#2779 = COLOUR_RGB ( '',0.6470588235294117974, 0.6196078431372549211, 0.5882352941176470784 ) ;
#2780 = ORIENTED_EDGE ( 'NONE', *, *, #2245, .F. ) ;
#2781 = CARTESIAN_POINT ( 'NONE',  ( 4.244340889027863994, 6.808872517849978045, -2.399999999999999911 ) ) ;
#2782 = DIRECTION ( 'NONE',  ( -0.000000000000000000, -0.000000000000000000, -1.000000000000000000 ) ) ;
#2783 = COLOUR_RGB ( '',0.8431372549019607865, 0.8156862745098039102, 0.7529411764705882248 ) ;
#2784 = AXIS2_PLACEMENT_3D ( 'NONE', #3600, #2348, #337 ) ;
#2785 = DIRECTION ( 'NONE',  ( 1.000000000000000000, 0.000000000000000000, 0.000000000000000000 ) ) ;
#2786 = ORIENTED_EDGE ( 'NONE', *, *, #3840, .F. ) ;
#2787 = CARTESIAN_POINT ( 'NONE',  ( 4.244340889027863994, 6.808872517849978045, -0.1499999999999999944 ) ) ;
#2788 = VECTOR ( 'NONE', #614, 1000.000000000000000 ) ;
#2789 = STYLED_ITEM ( 'NONE', ( #1386 ), #3892 ) ;
#2790 = CARTESIAN_POINT ( 'NONE',  ( -3.810000000000000497, 9.449999999999999289, 2.699999999999999734 ) ) ;
#2791 = DIRECTION ( 'NONE',  ( 0.000000000000000000, 0.000000000000000000, -1.000000000000000000 ) ) ;
#2792 = FACE_OUTER_BOUND ( 'NONE', #3035, .T. ) ;
#2793 = MECHANICAL_DESIGN_GEOMETRIC_PRESENTATION_REPRESENTATION (  '', ( #1837 ), #3008 ) ;
#2794 = SURFACE_STYLE_FILL_AREA ( #2083 ) ;
#2795 = CARTESIAN_POINT ( 'NONE',  ( 3.688635479482726076, 6.808872517849978045, 2.699999999999999734 ) ) ;
#2796 = ORIENTED_EDGE ( 'NONE', *, *, #300, .F. ) ;
#2797 = ORIENTED_EDGE ( 'NONE', *, *, #134, .F. ) ;
#2798 = SURFACE_SIDE_STYLE ('',( #2821 ) ) ;
#2799 = ORIENTED_EDGE ( 'NONE', *, *, #1929, .T. ) ;
#2800 = EDGE_CURVE ( 'NONE', #1600, #2891, #1901, .T. ) ;
#2801 = VERTEX_POINT ( 'NONE', #1855 ) ;
#2802 = FACE_OUTER_BOUND ( 'NONE', #3122, .T. ) ;
#2803 = EDGE_CURVE ( 'NONE', #3882, #3311, #3595, .T. ) ;
#2804 = LINE ( 'NONE', #2717, #86 ) ;
#2805 = CARTESIAN_POINT ( 'NONE',  ( 4.182921509473424670, 6.808872517849978045, 0.1499999999999999944 ) ) ;
#2806 = DIRECTION ( 'NONE',  ( 0.000000000000000000, 0.000000000000000000, 1.000000000000000000 ) ) ;
#2807 = ORIENTED_EDGE ( 'NONE', *, *, #2645, .T. ) ;
#2808 = LINE ( 'NONE', #154, #1946 ) ;
#2809 = ADVANCED_FACE ( 'NONE', ( #2596, #4169 ), #2529, .T. ) ;
#2810 = SURFACE_STYLE_USAGE ( .BOTH. , #3700 ) ;
#2811 = DIRECTION ( 'NONE',  ( -0.000000000000000000, -0.000000000000000000, -1.000000000000000000 ) ) ;
#2812 = CARTESIAN_POINT ( 'NONE',  ( -3.824999999999994404, 0.000000000000000000, -4.955000000000000959 ) ) ;
#2813 = PLANE ( 'NONE',  #1134 ) ;
#2814 = CARTESIAN_POINT ( 'NONE',  ( 1.708332520325009929, -4.349999999999998757, -0.4999999999999998890 ) ) ;
#2815 = CARTESIAN_POINT ( 'NONE',  ( 4.825000000000001954, 5.739999999999999325, -4.955000000000000959 ) ) ;
#2816 =( LENGTH_UNIT ( ) NAMED_UNIT ( * ) SI_UNIT ( .MILLI., .METRE. ) );
#2817 = PLANE ( 'NONE',  #3177 ) ;
#2818 = VECTOR ( 'NONE', #2764, 1000.000000000000000 ) ;
#2819 = EDGE_LOOP ( 'NONE', ( #3855, #3753, #752, #3019, #459, #2581 ) ) ;
#2820 = ORIENTED_EDGE ( 'NONE', *, *, #1333, .T. ) ;
#2821 = SURFACE_STYLE_FILL_AREA ( #1126 ) ;
#2822 = MECHANICAL_DESIGN_GEOMETRIC_PRESENTATION_REPRESENTATION (  '', ( #296 ), #2697 ) ;
#2823 = VECTOR ( 'NONE', #3100, 1000.000000000000000 ) ;
#2824 = VECTOR ( 'NONE', #2045, 1000.000000000000000 ) ;
#2825 = ORIENTED_EDGE ( 'NONE', *, *, #4193, .F. ) ;
#2826 = LINE ( 'NONE', #1194, #2163 ) ;
#2827 = FILL_AREA_STYLE ('',( #874 ) ) ;
#2828 = DIRECTION ( 'NONE',  ( 0.000000000000000000, -1.000000000000000000, 0.000000000000000000 ) ) ;
#2829 = EDGE_CURVE ( 'NONE', #942, #1014, #2272, .T. ) ;
#2830 = LINE ( 'NONE', #573, #3512 ) ;
#2831 = ORIENTED_EDGE ( 'NONE', *, *, #644, .T. ) ;
#2832 = CARTESIAN_POINT ( 'NONE',  ( 0.000000000000000000, -4.500000000000000000, 1.629999999999999893 ) ) ;
#2833 = AXIS2_PLACEMENT_3D ( 'NONE', #2172, #3473, #545 ) ;
#2834 = LINE ( 'NONE', #4120, #1617 ) ;
#2835 = CYLINDRICAL_SURFACE ( 'NONE', #1524, 0.3731350835603809424 ) ;
#2836 = CIRCLE ( 'NONE', #978, 1.899999999999999911 ) ;
#2837 = EDGE_CURVE ( 'NONE', #757, #995, #3835, .T. ) ;
#2838 = PLANE ( 'NONE',  #2365 ) ;
#2839 = VERTEX_POINT ( 'NONE', #590 ) ;
#2840 = FILL_AREA_STYLE ('',( #2177 ) ) ;
#2841 = VECTOR ( 'NONE', #2593, 1000.000000000000000 ) ;
#2842 = LINE ( 'NONE', #3893, #3064 ) ;
#2843 = FACE_OUTER_BOUND ( 'NONE', #282, .T. ) ;
#2844 = DIRECTION ( 'NONE',  ( 0.000000000000000000, -0.000000000000000000, -1.000000000000000000 ) ) ;
#2845 = VECTOR ( 'NONE', #3086, 1000.000000000000000 ) ;
#2846 = ORIENTED_EDGE ( 'NONE', *, *, #2245, .T. ) ;
#2847 = VERTEX_POINT ( 'NONE', #2892 ) ;
#2848 = DIRECTION ( 'NONE',  ( 0.000000000000000000, 0.000000000000000000, 1.000000000000000000 ) ) ;
#2849 = ORIENTED_EDGE ( 'NONE', *, *, #234, .T. ) ;
#2850 = EDGE_CURVE ( 'NONE', #1169, #1061, #1256, .T. ) ;
#2851 = PRESENTATION_LAYER_ASSIGNMENT (  '', '', ( #3184 ) ) ;
#2852 = EDGE_LOOP ( 'NONE', ( #2594, #3627, #3663, #2224 ) ) ;
#2853 = DIRECTION ( 'NONE',  ( -0.000000000000000000, 0.000000000000000000, -1.000000000000000000 ) ) ;
#2854 = PRESENTATION_LAYER_ASSIGNMENT (  '', '', ( #3591 ) ) ;
#2855 = FACE_OUTER_BOUND ( 'NONE', #3549, .T. ) ;
#2856 = COLOUR_RGB ( '',0.6470588235294117974, 0.6196078431372549211, 0.5882352941176470784 ) ;
#2857 = AXIS2_PLACEMENT_3D ( 'NONE', #2875, #2204, #3501 ) ;
#2858 = DIRECTION ( 'NONE',  ( 0.000000000000000000, -0.000000000000000000, -1.000000000000000000 ) ) ;
#2859 = ORIENTED_EDGE ( 'NONE', *, *, #2876, .T. ) ;
#2860 = CARTESIAN_POINT ( 'NONE',  ( 3.810000000000000497, 9.449999999999999289, 2.699999999999999734 ) ) ;
#2861 = PRESENTATION_LAYER_ASSIGNMENT (  '', '', ( #2652 ) ) ;
#2862 = STYLED_ITEM ( 'NONE', ( #1949 ), #3205 ) ;
#2863 = ADVANCED_FACE ( 'NONE', ( #1957 ), #1979, .F. ) ;
#2864 = PLANE ( 'NONE',  #2940 ) ;
#2865 = DIRECTION ( 'NONE',  ( 0.000000000000000000, 0.000000000000000000, 1.000000000000000000 ) ) ;
#2866 = MECHANICAL_DESIGN_GEOMETRIC_PRESENTATION_REPRESENTATION (  '', ( #2457 ), #1347 ) ;
#2867 = EDGE_LOOP ( 'NONE', ( #210, #2507, #1904, #3759 ) ) ;
#2868 = CARTESIAN_POINT ( 'NONE',  ( -4.060000000000001386, 5.739999999999999325, 2.699999999999999734 ) ) ;
#2869 = EDGE_CURVE ( 'NONE', #1688, #2398, #1639, .T. ) ;
#2870 = VECTOR ( 'NONE', #1357, 1000.000000000000000 ) ;
#2871 = CARTESIAN_POINT ( 'NONE',  ( 0.000000000000000000, -4.500000000000000000, -0.4999999999999998890 ) ) ;
#2872 = FILL_AREA_STYLE ('',( #1554 ) ) ;
#2873 = EDGE_LOOP ( 'NONE', ( #328, #738, #3708, #427 ) ) ;
#2874 = ORIENTED_EDGE ( 'NONE', *, *, #1221, .F. ) ;
#2875 = CARTESIAN_POINT ( 'NONE',  ( 0.000000000000000000, -4.500000000000000000, 0.000000000000000000 ) ) ;
#2876 = EDGE_CURVE ( 'NONE', #2505, #1074, #343, .T. ) ;
#2877 = EDGE_LOOP ( 'NONE', ( #1431, #2971, #3078, #3143 ) ) ;
#2878 = LINE ( 'NONE', #629, #1744 ) ;
#2879 = CARTESIAN_POINT ( 'NONE',  ( 3.871205805467484495, 6.808872517849978045, 2.699999999999999734 ) ) ;
#2880 = LINE ( 'NONE', #3626, #3102 ) ;
#2881 = VERTEX_POINT ( 'NONE', #711 ) ;
#2882 = DIRECTION ( 'NONE',  ( 1.000000000000000000, 0.000000000000000000, 0.000000000000000000 ) ) ;
#2883 = CARTESIAN_POINT ( 'NONE',  ( 4.244340889027864883, 6.808872517849978045, 2.699999999999999734 ) ) ;
#2884 = DIRECTION ( 'NONE',  ( -0.000000000000000000, -0.000000000000000000, -1.000000000000000000 ) ) ;
#2885 = EDGE_CURVE ( 'NONE', #2131, #3981, #2289, .T. ) ;
#2886 =( NAMED_UNIT ( * ) SI_UNIT ( $, .STERADIAN. ) SOLID_ANGLE_UNIT ( ) );
#2887 = FILL_AREA_STYLE ('',( #1272 ) ) ;
#2888 = CARTESIAN_POINT ( 'NONE',  ( -0.4972259597883800786, -4.349999999999999645, -0.6360909047471664524 ) ) ;
#2889 = DIRECTION ( 'NONE',  ( 4.336808689942017736E-16, 0.000000000000000000, -1.000000000000000000 ) ) ;
#2890 = ORIENTED_EDGE ( 'NONE', *, *, #3021, .F. ) ;
#2891 = VERTEX_POINT ( 'NONE', #2629 ) ;
#2892 = CARTESIAN_POINT ( 'NONE',  ( 3.810000000000000497, 5.739999999999999325, 2.399999999999999911 ) ) ;
#2893 = EDGE_CURVE ( 'NONE', #3882, #1578, #1015, .T. ) ;
#2894 = ORIENTED_EDGE ( 'NONE', *, *, #895, .T. ) ;
#2895 =( GEOMETRIC_REPRESENTATION_CONTEXT ( 3 ) GLOBAL_UNCERTAINTY_ASSIGNED_CONTEXT ( ( #3002 ) ) GLOBAL_UNIT_ASSIGNED_CONTEXT ( ( #3636, #1044, #432 ) ) REPRESENTATION_CONTEXT ( 'NONE', 'WORKASPACE' ) );
#2896 = DIRECTION ( 'NONE',  ( 0.000000000000000000, -1.000000000000000000, -0.000000000000000000 ) ) ;
#2897 = EDGE_CURVE ( 'NONE', #2342, #2847, #1314, .T. ) ;
#2898 = DIRECTION ( 'NONE',  ( 0.000000000000000000, 1.000000000000000000, 0.000000000000000000 ) ) ;
#2899 = ORIENTED_EDGE ( 'NONE', *, *, #2910, .T. ) ;
#2900 = CYLINDRICAL_SURFACE ( 'NONE', #850, 1.899999999999999911 ) ;
#2901 = CARTESIAN_POINT ( 'NONE',  ( 3.809999999999999609, 9.449999999999999289, -2.399999999999999911 ) ) ;
#2902 = PLANE ( 'NONE',  #1257 ) ;
#2903 = VECTOR ( 'NONE', #1387, 1000.000000000000000 ) ;
#2904 = FILL_AREA_STYLE_COLOUR ( '', #430 ) ;
#2905 = AXIS2_PLACEMENT_3D ( 'NONE', #691, #3327, #2000 ) ;
#2906 = LINE ( 'NONE', #2246, #1693 ) ;
#2907 = CARTESIAN_POINT ( 'NONE',  ( -3.809999999999999609, 5.739999999999999325, -2.699999999999999734 ) ) ;
#2908 = ORIENTED_EDGE ( 'NONE', *, *, #468, .F. ) ;
#2909 = EDGE_LOOP ( 'NONE', ( #2937, #4082, #2514, #2650 ) ) ;
#2910 = EDGE_CURVE ( 'NONE', #3048, #2066, #2684, .T. ) ;
#2911 = FACE_OUTER_BOUND ( 'NONE', #829, .T. ) ;
#2912 = MECHANICAL_DESIGN_GEOMETRIC_PRESENTATION_REPRESENTATION (  '', ( #1455 ), #2149 ) ;
#2913 = VECTOR ( 'NONE', #3446, 1000.000000000000000 ) ;
#2914 = EDGE_LOOP ( 'NONE', ( #1436, #1735, #1081, #4133 ) ) ;
#2915 = DIRECTION ( 'NONE',  ( -0.000000000000000000, -0.000000000000000000, -1.000000000000000000 ) ) ;
#2916 = EDGE_LOOP ( 'NONE', ( #3090, #2936, #2296, #3832 ) ) ;
#2917 = SURFACE_SIDE_STYLE ('',( #3486 ) ) ;
#2918 = VECTOR ( 'NONE', #283, 1000.000000000000114 ) ;
#2919 = EDGE_CURVE ( 'NONE', #890, #156, #2312, .T. ) ;
#2920 = AXIS2_PLACEMENT_3D ( 'NONE', #2048, #387, #1685 ) ;
#2921 = ORIENTED_EDGE ( 'NONE', *, *, #3637, .T. ) ;
#2922 = DIRECTION ( 'NONE',  ( -1.750477775960451074E-16, -0.000000000000000000, -1.000000000000000000 ) ) ;
#2923 = ORIENTED_EDGE ( 'NONE', *, *, #827, .F. ) ;
#2924 = ADVANCED_FACE ( 'NONE', ( #2670 ), #3972, .F. ) ;
#2925 = DIRECTION ( 'NONE',  ( -1.000000000000000000, -0.000000000000000000, -0.000000000000000000 ) ) ;
#2926 =( NAMED_UNIT ( * ) PLANE_ANGLE_UNIT ( ) SI_UNIT ( $, .RADIAN. ) );
#2927 = AXIS2_PLACEMENT_3D ( 'NONE', #3825, #3805, #2212 ) ;
#2928 =( GEOMETRIC_REPRESENTATION_CONTEXT ( 3 ) GLOBAL_UNCERTAINTY_ASSIGNED_CONTEXT ( ( #1712 ) ) GLOBAL_UNIT_ASSIGNED_CONTEXT ( ( #225, #903, #248 ) ) REPRESENTATION_CONTEXT ( 'NONE', 'WORKASPACE' ) );
#2929 = SURFACE_STYLE_USAGE ( .BOTH. , #948 ) ;
#2930 = SURFACE_STYLE_USAGE ( .BOTH. , #2013 ) ;
#2931 = UNCERTAINTY_MEASURE_WITH_UNIT (LENGTH_MEASURE( 1.000000000000000082E-05 ), #1788, 'distance_accuracy_value', 'NONE');
#2932 = AXIS2_PLACEMENT_3D ( 'NONE', #1692, #3888, #2987 ) ;
#2933 = AXIS2_PLACEMENT_3D ( 'NONE', #1467, #4068, #875 ) ;
#2934 = DIRECTION ( 'NONE',  ( 0.000000000000000000, 0.000000000000000000, -1.000000000000000000 ) ) ;
#2935 =( LENGTH_UNIT ( ) NAMED_UNIT ( * ) SI_UNIT ( .MILLI., .METRE. ) );
#2936 = ORIENTED_EDGE ( 'NONE', *, *, #1655, .F. ) ;
#2937 = ORIENTED_EDGE ( 'NONE', *, *, #1191, .T. ) ;
#2938 = LINE ( 'NONE', #1918, #3383 ) ;
#2939 = VECTOR ( 'NONE', #1525, 1000.000000000000000 ) ;
#2940 = AXIS2_PLACEMENT_3D ( 'NONE', #1267, #2517, #1544 ) ;
#2941 = EDGE_LOOP ( 'NONE', ( #2786, #2533, #84, #2923 ) ) ;
#2942 = EDGE_CURVE ( 'NONE', #1074, #1722, #2972, .T. ) ;
#2943 =( NAMED_UNIT ( * ) SI_UNIT ( $, .STERADIAN. ) SOLID_ANGLE_UNIT ( ) );
#2944 = ORIENTED_EDGE ( 'NONE', *, *, #887, .T. ) ;
#2945 = EDGE_LOOP ( 'NONE', ( #1772, #989, #1379, #1407 ) ) ;
#2946 = CARTESIAN_POINT ( 'NONE',  ( 3.575000000000002842, 1.770000000000000018, -4.455000000000000959 ) ) ;
#2947 =( NAMED_UNIT ( * ) SI_UNIT ( $, .STERADIAN. ) SOLID_ANGLE_UNIT ( ) );
#2948 =( NAMED_UNIT ( * ) SI_UNIT ( $, .STERADIAN. ) SOLID_ANGLE_UNIT ( ) );
#2949 = FACE_BOUND ( 'NONE', #4094, .T. ) ;
#2950 = CARTESIAN_POINT ( 'NONE',  ( 3.575000000000004174, 0.7500000000000000000, 3.704999999999999183 ) ) ;
#2951 = DIRECTION ( 'NONE',  ( -0.000000000000000000, -0.000000000000000000, -1.000000000000000000 ) ) ;
#2952 = CARTESIAN_POINT ( 'NONE',  ( 3.810000000000000053, 5.739999999999999325, 0.1499999999999999944 ) ) ;
#2953 = VERTEX_POINT ( 'NONE', #3937 ) ;
#2954 = CARTESIAN_POINT ( 'NONE',  ( -3.810000000000000053, 5.739999999999999325, 0.1499999999999999944 ) ) ;
#2955 = LINE ( 'NONE', #3939, #3973 ) ;
#2956 = ORIENTED_EDGE ( 'NONE', *, *, #1643, .F. ) ;
#2957 = CARTESIAN_POINT ( 'NONE',  ( -3.810000000000000497, 7.133292349574287705, 2.399999999999999911 ) ) ;
#2958 = ORIENTED_EDGE ( 'NONE', *, *, #3669, .T. ) ;
#2959 = SURFACE_STYLE_USAGE ( .BOTH. , #1942 ) ;
#2960 = VERTEX_POINT ( 'NONE', #3624 ) ;
#2961 = DIRECTION ( 'NONE',  ( -0.000000000000000000, -0.000000000000000000, -1.000000000000000000 ) ) ;
#2962 = EDGE_CURVE ( 'NONE', #1970, #1377, #2996, .T. ) ;
#2963 = VECTOR ( 'NONE', #1774, 1000.000000000000000 ) ;
#2964 = FILL_AREA_STYLE_COLOUR ( '', #2783 ) ;
#2965 = DIRECTION ( 'NONE',  ( 0.000000000000000000, 1.000000000000000000, 0.000000000000000000 ) ) ;
#2966 = EDGE_CURVE ( 'NONE', #2066, #3241, #1355, .T. ) ;
#2967 = DIRECTION ( 'NONE',  ( -0.000000000000000000, -0.000000000000000000, -1.000000000000000000 ) ) ;
#2968 = DIRECTION ( 'NONE',  ( -0.000000000000000000, -0.000000000000000000, -1.000000000000000000 ) ) ;
#2969 = AXIS2_PLACEMENT_3D ( 'NONE', #1305, #56, #3557 ) ;
#2970 = SURFACE_STYLE_USAGE ( .BOTH. , #341 ) ;
#2971 = ORIENTED_EDGE ( 'NONE', *, *, #741, .T. ) ;
#2972 = LINE ( 'NONE', #42, #2512 ) ;
#2973 = ORIENTED_EDGE ( 'NONE', *, *, #1775, .F. ) ;
#2974 = CIRCLE ( 'NONE', #703, 0.7499999999999997780 ) ;
#2975 = CARTESIAN_POINT ( 'NONE',  ( -4.244340889027863994, 6.808872517849978045, -2.399999999999999911 ) ) ;
#2976 = DIRECTION ( 'NONE',  ( -1.000000000000000000, 0.000000000000000000, 0.000000000000000000 ) ) ;
#2977 =( GEOMETRIC_REPRESENTATION_CONTEXT ( 3 ) GLOBAL_UNCERTAINTY_ASSIGNED_CONTEXT ( ( #1923 ) ) GLOBAL_UNIT_ASSIGNED_CONTEXT ( ( #1988, #2926, #1947 ) ) REPRESENTATION_CONTEXT ( 'NONE', 'WORKASPACE' ) );
#2978 = ORIENTED_EDGE ( 'NONE', *, *, #3669, .F. ) ;
#2979 = ADVANCED_FACE ( 'NONE', ( #798 ), #3073, .T. ) ;
#2980 = CARTESIAN_POINT ( 'NONE',  ( 0.000000000000000000, 0.000000000000000000, 0.000000000000000000 ) ) ;
#2981 = VECTOR ( 'NONE', #1080, 1000.000000000000000 ) ;
#2982 = ORIENTED_EDGE ( 'NONE', *, *, #1577, .T. ) ;
#2983 =( NAMED_UNIT ( * ) PLANE_ANGLE_UNIT ( ) SI_UNIT ( $, .RADIAN. ) );
#2984 = ORIENTED_EDGE ( 'NONE', *, *, #3934, .F. ) ;
#2985 = AXIS2_PLACEMENT_3D ( 'NONE', #1780, #1715, #1800 ) ;
#2986 = PRESENTATION_LAYER_ASSIGNMENT (  '', '', ( #3313 ) ) ;
#2987 = DIRECTION ( 'NONE',  ( -1.000000000000000000, 0.000000000000000000, 0.000000000000000000 ) ) ;
#2988 =( GEOMETRIC_REPRESENTATION_CONTEXT ( 3 ) GLOBAL_UNCERTAINTY_ASSIGNED_CONTEXT ( ( #3629 ) ) GLOBAL_UNIT_ASSIGNED_CONTEXT ( ( #1478, #3139, #883 ) ) REPRESENTATION_CONTEXT ( 'NONE', 'WORKASPACE' ) );
#2989 = EDGE_CURVE ( 'NONE', #1296, #1187, #2082, .T. ) ;
#2990 = FACE_OUTER_BOUND ( 'NONE', #3426, .T. ) ;
#2991 = VECTOR ( 'NONE', #3589, 1000.000000000000000 ) ;
#2992 = CARTESIAN_POINT ( 'NONE',  ( -3.809999999999999609, 7.133292349574287705, -2.699999999999999734 ) ) ;
#2993 = DIRECTION ( 'NONE',  ( -0.000000000000000000, -1.000000000000000000, -0.000000000000000000 ) ) ;
#2994 = VECTOR ( 'NONE', #1717, 1000.000000000000000 ) ;
#2995 = VERTEX_POINT ( 'NONE', #1454 ) ;
#2996 = LINE ( 'NONE', #688, #3050 ) ;
#2997 = CARTESIAN_POINT ( 'NONE',  ( 3.810000000000000497, 7.133292349574287705, 2.399999999999999911 ) ) ;
#2998 = CARTESIAN_POINT ( 'NONE',  ( 3.810000000000000053, 5.739999999999999325, 0.1499999999999999944 ) ) ;
#2999 = CIRCLE ( 'NONE', #1146, 0.7499999999999997780 ) ;
#3000 = ORIENTED_EDGE ( 'NONE', *, *, #836, .F. ) ;
#3001 = DIRECTION ( 'NONE',  ( 0.000000000000000000, -1.000000000000000000, -0.000000000000000000 ) ) ;
#3002 = UNCERTAINTY_MEASURE_WITH_UNIT (LENGTH_MEASURE( 1.000000000000000082E-05 ), #3636, 'distance_accuracy_value', 'NONE');
#3003 = EDGE_CURVE ( 'NONE', #1955, #4150, #2127, .T. ) ;
#3004 = CONICAL_SURFACE ( 'NONE', #1149, 1.629999999999999671, 0.7853981633974468357 ) ;
#3005 = ORIENTED_EDGE ( 'NONE', *, *, #31, .T. ) ;
#3006 = DIRECTION ( 'NONE',  ( 0.000000000000000000, -0.000000000000000000, 1.000000000000000000 ) ) ;
#3007 = ORIENTED_EDGE ( 'NONE', *, *, #2349, .F. ) ;
#3008 =( GEOMETRIC_REPRESENTATION_CONTEXT ( 3 ) GLOBAL_UNCERTAINTY_ASSIGNED_CONTEXT ( ( #4174 ) ) GLOBAL_UNIT_ASSIGNED_CONTEXT ( ( #2816, #863, #2180 ) ) REPRESENTATION_CONTEXT ( 'NONE', 'WORKASPACE' ) );
#3009 = SURFACE_STYLE_USAGE ( .BOTH. , #1425 ) ;
#3010 = DIRECTION ( 'NONE',  ( 0.000000000000000000, 0.000000000000000000, 1.000000000000000000 ) ) ;
#3011 = DIRECTION ( 'NONE',  ( 0.000000000000000000, 0.000000000000000000, -1.000000000000000000 ) ) ;
#3012 =( LENGTH_UNIT ( ) NAMED_UNIT ( * ) SI_UNIT ( .MILLI., .METRE. ) );
#3013 = SURFACE_STYLE_FILL_AREA ( #1954 ) ;
#3014 = ORIENTED_EDGE ( 'NONE', *, *, #493, .F. ) ;
#3015 = FILL_AREA_STYLE_COLOUR ( '', #1612 ) ;
#3016 = ADVANCED_FACE ( 'NONE', ( #3049 ), #1414, .F. ) ;
#3017 = DIRECTION ( 'NONE',  ( 0.000000000000000000, 0.000000000000000000, 1.000000000000000000 ) ) ;
#3018 = DIRECTION ( 'NONE',  ( -0.000000000000000000, -0.000000000000000000, -1.000000000000000000 ) ) ;
#3019 = ORIENTED_EDGE ( 'NONE', *, *, #895, .F. ) ;
#3020 = DIRECTION ( 'NONE',  ( 0.000000000000000000, 1.000000000000000000, 0.000000000000000000 ) ) ;
#3021 = EDGE_CURVE ( 'NONE', #3510, #797, #1405, .T. ) ;
#3022 = ORIENTED_EDGE ( 'NONE', *, *, #1343, .T. ) ;
#3023 = DIRECTION ( 'NONE',  ( 0.000000000000000000, 1.000000000000000000, 0.000000000000000000 ) ) ;
#3024 = EDGE_CURVE ( 'NONE', #2575, #3124, #2481, .T. ) ;
#3025 = VECTOR ( 'NONE', #4003, 1000.000000000000000 ) ;
#3026 = CARTESIAN_POINT ( 'NONE',  ( 4.825000000000003730, 1.770000000000000018, 4.954999999999999183 ) ) ;
#3027 = SURFACE_STYLE_FILL_AREA ( #771 ) ;
#3028 = ORIENTED_EDGE ( 'NONE', *, *, #3743, .T. ) ;
#3029 = SURFACE_STYLE_FILL_AREA ( #2438 ) ;
#3030 = CARTESIAN_POINT ( 'NONE',  ( 0.000000000000000000, 0.000000000000000000, 0.000000000000000000 ) ) ;
#3031 = LINE ( 'NONE', #2129, #1862 ) ;
#3032 = DIRECTION ( 'NONE',  ( -0.000000000000000000, 1.000000000000000000, -0.000000000000000000 ) ) ;
#3033 = EDGE_CURVE ( 'NONE', #1688, #615, #3091, .T. ) ;
#3034 = ORIENTED_EDGE ( 'NONE', *, *, #885, .T. ) ;
#3035 = EDGE_LOOP ( 'NONE', ( #1346, #1395, #4017, #588 ) ) ;
#3036 = DIRECTION ( 'NONE',  ( -0.000000000000000000, -1.000000000000000000, -0.000000000000000000 ) ) ;
#3037 = COLOUR_RGB ( '',0.6470588235294117974, 0.6196078431372549211, 0.5882352941176470784 ) ;
#3038 = AXIS2_PLACEMENT_3D ( 'NONE', #218, #3740, #849 ) ;
#3039 = EDGE_LOOP ( 'NONE', ( #2825, #3431, #3402, #1313 ) ) ;
#3040 = FACE_OUTER_BOUND ( 'NONE', #1593, .T. ) ;
#3041 = CARTESIAN_POINT ( 'NONE',  ( 3.810000000000000497, 9.449999999999999289, 2.699999999999999734 ) ) ;
#3042 = VECTOR ( 'NONE', #2146, 1000.000000000000000 ) ;
#3043 = VERTEX_POINT ( 'NONE', #4055 ) ;
#3044 = VECTOR ( 'NONE', #2235, 1000.000000000000000 ) ;
#3045 = EDGE_CURVE ( 'NONE', #1968, #3185, #159, .T. ) ;
#3046 = CARTESIAN_POINT ( 'NONE',  ( 3.871205805467482719, 6.808872517849978045, -2.699999999999999734 ) ) ;
#3047 = MECHANICAL_DESIGN_GEOMETRIC_PRESENTATION_REPRESENTATION (  '', ( #3591 ), #924 ) ;
#3048 = VERTEX_POINT ( 'NONE', #2464 ) ;
#3049 = FACE_OUTER_BOUND ( 'NONE', #3229, .T. ) ;
#3050 = VECTOR ( 'NONE', #65, 1000.000000000000000 ) ;
#3051 = CARTESIAN_POINT ( 'NONE',  ( -4.182921509473423782, 6.808872517849978045, -2.699999999999999734 ) ) ;
#3052 = CARTESIAN_POINT ( 'NONE',  ( -4.244340889027863994, 6.808872517849978045, -2.399999999999999911 ) ) ;
#3053 =( NAMED_UNIT ( * ) SI_UNIT ( $, .STERADIAN. ) SOLID_ANGLE_UNIT ( ) );
#3054 = ORIENTED_EDGE ( 'NONE', *, *, #1400, .T. ) ;
#3055 = ORIENTED_EDGE ( 'NONE', *, *, #3555, .F. ) ;
#3056 = PRESENTATION_STYLE_ASSIGNMENT (( #1507 ) ) ;
#3057 = VECTOR ( 'NONE', #2368, 1000.000000000000000 ) ;
#3058 =( GEOMETRIC_REPRESENTATION_CONTEXT ( 3 ) GLOBAL_UNCERTAINTY_ASSIGNED_CONTEXT ( ( #93 ) ) GLOBAL_UNIT_ASSIGNED_CONTEXT ( ( #2623, #1368, #1047 ) ) REPRESENTATION_CONTEXT ( 'NONE', 'WORKASPACE' ) );
#3059 = PRESENTATION_LAYER_ASSIGNMENT (  '', '', ( #4202 ) ) ;
#3060 = CIRCLE ( 'NONE', #1480, 0.3731350835603809424 ) ;
#3061 = ORIENTED_EDGE ( 'NONE', *, *, #599, .F. ) ;
#3062 = SURFACE_SIDE_STYLE ('',( #1749 ) ) ;
#3063 = CARTESIAN_POINT ( 'NONE',  ( 3.688635479482725188, 6.808872517849978045, 0.1499999999999999944 ) ) ;
#3064 = VECTOR ( 'NONE', #3220, 1000.000000000000000 ) ;
#3065 =( LENGTH_UNIT ( ) NAMED_UNIT ( * ) SI_UNIT ( .MILLI., .METRE. ) );
#3066 = ORIENTED_EDGE ( 'NONE', *, *, #2611, .T. ) ;
#3067 = PLANE ( 'NONE',  #1958 ) ;
#3068 = CARTESIAN_POINT ( 'NONE',  ( 0.000000000000000000, 0.2500000000000000000, -1.770000000000000018 ) ) ;
#3069 = EDGE_CURVE ( 'NONE', #4063, #1628, #460, .T. ) ;
#3070 = DIRECTION ( 'NONE',  ( 0.8267376964186788912, 0.000000000000000000, -0.5625875765783816540 ) ) ;
#3071 = EDGE_CURVE ( 'NONE', #3770, #3510, #141, .T. ) ;
#3072 = VERTEX_POINT ( 'NONE', #4029 ) ;
#3073 = PLANE ( 'NONE',  #3258 ) ;
#3074 = CARTESIAN_POINT ( 'NONE',  ( 0.4972259597883800786, -4.500000000000000000, -0.6360909047471663413 ) ) ;
#3075 = DIRECTION ( 'NONE',  ( 1.000000000000000000, 0.000000000000000000, 0.000000000000000000 ) ) ;
#3076 =( NAMED_UNIT ( * ) SI_UNIT ( $, .STERADIAN. ) SOLID_ANGLE_UNIT ( ) );
#3077 = ORIENTED_EDGE ( 'NONE', *, *, #3587, .F. ) ;
#3078 = ORIENTED_EDGE ( 'NONE', *, *, #606, .T. ) ;
#3079 = DIRECTION ( 'NONE',  ( -1.000000000000000000, 0.000000000000000000, 1.750477775960451074E-16 ) ) ;
#3080 = ORIENTED_EDGE ( 'NONE', *, *, #1647, .T. ) ;
#3081 = CARTESIAN_POINT ( 'NONE',  ( -1.697910480561328095, 0.000000000000000000, 0.5000000000000001110 ) ) ;
#3082 = DIRECTION ( 'NONE',  ( 0.000000000000000000, -0.000000000000000000, -1.000000000000000000 ) ) ;
#3083 = DIRECTION ( 'NONE',  ( 0.000000000000000000, -1.000000000000000000, 0.000000000000000000 ) ) ;
#3084 = ORIENTED_EDGE ( 'NONE', *, *, #2586, .T. ) ;
#3085 = ADVANCED_FACE ( 'NONE', ( #2792 ), #3448, .F. ) ;
#3086 = DIRECTION ( 'NONE',  ( -0.000000000000000000, -1.000000000000000000, -0.000000000000000000 ) ) ;
#3087 = FACE_OUTER_BOUND ( 'NONE', #1082, .T. ) ;
#3088 = DIRECTION ( 'NONE',  ( -0.000000000000000000, -0.000000000000000000, -1.000000000000000000 ) ) ;
#3089 = PRESENTATION_LAYER_ASSIGNMENT (  '', '', ( #898 ) ) ;
#3090 = ORIENTED_EDGE ( 'NONE', *, *, #4101, .T. ) ;
#3091 = LINE ( 'NONE', #1095, #2028 ) ;
#3092 = EDGE_CURVE ( 'NONE', #2598, #2336, #949, .T. ) ;
#3093 = AXIS2_PLACEMENT_3D ( 'NONE', #1457, #462, #424 ) ;
#3094 = CARTESIAN_POINT ( 'NONE',  ( -4.824999999999998401, 1.770000000000000018, 4.954999999999999183 ) ) ;
#3095 = ORIENTED_EDGE ( 'NONE', *, *, #751, .T. ) ;
#3096 = ORIENTED_EDGE ( 'NONE', *, *, #4019, .T. ) ;
#3097 = SURFACE_STYLE_USAGE ( .BOTH. , #803 ) ;
#3098 = AXIS2_PLACEMENT_3D ( 'NONE', #1889, #1545, #2865 ) ;
#3099 = ORIENTED_EDGE ( 'NONE', *, *, #2611, .F. ) ;
#3100 = DIRECTION ( 'NONE',  ( 0.000000000000000000, 1.000000000000000000, 0.000000000000000000 ) ) ;
#3101 = LINE ( 'NONE', #151, #191 ) ;
#3102 = VECTOR ( 'NONE', #2024, 1000.000000000000000 ) ;
#3103 = DIRECTION ( 'NONE',  ( -0.000000000000000000, -0.000000000000000000, -1.000000000000000000 ) ) ;
#3104 = ORIENTED_EDGE ( 'NONE', *, *, #876, .F. ) ;
#3105 = FACE_OUTER_BOUND ( 'NONE', #2852, .T. ) ;
#3106 = MECHANICAL_DESIGN_GEOMETRIC_PRESENTATION_REPRESENTATION (  '', ( #306 ), #1261 ) ;
#3107 = VECTOR ( 'NONE', #2391, 1000.000000000000000 ) ;
#3108 = FILL_AREA_STYLE ('',( #2105 ) ) ;
#3109 = CYLINDRICAL_SURFACE ( 'NONE', #4175, 0.3731350835603809424 ) ;
#3110 = DIRECTION ( 'NONE',  ( 0.000000000000000000, 0.000000000000000000, 1.000000000000000000 ) ) ;
#3111 = EDGE_CURVE ( 'NONE', #2325, #4010, #2314, .T. ) ;
#3112 = ORIENTED_EDGE ( 'NONE', *, *, #1718, .T. ) ;
#3113 = VECTOR ( 'NONE', #2560, 1000.000000000000000 ) ;
#3114 = FILL_AREA_STYLE ('',( #461 ) ) ;
#3115 = CARTESIAN_POINT ( 'NONE',  ( -4.824999999999998401, 0.000000000000000000, -3.955000000000000071 ) ) ;
#3116 = FACE_OUTER_BOUND ( 'NONE', #2108, .T. ) ;
#3117 = VECTOR ( 'NONE', #619, 1000.000000000000000 ) ;
#3118 = EDGE_LOOP ( 'NONE', ( #1301, #2742, #3014, #3816 ) ) ;
#3119 = EDGE_LOOP ( 'NONE', ( #2422, #558, #3284, #1793 ) ) ;
#3120 = FACE_OUTER_BOUND ( 'NONE', #3802, .T. ) ;
#3121 = COLOUR_RGB ( '',0.6470588235294117974, 0.6196078431372549211, 0.5882352941176470784 ) ;
#3122 = EDGE_LOOP ( 'NONE', ( #1615, #2276, #2112, #3900 ) ) ;
#3123 = VECTOR ( 'NONE', #2625, 1000.000000000000000 ) ;
#3124 = VERTEX_POINT ( 'NONE', #1849 ) ;
#3125 = CARTESIAN_POINT ( 'NONE',  ( 4.060000000000001386, 7.133292349574287705, 2.399999999999999911 ) ) ;
#3126 = EDGE_CURVE ( 'NONE', #3399, #4130, #1270, .T. ) ;
#3127 = FACE_OUTER_BOUND ( 'NONE', #480, .T. ) ;
#3128 = PRODUCT_DEFINITION_FORMATION_WITH_SPECIFIED_SOURCE ( 'ANY', '', #1052, .NOT_KNOWN. ) ;
#3129 = VECTOR ( 'NONE', #1562, 1000.000000000000000 ) ;
#3130 = CARTESIAN_POINT ( 'NONE',  ( -4.060000000000000497, 7.133292349574287705, 0.1499999999999999944 ) ) ;
#3131 = ORIENTED_EDGE ( 'NONE', *, *, #288, .F. ) ;
#3132 = DIRECTION ( 'NONE',  ( -1.090250972562798346E-16, 0.000000000000000000, 1.000000000000000000 ) ) ;
#3133 = COLOUR_RGB ( '',0.6470588235294117974, 0.6196078431372549211, 0.5882352941176470784 ) ;
#3134 = B_SPLINE_CURVE_WITH_KNOTS ( 'NONE', 3,
 ( #3415, #1773, #2737, #2425 ),
 .UNSPECIFIED., .F., .F.,
 ( 4, 4 ),
 ( 0.000000000000000000, 0.0002170758974649437012 ),
 .UNSPECIFIED. ) ;
#3135 = VECTOR ( 'NONE', #1719, 1000.000000000000000 ) ;
#3136 = DIRECTION ( 'NONE',  ( -0.000000000000000000, -1.000000000000000000, -0.000000000000000000 ) ) ;
#3137 = CYLINDRICAL_SURFACE ( 'NONE', #2833, 0.3731350835603809424 ) ;
#3138 = CARTESIAN_POINT ( 'NONE',  ( -3.810000000000000497, 6.484452686125668386, 2.699999999999999734 ) ) ;
#3139 =( NAMED_UNIT ( * ) PLANE_ANGLE_UNIT ( ) SI_UNIT ( $, .RADIAN. ) );
#3140 = LINE ( 'NONE', #2868, #327 ) ;
#3141 = LINE ( 'NONE', #927, #3522 ) ;
#3142 = EDGE_LOOP ( 'NONE', ( #3769, #2874, #3843, #219 ) ) ;
#3143 = ORIENTED_EDGE ( 'NONE', *, *, #1919, .T. ) ;
#3144 = EDGE_CURVE ( 'NONE', #2398, #1699, #3140, .T. ) ;
#3145 = ORIENTED_EDGE ( 'NONE', *, *, #2731, .F. ) ;
#3146 = ORIENTED_EDGE ( 'NONE', *, *, #1602, .F. ) ;
#3147 = FILL_AREA_STYLE ('',( #873 ) ) ;
#3148 = CARTESIAN_POINT ( 'NONE',  ( 4.060000000000001386, 7.133292349574287705, 2.699999999999999734 ) ) ;
#3149 = EDGE_CURVE ( 'NONE', #2131, #2421, #2197, .T. ) ;
#3150 = CARTESIAN_POINT ( 'NONE',  ( 4.060000000000001386, 6.484452686125668386, 2.699999999999999734 ) ) ;
#3151 = ORIENTED_EDGE ( 'NONE', *, *, #1704, .F. ) ;
#3152 = CARTESIAN_POINT ( 'NONE',  ( 3.809999999999999609, 7.133292349574287705, -2.399999999999999911 ) ) ;
#3153 = FILL_AREA_STYLE ('',( #1846 ) ) ;
#3154 = PLANE ( 'NONE',  #3586 ) ;
#3155 = EDGE_LOOP ( 'NONE', ( #1389, #3502 ) ) ;
#3156 = CARTESIAN_POINT ( 'NONE',  ( 4.182921509473423782, 6.808872517849978045, -2.699999999999999734 ) ) ;
#3157 = CARTESIAN_POINT ( 'NONE',  ( -3.810000000000000053, 9.449999999999999289, 0.1499999999999999944 ) ) ;
#3158 = DIRECTION ( 'NONE',  ( -0.000000000000000000, -0.000000000000000000, -1.000000000000000000 ) ) ;
#3159 =( NAMED_UNIT ( * ) PLANE_ANGLE_UNIT ( ) SI_UNIT ( $, .RADIAN. ) );
#3160 = ORIENTED_EDGE ( 'NONE', *, *, #3392, .T. ) ;
#3161 = ORIENTED_EDGE ( 'NONE', *, *, #168, .F. ) ;
#3162 = DIRECTION ( 'NONE',  ( 0.000000000000000000, 0.000000000000000000, -1.000000000000000000 ) ) ;
#3163 = VERTEX_POINT ( 'NONE', #206 ) ;
#3164 = EDGE_CURVE ( 'NONE', #2228, #1153, #4183, .T. ) ;
#3165 = EDGE_LOOP ( 'NONE', ( #1458, #525, #3814, #1437 ) ) ;
#3166 = EDGE_CURVE ( 'NONE', #2120, #25, #1895, .T. ) ;
#3167 = DIRECTION ( 'NONE',  ( 1.000000000000000000, -0.000000000000000000, -0.000000000000000000 ) ) ;
#3168 = ORIENTED_EDGE ( 'NONE', *, *, #2477, .F. ) ;
#3169 = CARTESIAN_POINT ( 'NONE',  ( -3.809999999999999609, 5.739999999999999325, -2.699999999999999734 ) ) ;
#3170 = AXIS2_PLACEMENT_3D ( 'NONE', #2412, #2744, #2079 ) ;
#3171 = FACE_OUTER_BOUND ( 'NONE', #1603, .T. ) ;
#3172 = VECTOR ( 'NONE', #3822, 1000.000000000000000 ) ;
#3173 = CARTESIAN_POINT ( 'NONE',  ( 3.688635479482725188, 6.808872517849978045, 0.1499999999999999944 ) ) ;
#3174 = ORIENTED_EDGE ( 'NONE', *, *, #2803, .F. ) ;
#3175 =( NAMED_UNIT ( * ) PLANE_ANGLE_UNIT ( ) SI_UNIT ( $, .RADIAN. ) );
#3176 = EDGE_CURVE ( 'NONE', #1402, #1459, #3460, .T. ) ;
#3177 = AXIS2_PLACEMENT_3D ( 'NONE', #2569, #1574, #3206 ) ;
#3178 = CARTESIAN_POINT ( 'NONE',  ( -3.871205805467484495, 6.808872517849978045, 2.399999999999999911 ) ) ;
#3179 = CARTESIAN_POINT ( 'NONE',  ( 4.825000000000001954, 5.739999999999999325, -4.955000000000000959 ) ) ;
#3180 = PLANE ( 'NONE',  #43 ) ;
#3181 = ORIENTED_EDGE ( 'NONE', *, *, #695, .T. ) ;
#3182 = VERTEX_POINT ( 'NONE', #2814 ) ;
#3183 = FACE_OUTER_BOUND ( 'NONE', #3823, .T. ) ;
#3184 = STYLED_ITEM ( 'NONE', ( #2661 ), #2361 ) ;
#3185 = VERTEX_POINT ( 'NONE', #1893 ) ;
#3186 = SURFACE_STYLE_USAGE ( .BOTH. , #3506 ) ;
#3187 = COLOUR_RGB ( '',0.6470588235294117974, 0.6196078431372549211, 0.5882352941176470784 ) ;
#3188 = CARTESIAN_POINT ( 'NONE',  ( 0.6483549111549217203, -4.500000000000000000, -0.3743278824857101394 ) ) ;
#3189 = EDGE_CURVE ( 'NONE', #488, #4201, #4100, .T. ) ;
#3190 = ADVANCED_FACE ( 'NONE', ( #2500 ), #3787, .F. ) ;
#3191 = COLOUR_RGB ( '',0.6470588235294117974, 0.6196078431372549211, 0.5882352941176470784 ) ;
#3192 = LINE ( 'NONE', #2491, #3642 ) ;
#3193 = ORIENTED_EDGE ( 'NONE', *, *, #3024, .F. ) ;
#3194 = CARTESIAN_POINT ( 'NONE',  ( 3.575000000000001954, 0.7500000000000000000, 4.454999999999999183 ) ) ;
#3195 = PRESENTATION_LAYER_ASSIGNMENT (  '', '', ( #795 ) ) ;
#3196 = SURFACE_STYLE_FILL_AREA ( #1567 ) ;
#3197 = LINE ( 'NONE', #268, #303 ) ;
#3198 = DIRECTION ( 'NONE',  ( 0.000000000000000000, 0.000000000000000000, -1.000000000000000000 ) ) ;
#3199 = ORIENTED_EDGE ( 'NONE', *, *, #32, .T. ) ;
#3200 = CARTESIAN_POINT ( 'NONE',  ( -3.810000000000000053, 6.484452686125668386, 0.1499999999999999944 ) ) ;
#3201 = VECTOR ( 'NONE', #2337, 1000.000000000000000 ) ;
#3202 = ADVANCED_FACE ( 'NONE', ( #2366 ), #3910, .T. ) ;
#3203 = DIRECTION ( 'NONE',  ( 0.000000000000000000, -0.000000000000000000, 1.000000000000000000 ) ) ;
#3204 = DIRECTION ( 'NONE',  ( -1.000000000000000000, 0.000000000000000000, 0.000000000000000000 ) ) ;
#3205 = ADVANCED_FACE ( 'NONE', ( #2665 ), #1633, .T. ) ;
#3206 = DIRECTION ( 'NONE',  ( 1.000000000000000000, 0.000000000000000000, -0.000000000000000000 ) ) ;
#3207 = EDGE_LOOP ( 'NONE', ( #3255, #531, #3034, #1516 ) ) ;
#3208 = ORIENTED_EDGE ( 'NONE', *, *, #3555, .T. ) ;
#3209 = CARTESIAN_POINT ( 'NONE',  ( -4.059999999999999609, 5.739999999999999325, -2.399999999999999911 ) ) ;
#3210 = ORIENTED_EDGE ( 'NONE', *, *, #2584, .T. ) ;
#3211 = LINE ( 'NONE', #3550, #1542 ) ;
#3212 = CARTESIAN_POINT ( 'NONE',  ( 3.982998415941970904, 0.7499999999999997780, -4.955000000000000959 ) ) ;
#3213 = ORIENTED_EDGE ( 'NONE', *, *, #2323, .T. ) ;
#3214 = DIRECTION ( 'NONE',  ( -1.000000000000000000, 0.000000000000000000, 0.000000000000000000 ) ) ;
#3215 = LINE ( 'NONE', #1888, #527 ) ;
#3216 = ADVANCED_FACE ( 'NONE', ( #2990 ), #377, .F. ) ;
#3217 = DIRECTION ( 'NONE',  ( -1.000000000000000000, 0.000000000000000000, 0.000000000000000000 ) ) ;
#3218 = CARTESIAN_POINT ( 'NONE',  ( -4.060000000000001386, 5.739999999999999325, 2.699999999999999734 ) ) ;
#3219 = DIRECTION ( 'NONE',  ( 0.000000000000000000, 0.000000000000000000, -1.000000000000000000 ) ) ;
#3220 = DIRECTION ( 'NONE',  ( 0.000000000000000000, 1.000000000000000000, 0.000000000000000000 ) ) ;
#3221 = DIRECTION ( 'NONE',  ( -1.000000000000000000, 0.000000000000000000, 0.000000000000000000 ) ) ;
#3222 = CARTESIAN_POINT ( 'NONE',  ( -4.182921509473423782, 6.808872517849978045, -2.399999999999999911 ) ) ;
#3223 = ORIENTED_EDGE ( 'NONE', *, *, #134, .T. ) ;
#3224 = VERTEX_POINT ( 'NONE', #704 ) ;
#3225 = PLANE ( 'NONE',  #2648 ) ;
#3226 = EDGE_CURVE ( 'NONE', #1061, #2407, #1671, .T. ) ;
#3227 = ORIENTED_EDGE ( 'NONE', *, *, #1291, .F. ) ;
#3228 = LINE ( 'NONE', #299, #3789 ) ;
#3229 = EDGE_LOOP ( 'NONE', ( #2352, #1287, #975, #1781 ) ) ;
#3230 = DIRECTION ( 'NONE',  ( 0.000000000000000000, 0.000000000000000000, -1.000000000000000000 ) ) ;
#3231 = ORIENTED_EDGE ( 'NONE', *, *, #2741, .F. ) ;
#3232 = LINE ( 'NONE', #2297, #2918 ) ;
#3233 = DIRECTION ( 'NONE',  ( 0.000000000000000000, -0.000000000000000000, -1.000000000000000000 ) ) ;
#3234 =( GEOMETRIC_REPRESENTATION_CONTEXT ( 3 ) GLOBAL_UNCERTAINTY_ASSIGNED_CONTEXT ( ( #3288 ) ) GLOBAL_UNIT_ASSIGNED_CONTEXT ( ( #352, #284, #2948 ) ) REPRESENTATION_CONTEXT ( 'NONE', 'WORKASPACE' ) );
#3235 = FACE_OUTER_BOUND ( 'NONE', #4106, .T. ) ;
#3236 = PRESENTATION_LAYER_ASSIGNMENT (  '', '', ( #4179 ) ) ;
#3237 = DIRECTION ( 'NONE',  ( 0.000000000000000000, 0.000000000000000000, -1.000000000000000000 ) ) ;
#3238 = EDGE_CURVE ( 'NONE', #2598, #2228, #1551, .T. ) ;
#3239 = CARTESIAN_POINT ( 'NONE',  ( 3.982998415941970904, 2.786979565318412178, -4.955000000000000959 ) ) ;
#3240 = CARTESIAN_POINT ( 'NONE',  ( -1.000000000000000000, 0.000000000000000000, -0.4999999999999998890 ) ) ;
#3241 = VERTEX_POINT ( 'NONE', #397 ) ;
#3242 = VERTEX_POINT ( 'NONE', #983 ) ;
#3243 = CARTESIAN_POINT ( 'NONE',  ( -4.059999999999999609, 6.484452686125668386, -2.399999999999999911 ) ) ;
#3244 = AXIS2_PLACEMENT_3D ( 'NONE', #3876, #1832, #928 ) ;
#3245 = VECTOR ( 'NONE', #1234, 1000.000000000000000 ) ;
#3246 = EDGE_CURVE ( 'NONE', #3242, #254, #2097, .T. ) ;
#3247 = VECTOR ( 'NONE', #220, 1000.000000000000000 ) ;
#3248 = ORIENTED_EDGE ( 'NONE', *, *, #2280, .T. ) ;
#3249 = FACE_OUTER_BOUND ( 'NONE', #3615, .T. ) ;
#3250 = CIRCLE ( 'NONE', #1131, 1.780000000000000027 ) ;
#3251 = COLOUR_RGB ( '',0.6470588235294117974, 0.6196078431372549211, 0.5882352941176470784 ) ;
#3252 = ADVANCED_FACE ( 'NONE', ( #1011 ), #312, .T. ) ;
#3253 = ORIENTED_EDGE ( 'NONE', *, *, #2339, .T. ) ;
#3254 = DIRECTION ( 'NONE',  ( 0.000000000000000000, 0.000000000000000000, 1.000000000000000000 ) ) ;
#3255 = ORIENTED_EDGE ( 'NONE', *, *, #3271, .F. ) ;
#3256 = VECTOR ( 'NONE', #320, 1000.000000000000000 ) ;
#3257 = AXIS2_PLACEMENT_3D ( 'NONE', #1867, #4180, #1288 ) ;
#3258 = AXIS2_PLACEMENT_3D ( 'NONE', #481, #1736, #1782 ) ;
#3259 = PLANE ( 'NONE',  #2620 ) ;
#3260 =( GEOMETRIC_REPRESENTATION_CONTEXT ( 3 ) GLOBAL_UNCERTAINTY_ASSIGNED_CONTEXT ( ( #1634 ) ) GLOBAL_UNIT_ASSIGNED_CONTEXT ( ( #3928, #2346, #3963 ) ) REPRESENTATION_CONTEXT ( 'NONE', 'WORKASPACE' ) );
#3261 = VECTOR ( 'NONE', #3338, 1000.000000000000000 ) ;
#3262 =( LENGTH_UNIT ( ) NAMED_UNIT ( * ) SI_UNIT ( .MILLI., .METRE. ) );
#3263 = EDGE_LOOP ( 'NONE', ( #3684, #2688, #3530, #693 ) ) ;
#3264 = AXIS2_PLACEMENT_3D ( 'NONE', #207, #501, #1803 ) ;
#3265 = CARTESIAN_POINT ( 'NONE',  ( 4.059999999999999609, 5.739999999999999325, -2.399999999999999911 ) ) ;
#3266 = EDGE_CURVE ( 'NONE', #1253, #2448, #3101, .T. ) ;
#3267 = ORIENTED_EDGE ( 'NONE', *, *, #2150, .T. ) ;
#3268 = SURFACE_STYLE_USAGE ( .BOTH. , #3647 ) ;
#3269 = ORIENTED_EDGE ( 'NONE', *, *, #3934, .T. ) ;
#3270 = DIRECTION ( 'NONE',  ( -0.4999999999999998890, 0.000000000000000000, 0.8660254037844385966 ) ) ;
#3271 = EDGE_CURVE ( 'NONE', #4060, #1955, #3465, .T. ) ;
#3272 = PLANE ( 'NONE',  #1114 ) ;
#3273 = PLANE ( 'NONE',  #3898 ) ;
#3274 = FACE_BOUND ( 'NONE', #3263, .T. ) ;
#3275 =( LENGTH_UNIT ( ) NAMED_UNIT ( * ) SI_UNIT ( .MILLI., .METRE. ) );
#3276 = ADVANCED_FACE ( 'NONE', ( #171 ), #555, .F. ) ;
#3277 = DIRECTION ( 'NONE',  ( -1.000000000000000000, 0.000000000000000000, -0.000000000000000000 ) ) ;
#3278 = CARTESIAN_POINT ( 'NONE',  ( -4.824999999999998401, 0.000000000000000000, -3.955000000000000071 ) ) ;
#3279 = CYLINDRICAL_SURFACE ( 'NONE', #1192, 0.4942860299906992050 ) ;
#3280 = EDGE_LOOP ( 'NONE', ( #129, #3174, #1801, #1742 ) ) ;
#3281 = CARTESIAN_POINT ( 'NONE',  ( -4.324999999999999289, 1.770000000000000018, -4.455000000000000959 ) ) ;
#3282 = DIRECTION ( 'NONE',  ( -1.000000000000000000, 0.000000000000000000, 0.000000000000000000 ) ) ;
#3283 = FACE_OUTER_BOUND ( 'NONE', #2550, .T. ) ;
#3284 = ORIENTED_EDGE ( 'NONE', *, *, #2427, .F. ) ;
#3285 = ORIENTED_EDGE ( 'NONE', *, *, #199, .F. ) ;
#3286 = CARTESIAN_POINT ( 'NONE',  ( 4.060000000000001386, 5.739999999999999325, 2.699999999999999734 ) ) ;
#3287 = ORIENTED_EDGE ( 'NONE', *, *, #3176, .T. ) ;
#3288 = UNCERTAINTY_MEASURE_WITH_UNIT (LENGTH_MEASURE( 1.000000000000000082E-05 ), #352, 'distance_accuracy_value', 'NONE');
#3289 = EDGE_CURVE ( 'NONE', #4201, #2421, #1861, .T. ) ;
#3290 = AXIS2_PLACEMENT_3D ( 'NONE', #3436, #512, #3485 ) ;
#3291 = ORIENTED_EDGE ( 'NONE', *, *, #2602, .T. ) ;
#3292 = ORIENTED_EDGE ( 'NONE', *, *, #2942, .T. ) ;
#3293 = ADVANCED_FACE ( 'NONE', ( #2855 ), #1133, .F. ) ;
#3294 = CARTESIAN_POINT ( 'NONE',  ( 0.000000000000000000, 0.2500000000000000000, 0.000000000000000000 ) ) ;
#3295 = CARTESIAN_POINT ( 'NONE',  ( -4.182921509473425559, 6.808872517849978045, 2.399999999999999911 ) ) ;
#3296 = DIRECTION ( 'NONE',  ( 1.000000000000000000, 0.000000000000000000, 0.000000000000000000 ) ) ;
#3297 = CARTESIAN_POINT ( 'NONE',  ( -3.810000000000000053, 5.739999999999999325, 0.1499999999999999944 ) ) ;
#3298 = UNCERTAINTY_MEASURE_WITH_UNIT (LENGTH_MEASURE( 1.000000000000000082E-05 ), #149, 'distance_accuracy_value', 'NONE');
#3299 = LINE ( 'NONE', #2333, #656 ) ;
#3300 = FACE_OUTER_BOUND ( 'NONE', #3280, .T. ) ;
#3301 = DIRECTION ( 'NONE',  ( 0.000000000000000000, 0.000000000000000000, 1.000000000000000000 ) ) ;
#3302 = EDGE_CURVE ( 'NONE', #3461, #615, #196, .T. ) ;
#3303 = ORIENTED_EDGE ( 'NONE', *, *, #627, .F. ) ;
#3304 = CARTESIAN_POINT ( 'NONE',  ( 3.810000000000000497, 5.739999999999999325, 2.399999999999999911 ) ) ;
#3305 =( GEOMETRIC_REPRESENTATION_CONTEXT ( 3 ) GLOBAL_UNCERTAINTY_ASSIGNED_CONTEXT ( ( #302 ) ) GLOBAL_UNIT_ASSIGNED_CONTEXT ( ( #3065, #2430, #1087 ) ) REPRESENTATION_CONTEXT ( 'NONE', 'WORKASPACE' ) );
#3306 = DIRECTION ( 'NONE',  ( 0.000000000000000000, -1.000000000000000000, 0.000000000000000000 ) ) ;
#3307 = CARTESIAN_POINT ( 'NONE',  ( 2.167624834490815307E-16, 0.2500000000000000000, 1.770000000000000018 ) ) ;
#3308 = AXIS2_PLACEMENT_3D ( 'NONE', #2649, #1371, #648 ) ;
#3309 = ORIENTED_EDGE ( 'NONE', *, *, #2869, .F. ) ;
#3310 = CYLINDRICAL_SURFACE ( 'NONE', #2920, 0.4942860299906992050 ) ;
#3311 = VERTEX_POINT ( 'NONE', #3464 ) ;
#3312 = DIRECTION ( 'NONE',  ( 0.000000000000000000, -1.000000000000000000, 0.000000000000000000 ) ) ;
#3313 = STYLED_ITEM ( 'NONE', ( #1423 ), #2418 ) ;
#3314 = STYLED_ITEM ( 'NONE', ( #1299 ), #2518 ) ;
#3315 = DIRECTION ( 'NONE',  ( -0.000000000000000000, -0.000000000000000000, -1.000000000000000000 ) ) ;
#3316 = PLANE ( 'NONE',  #364 ) ;
#3317 = EDGE_CURVE ( 'NONE', #2192, #1263, #1791, .T. ) ;
#3318 = DIRECTION ( 'NONE',  ( -0.000000000000000000, -1.000000000000000000, -0.000000000000000000 ) ) ;
#3319 = DIRECTION ( 'NONE',  ( -0.000000000000000000, -0.000000000000000000, -1.000000000000000000 ) ) ;
#3321 = CARTESIAN_POINT ( 'NONE',  ( -3.574999999999999289, 1.770000000000000018, 4.454999999999999183 ) ) ;
#3320 = AXIS2_PLACEMENT_3D ( 'NONE', #2703, #3988, #748 ) ;
#3322 =( LENGTH_UNIT ( ) NAMED_UNIT ( * ) SI_UNIT ( .MILLI., .METRE. ) );
#3323 = VERTEX_POINT ( 'NONE', #2489 ) ;
#3324 = COLOUR_RGB ( '',0.6470588235294117974, 0.6196078431372549211, 0.5882352941176470784 ) ;
#3325 = EDGE_CURVE ( 'NONE', #4130, #1426, #3060, .T. ) ;
#3326 = CARTESIAN_POINT ( 'NONE',  ( 1.708332520325009929, -4.500000000000000000, 0.5000000000000001110 ) ) ;
#3327 = DIRECTION ( 'NONE',  ( 0.8660254037844385966, 0.000000000000000000, -0.5000000000000001110 ) ) ;
#3328 = VECTOR ( 'NONE', #4089, 1000.000000000000000 ) ;
#3329 = ORIENTED_EDGE ( 'NONE', *, *, #3679, .T. ) ;
#3330 = DIRECTION ( 'NONE',  ( 0.000000000000000000, 0.000000000000000000, -1.000000000000000000 ) ) ;
#3331 = ORIENTED_EDGE ( 'NONE', *, *, #1981, .T. ) ;
#3332 = PRESENTATION_LAYER_ASSIGNMENT (  '', '', ( #2789 ) ) ;
#3333 = ORIENTED_EDGE ( 'NONE', *, *, #1981, .F. ) ;
#3334 = CARTESIAN_POINT ( 'NONE',  ( 2.380753800001319309, 0.7499999999999997780, -4.746410318745436285 ) ) ;
#3335 = AXIS2_PLACEMENT_3D ( 'NONE', #3544, #227, #1526 ) ;
#3336 = SURFACE_STYLE_USAGE ( .BOTH. , #90 ) ;
#3337 = DIRECTION ( 'NONE',  ( 0.000000000000000000, 0.000000000000000000, 1.000000000000000000 ) ) ;
#3338 = DIRECTION ( 'NONE',  ( -0.000000000000000000, -1.000000000000000000, -0.000000000000000000 ) ) ;
#3339 = UNCERTAINTY_MEASURE_WITH_UNIT (LENGTH_MEASURE( 1.000000000000000082E-05 ), #2043, 'distance_accuracy_value', 'NONE');
#3340 = EDGE_CURVE ( 'NONE', #1876, #3707, #3756, .T. ) ;
#3341 = LINE ( 'NONE', #3658, #3057 ) ;
#3342 =( NAMED_UNIT ( * ) PLANE_ANGLE_UNIT ( ) SI_UNIT ( $, .RADIAN. ) );
#3343 = CARTESIAN_POINT ( 'NONE',  ( -4.824999999999998401, 0.000000000000000000, -4.955000000000000959 ) ) ;
#3344 = ORIENTED_EDGE ( 'NONE', *, *, #2103, .F. ) ;
#3345 = PRODUCT_DEFINITION_SHAPE ( 'NONE', 'NONE',  #3514 ) ;
#3346 = LINE ( 'NONE', #125, #4203 ) ;
#3347 = CYLINDRICAL_SURFACE ( 'NONE', #3093, 0.3731350835603809424 ) ;
#3348 = DIRECTION ( 'NONE',  ( 0.000000000000000000, 0.000000000000000000, 1.000000000000000000 ) ) ;
#3349 = EDGE_CURVE ( 'NONE', #3454, #1940, #1536, .T. ) ;
#3350 = ORIENTED_EDGE ( 'NONE', *, *, #1702, .T. ) ;
#3351 = VERTEX_POINT ( 'NONE', #4111 ) ;
#3352 = FACE_BOUND ( 'NONE', #1620, .T. ) ;
#3353 = ORIENTED_EDGE ( 'NONE', *, *, #4193, .T. ) ;
#3354 = CARTESIAN_POINT ( 'NONE',  ( -4.060000000000001386, 5.739999999999999325, 2.699999999999999734 ) ) ;
#3355 = DIRECTION ( 'NONE',  ( 0.000000000000000000, -0.000000000000000000, 1.000000000000000000 ) ) ;
#3356 = ADVANCED_FACE ( 'NONE', ( #3127 ), #3437, .T. ) ;
#3357 = VECTOR ( 'NONE', #1694, 1000.000000000000000 ) ;
#3358 = DIRECTION ( 'NONE',  ( 1.000000000000000000, 0.000000000000000000, 0.000000000000000000 ) ) ;
#3359 = FACE_OUTER_BOUND ( 'NONE', #146, .T. ) ;
#3360 = CIRCLE ( 'NONE', #1173, 0.4942860299906992050 ) ;
#3361 = SURFACE_SIDE_STYLE ('',( #477 ) ) ;
#3362 = EDGE_LOOP ( 'NONE', ( #1188, #1088, #1037, #2715 ) ) ;
#3363 = EDGE_CURVE ( 'NONE', #254, #1074, #4064, .T. ) ;
#3364 = EDGE_CURVE ( 'NONE', #2029, #3926, #727, .T. ) ;
#3365 = DIRECTION ( 'NONE',  ( 0.000000000000000000, 0.000000000000000000, 1.000000000000000000 ) ) ;
#3366 = FILL_AREA_STYLE_COLOUR ( '', #2573 ) ;
#3367 = ORIENTED_EDGE ( 'NONE', *, *, #2175, .T. ) ;
#3368 = ORIENTED_EDGE ( 'NONE', *, *, #2215, .F. ) ;
#3369 = ORIENTED_EDGE ( 'NONE', *, *, #319, .T. ) ;
#3370 = CARTESIAN_POINT ( 'NONE',  ( 4.059999999999999609, 5.739999999999999325, -2.699999999999999734 ) ) ;
#3371 = DIRECTION ( 'NONE',  ( 0.000000000000000000, 0.000000000000000000, -1.000000000000000000 ) ) ;
#3372 = STYLED_ITEM ( 'NONE', ( #3790 ), #1644 ) ;
#3373 = FACE_BOUND ( 'NONE', #2600, .T. ) ;
#3374 = COLOUR_RGB ( '',0.6470588235294117974, 0.6196078431372549211, 0.5882352941176470784 ) ;
#3375 = ORIENTED_EDGE ( 'NONE', *, *, #2618, .T. ) ;
#3376 = AXIS2_PLACEMENT_3D ( 'NONE', #697, #3312, #1085 ) ;
#3377 = PRESENTATION_STYLE_ASSIGNMENT (( #2144 ) ) ;
#3378 = LINE ( 'NONE', #1141, #2749 ) ;
#3379 = LINE ( 'NONE', #4027, #1669 ) ;
#3380 = VECTOR ( 'NONE', #1579, 1000.000000000000000 ) ;
#3381 = EDGE_LOOP ( 'NONE', ( #145, #1276, #3411, #2797 ) ) ;
#3382 = DIRECTION ( 'NONE',  ( 0.000000000000000000, -1.000000000000000000, -0.000000000000000000 ) ) ;
#3383 = VECTOR ( 'NONE', #1189, 1000.000000000000000 ) ;
#3384 = CARTESIAN_POINT ( 'NONE',  ( -4.060000000000000497, 9.449999999999999289, -0.1499999999999999944 ) ) ;
#3385 = CARTESIAN_POINT ( 'NONE',  ( -4.060000000000000497, 6.484452686125668386, -0.1499999999999999944 ) ) ;
#3386 = LINE ( 'NONE', #463, #442 ) ;
#3387 = ORIENTED_EDGE ( 'NONE', *, *, #2203, .T. ) ;
#3388 = ORIENTED_EDGE ( 'NONE', *, *, #143, .T. ) ;
#3389 = FACE_OUTER_BOUND ( 'NONE', #652, .T. ) ;
#3390 = STYLED_ITEM ( 'NONE', ( #2587 ), #4093 ) ;
#3391 = VECTOR ( 'NONE', #3577, 1000.000000000000000 ) ;
#3392 = EDGE_CURVE ( 'NONE', #1505, #2051, #399, .T. ) ;
#3393 = AXIS2_PLACEMENT_3D ( 'NONE', #417, #1444, #233 ) ;
#3394 = MANIFOLD_SOLID_BREP ( 'Cut-Extrude5', #1745 ) ;
#3395 = ORIENTED_EDGE ( 'NONE', *, *, #4156, .T. ) ;
#3396 =( NAMED_UNIT ( * ) SI_UNIT ( $, .STERADIAN. ) SOLID_ANGLE_UNIT ( ) );
#3397 = DIRECTION ( 'NONE',  ( -0.000000000000000000, -0.000000000000000000, -1.000000000000000000 ) ) ;
#3398 = CIRCLE ( 'NONE', #66, 0.3731350835603809424 ) ;
#3399 = VERTEX_POINT ( 'NONE', #2879 ) ;
#3400 = CARTESIAN_POINT ( 'NONE',  ( -3.810000000000000053, 5.739999999999999325, -0.1499999999999999944 ) ) ;
#3401 = EDGE_CURVE ( 'NONE', #1722, #1169, #2510, .T. ) ;
#3402 = ORIENTED_EDGE ( 'NONE', *, *, #1381, .T. ) ;
#3403 = VECTOR ( 'NONE', #1952, 1000.000000000000000 ) ;
#3404 = CARTESIAN_POINT ( 'NONE',  ( 3.810000000000000053, 5.739999999999999325, -0.1499999999999999944 ) ) ;
#3405 = DIRECTION ( 'NONE',  ( 1.000000000000000000, 0.000000000000000000, 0.000000000000000000 ) ) ;
#3406 = ORIENTED_EDGE ( 'NONE', *, *, #3718, .T. ) ;
#3407 =( NAMED_UNIT ( * ) SI_UNIT ( $, .STERADIAN. ) SOLID_ANGLE_UNIT ( ) );
#3408 = EDGE_CURVE ( 'NONE', #2336, #1769, #2230, .T. ) ;
#3409 = PRESENTATION_STYLE_ASSIGNMENT (( #1766 ) ) ;
#3410 = CARTESIAN_POINT ( 'NONE',  ( 3.810000000000000053, 6.484452686125668386, -0.1499999999999999944 ) ) ;
#3411 = ORIENTED_EDGE ( 'NONE', *, *, #3325, .T. ) ;
#3412 = VERTEX_POINT ( 'NONE', #1243 ) ;
#3413 = PLANE ( 'NONE',  #256 ) ;
#3414 = ORIENTED_EDGE ( 'NONE', *, *, #1511, .F. ) ;
#3415 = CARTESIAN_POINT ( 'NONE',  ( 1.708332520325009929, -4.349999999999998757, 0.5000000000000001110 ) ) ;
#3416 = LINE ( 'NONE', #2426, #2963 ) ;
#3417 = CARTESIAN_POINT ( 'NONE',  ( -4.059999999999999609, 9.449999999999999289, -2.399999999999999911 ) ) ;
#3418 = EDGE_CURVE ( 'NONE', #3241, #409, #123, .T. ) ;
#3419 = CARTESIAN_POINT ( 'NONE',  ( -3.810000000000000053, 9.449999999999999289, -0.1499999999999999944 ) ) ;
#3420 = VERTEX_POINT ( 'NONE', #3212 ) ;
#3421 = FACE_OUTER_BOUND ( 'NONE', #148, .T. ) ;
#3422 = UNCERTAINTY_MEASURE_WITH_UNIT (LENGTH_MEASURE( 1.000000000000000082E-05 ), #1042, 'distance_accuracy_value', 'NONE');
#3423 = SURFACE_SIDE_STYLE ('',( #2122 ) ) ;
#3424 = CARTESIAN_POINT ( 'NONE',  ( -3.688635479482724300, 6.808872517849978045, -2.399999999999999911 ) ) ;
#3425 = CIRCLE ( 'NONE', #2134, 0.3731350835603809424 ) ;
#3426 = EDGE_LOOP ( 'NONE', ( #1906, #2005, #3672, #1494 ) ) ;
#3427 = DIRECTION ( 'NONE',  ( 0.000000000000000000, 0.000000000000000000, 1.000000000000000000 ) ) ;
#3428 = SURFACE_STYLE_USAGE ( .BOTH. , #142 ) ;
#3429 = EDGE_CURVE ( 'NONE', #3185, #2953, #893, .T. ) ;
#3430 = LINE ( 'NONE', #1805, #239 ) ;
#3431 = ORIENTED_EDGE ( 'NONE', *, *, #1343, .F. ) ;
#3432 = VERTEX_POINT ( 'NONE', #655 ) ;
#3433 = PRESENTATION_LAYER_ASSIGNMENT (  '', '', ( #95 ) ) ;
#3434 = EDGE_LOOP ( 'NONE', ( #3248, #742, #3792, #2736, #444, #2077, #280, #4170, #1916 ) ) ;
#3435 = FACE_OUTER_BOUND ( 'NONE', #1050, .T. ) ;
#3436 = CARTESIAN_POINT ( 'NONE',  ( -3.574999999999999289, 1.770000000000000018, 3.704999999999999183 ) ) ;
#3437 = CYLINDRICAL_SURFACE ( 'NONE', #3932, 0.4942860299906992050 ) ;
#3438 = VECTOR ( 'NONE', #3842, 1000.000000000000000 ) ;
#3439 = CARTESIAN_POINT ( 'NONE',  ( -3.809999999999999609, 9.449999999999999289, -2.699999999999999734 ) ) ;
#3440 = ORIENTED_EDGE ( 'NONE', *, *, #4114, .F. ) ;
#3441 = DIRECTION ( 'NONE',  ( -0.000000000000000000, 0.000000000000000000, 1.000000000000000000 ) ) ;
#3442 = AXIS2_PLACEMENT_3D ( 'NONE', #3518, #2791, #1911 ) ;
#3443 =( NAMED_UNIT ( * ) PLANE_ANGLE_UNIT ( ) SI_UNIT ( $, .RADIAN. ) );
#3444 = EDGE_CURVE ( 'NONE', #4010, #2325, #3602, .T. ) ;
#3445 = DIRECTION ( 'NONE',  ( -1.000000000000000000, 0.000000000000000000, 0.000000000000000000 ) ) ;
#3446 = DIRECTION ( 'NONE',  ( 0.000000000000000000, -0.000000000000000000, -1.000000000000000000 ) ) ;
#3447 = CARTESIAN_POINT ( 'NONE',  ( 4.825000000000003730, 5.739999999999999325, 4.954999999999999183 ) ) ;
#3448 = CYLINDRICAL_SURFACE ( 'NONE', #3661, 0.3731350835603809424 ) ;
#3449 = CIRCLE ( 'NONE', #2231, 0.7499999999999997780 ) ;
#3450 = LINE ( 'NONE', #2198, #1409 ) ;
#3451 = PRESENTATION_STYLE_ASSIGNMENT (( #888 ) ) ;
#3452 = COLOUR_RGB ( '',0.6470588235294117974, 0.6196078431372549211, 0.5882352941176470784 ) ;
#3453 = AXIS2_PLACEMENT_3D ( 'NONE', #964, #2965, #3599 ) ;
#3454 = VERTEX_POINT ( 'NONE', #2207 ) ;
#3455 = ORIENTED_EDGE ( 'NONE', *, *, #765, .T. ) ;
#3456 = PLANE ( 'NONE',  #324 ) ;
#3457 = EDGE_CURVE ( 'NONE', #431, #3697, #281, .T. ) ;
#3458 = VECTOR ( 'NONE', #212, 1000.000000000000000 ) ;
#3459 = VECTOR ( 'NONE', #2238, 1000.000000000000000 ) ;
#3460 = CIRCLE ( 'NONE', #395, 1.780000000000000027 ) ;
#3461 = VERTEX_POINT ( 'NONE', #3821 ) ;
#3462 = CARTESIAN_POINT ( 'NONE',  ( 0.000000000000000000, 0.000000000000000000, 0.000000000000000000 ) ) ;
#3463 = LINE ( 'NONE', #1750, #3496 ) ;
#3464 = CARTESIAN_POINT ( 'NONE',  ( 3.871205805467483607, 6.808872517849978045, 0.1499999999999999944 ) ) ;
#3465 = CIRCLE ( 'NONE', #3393, 0.4942860299906992050 ) ;
#3466 = EDGE_CURVE ( 'NONE', #3746, #247, #869, .T. ) ;
#3467 = LINE ( 'NONE', #3150, #3172 ) ;
#3468 = ORIENTED_EDGE ( 'NONE', *, *, #2885, .T. ) ;
#3469 = CARTESIAN_POINT ( 'NONE',  ( 0.000000000000000000, -4.500000000000000000, 0.000000000000000000 ) ) ;
#3470 = VECTOR ( 'NONE', #362, 1000.000000000000000 ) ;
#3471 = AXIS2_PLACEMENT_3D ( 'NONE', #2646, #3319, #1351 ) ;
#3472 = FACE_OUTER_BOUND ( 'NONE', #486, .T. ) ;
#3473 = DIRECTION ( 'NONE',  ( 0.000000000000000000, -0.000000000000000000, -1.000000000000000000 ) ) ;
#3474 = CARTESIAN_POINT ( 'NONE',  ( 4.244340889027863994, 6.808872517849978045, -2.699999999999999734 ) ) ;
#3475 = LINE ( 'NONE', #224, #4050 ) ;
#3476 = EDGE_CURVE ( 'NONE', #1879, #1377, #1601, .T. ) ;
#3477 =( NAMED_UNIT ( * ) PLANE_ANGLE_UNIT ( ) SI_UNIT ( $, .RADIAN. ) );
#3478 = EDGE_CURVE ( 'NONE', #995, #3480, #4173, .T. ) ;
#3479 = DIRECTION ( 'NONE',  ( 1.000000000000000000, 0.000000000000000000, 0.000000000000000000 ) ) ;
#3480 = VERTEX_POINT ( 'NONE', #958 ) ;
#3481 = ORIENTED_EDGE ( 'NONE', *, *, #1702, .F. ) ;
#3482 = DIRECTION ( 'NONE',  ( -0.000000000000000000, -0.000000000000000000, -1.000000000000000000 ) ) ;
#3483 = ORIENTED_EDGE ( 'NONE', *, *, #3772, .T. ) ;
#3484 = SURFACE_SIDE_STYLE ('',( #4066 ) ) ;
#3485 = DIRECTION ( 'NONE',  ( 0.000000000000000000, 0.000000000000000000, -1.000000000000000000 ) ) ;
#3486 = SURFACE_STYLE_FILL_AREA ( #2190 ) ;
#3487 = CARTESIAN_POINT ( 'NONE',  ( -3.574999999999998401, 1.770000000000000018, -4.455000000000000959 ) ) ;
#3488 = EDGE_CURVE ( 'NONE', #550, #1876, #1408, .T. ) ;
#3489 = ORIENTED_EDGE ( 'NONE', *, *, #2490, .F. ) ;
#3490 = LINE ( 'NONE', #238, #3247 ) ;
#3491 =( LENGTH_UNIT ( ) NAMED_UNIT ( * ) SI_UNIT ( .MILLI., .METRE. ) );
#3492 = CARTESIAN_POINT ( 'NONE',  ( 2.085807545652809569, 0.7499999999999997780, -4.955000000000000959 ) ) ;
#3493 = SURFACE_STYLE_FILL_AREA ( #1209 ) ;
#3494 = DIRECTION ( 'NONE',  ( 0.000000000000000000, 0.000000000000000000, -1.000000000000000000 ) ) ;
#3495 = DIRECTION ( 'NONE',  ( 0.000000000000000000, 1.000000000000000000, 0.000000000000000000 ) ) ;
#3496 = VECTOR ( 'NONE', #3695, 1000.000000000000000 ) ;
#3497 = CARTESIAN_POINT ( 'NONE',  ( 4.244340889027863994, 6.808872517849978045, -2.399999999999999911 ) ) ;
#3498 = DIRECTION ( 'NONE',  ( -0.000000000000000000, -0.000000000000000000, -1.000000000000000000 ) ) ;
#3499 = ORIENTED_EDGE ( 'NONE', *, *, #876, .T. ) ;
#3500 = ORIENTED_EDGE ( 'NONE', *, *, #3476, .T. ) ;
#3501 = DIRECTION ( 'NONE',  ( 0.000000000000000000, -0.000000000000000000, -1.000000000000000000 ) ) ;
#3502 = ORIENTED_EDGE ( 'NONE', *, *, #3111, .T. ) ;
#3503 = ADVANCED_FACE ( 'NONE', ( #3249 ), #3570, .F. ) ;
#3504 = AXIS2_PLACEMENT_3D ( 'NONE', #4, #1013, #2609 ) ;
#3505 = ORIENTED_EDGE ( 'NONE', *, *, #672, .F. ) ;
#3506 = SURFACE_SIDE_STYLE ('',( #2576 ) ) ;
#3507 = DIRECTION ( 'NONE',  ( 1.000000000000000000, 0.000000000000000000, 0.000000000000000000 ) ) ;
#3508 = PRESENTATION_LAYER_ASSIGNMENT (  '', '', ( #1448 ) ) ;
#3509 = CARTESIAN_POINT ( 'NONE',  ( 4.060000000000001386, 5.739999999999999325, 2.399999999999999911 ) ) ;
#3510 = VERTEX_POINT ( 'NONE', #1319 ) ;
#3511 = CARTESIAN_POINT ( 'NONE',  ( 0.000000000000000000, 0.2500000000000000000, 0.000000000000000000 ) ) ;
#3512 = VECTOR ( 'NONE', #1225, 1000.000000000000000 ) ;
#3513 = EDGE_CURVE ( 'NONE', #3797, #3833, #1902, .T. ) ;
#3514 = PRODUCT_DEFINITION ( 'UNKNOWN', '', #3128, #984 ) ;
#3515 = SURFACE_SIDE_STYLE ('',( #1205 ) ) ;
#3516 = FACE_OUTER_BOUND ( 'NONE', #2210, .T. ) ;
#3517 = CIRCLE ( 'NONE', #103, 0.3731350835603809424 ) ;
#3518 = CARTESIAN_POINT ( 'NONE',  ( -4.824999999999998401, 0.7500000000000000000, 4.954999999999999183 ) ) ;
#3519 = ORIENTED_EDGE ( 'NONE', *, *, #2094, .F. ) ;
#3520 = DIRECTION ( 'NONE',  ( -1.946939928144564837E-16, 0.000000000000000000, -1.000000000000000000 ) ) ;
#3521 = PRESENTATION_LAYER_ASSIGNMENT (  '', '', ( #980 ) ) ;
#3522 = VECTOR ( 'NONE', #585, 1000.000000000000000 ) ;
#3523 = DIRECTION ( 'NONE',  ( 1.000000000000000000, 0.000000000000000000, 0.000000000000000000 ) ) ;
#3524 = CARTESIAN_POINT ( 'NONE',  ( 4.182921509473424670, 6.808872517849978045, 0.1499999999999999944 ) ) ;
#3525 = CARTESIAN_POINT ( 'NONE',  ( 3.809999999999999609, 7.133292349574287705, -2.399999999999999911 ) ) ;
#3526 = AXIS2_PLACEMENT_3D ( 'NONE', #731, #3702, #2080 ) ;
#3527 = ORIENTED_EDGE ( 'NONE', *, *, #433, .F. ) ;
#3528 = ORIENTED_EDGE ( 'NONE', *, *, #3817, .F. ) ;
#3529 = LINE ( 'NONE', #867, #54 ) ;
#3530 = ORIENTED_EDGE ( 'NONE', *, *, #429, .F. ) ;
#3531 =( LENGTH_UNIT ( ) NAMED_UNIT ( * ) SI_UNIT ( .MILLI., .METRE. ) );
#3532 = CARTESIAN_POINT ( 'NONE',  ( 4.182921509473424670, 6.808872517849978045, -0.1499999999999999944 ) ) ;
#3533 = ADVANCED_FACE ( 'NONE', ( #46 ), #2315, .F. ) ;
#3534 = ORIENTED_EDGE ( 'NONE', *, *, #3429, .T. ) ;
#3535 = PLANE ( 'NONE',  #2233 ) ;
#3536 = VECTOR ( 'NONE', #1075, 1000.000000000000000 ) ;
#3537 = DIRECTION ( 'NONE',  ( 0.000000000000000000, 0.000000000000000000, 1.000000000000000000 ) ) ;
#3538 = SURFACE_STYLE_FILL_AREA ( #1608 ) ;
#3539 = EDGE_CURVE ( 'NONE', #1955, #2342, #3346, .T. ) ;
#3540 = PLANE ( 'NONE',  #3442 ) ;
#3541 = DIRECTION ( 'NONE',  ( 0.000000000000000000, 0.000000000000000000, 1.000000000000000000 ) ) ;
#3542 = CIRCLE ( 'NONE', #2253, 1.780000000000000027 ) ;
#3543 = FACE_OUTER_BOUND ( 'NONE', #1099, .T. ) ;
#3544 = CARTESIAN_POINT ( 'NONE',  ( -3.810000000000000497, 9.449999999999999289, 2.699999999999999734 ) ) ;
#3545 = PLANE ( 'NONE',  #3244 ) ;
#3546 = ORIENTED_EDGE ( 'NONE', *, *, #2050, .F. ) ;
#3547 = ORIENTED_EDGE ( 'NONE', *, *, #3962, .F. ) ;
#3548 = VECTOR ( 'NONE', #1165, 1000.000000000000000 ) ;
#3549 = EDGE_LOOP ( 'NONE', ( #2399, #2087, #1040, #1641 ) ) ;
#3550 = CARTESIAN_POINT ( 'NONE',  ( 4.825000000000003730, 0.7500000000000000000, 4.954999999999999183 ) ) ;
#3551 =( LENGTH_UNIT ( ) NAMED_UNIT ( * ) SI_UNIT ( .MILLI., .METRE. ) );
#3552 = UNCERTAINTY_MEASURE_WITH_UNIT (LENGTH_MEASURE( 1.000000000000000082E-05 ), #3491, 'distance_accuracy_value', 'NONE');
#3553 = EDGE_LOOP ( 'NONE', ( #1983, #1340, #891, #802, #3858, #1723, #3690, #612, #1543, #4038 ) ) ;
#3554 = LINE ( 'NONE', #1286, #4126 ) ;
#3555 = EDGE_CURVE ( 'NONE', #3124, #4190, #2999, .T. ) ;
#3556 = CARTESIAN_POINT ( 'NONE',  ( 3.575000000000002842, 1.770000000000000018, -3.705000000000000959 ) ) ;
#3557 = DIRECTION ( 'NONE',  ( -1.000000000000000000, 0.000000000000000000, 0.000000000000000000 ) ) ;
#3558 = LINE ( 'NONE', #3576, #3117 ) ;
#3559 = CARTESIAN_POINT ( 'NONE',  ( 3.871205805467484495, 6.808872517849978045, 2.699999999999999734 ) ) ;
#3560 = PLANE ( 'NONE',  #1222 ) ;
#3561 = LINE ( 'NONE', #2334, #3699 ) ;
#3562 = LINE ( 'NONE', #2610, #2295 ) ;
#3563 = ORIENTED_EDGE ( 'NONE', *, *, #2897, .F. ) ;
#3564 = ORIENTED_EDGE ( 'NONE', *, *, #1308, .T. ) ;
#3565 =( NAMED_UNIT ( * ) SI_UNIT ( $, .STERADIAN. ) SOLID_ANGLE_UNIT ( ) );
#3566 = EDGE_CURVE ( 'NONE', #1690, #2543, #2063, .T. ) ;
#3567 = ORIENTED_EDGE ( 'NONE', *, *, #371, .F. ) ;
#3568 = FILL_AREA_STYLE ('',( #1939 ) ) ;
#3569 = ORIENTED_EDGE ( 'NONE', *, *, #3317, .T. ) ;
#3570 = PLANE ( 'NONE',  #3733 ) ;
#3571 = ORIENTED_EDGE ( 'NONE', *, *, #4062, .F. ) ;
#3572 = CARTESIAN_POINT ( 'NONE',  ( 4.059999999999999609, 5.739999999999999325, -2.399999999999999911 ) ) ;
#3573 = ORIENTED_EDGE ( 'NONE', *, *, #994, .T. ) ;
#3574 =( LENGTH_UNIT ( ) NAMED_UNIT ( * ) SI_UNIT ( .MILLI., .METRE. ) );
#3575 = LINE ( 'NONE', #1348, #569 ) ;
#3576 = CARTESIAN_POINT ( 'NONE',  ( 3.809999999999999609, 5.739999999999999325, -2.699999999999999734 ) ) ;
#3577 = DIRECTION ( 'NONE',  ( 1.000000000000000000, 0.000000000000000000, 0.000000000000000000 ) ) ;
#3578 = ADVANCED_FACE ( 'NONE', ( #1338 ), #1392, .F. ) ;
#3579 = AXIS2_PLACEMENT_3D ( 'NONE', #2474, #2806, #3801 ) ;
#3580 = CARTESIAN_POINT ( 'NONE',  ( -3.688635479482724300, 6.808872517849978045, -2.399999999999999911 ) ) ;
#3581 = LINE ( 'NONE', #2952, #344 ) ;
#3582 = PRESENTATION_STYLE_ASSIGNMENT (( #2970 ) ) ;
#3583 = ORIENTED_EDGE ( 'NONE', *, *, #2897, .T. ) ;
#3584 = DIRECTION ( 'NONE',  ( -1.000000000000000000, 0.000000000000000000, 0.000000000000000000 ) ) ;
#3585 = CIRCLE ( 'NONE', #712, 0.4942860299906992050 ) ;
#3586 = AXIS2_PLACEMENT_3D ( 'NONE', #3870, #947, #2263 ) ;
#3587 = EDGE_CURVE ( 'NONE', #2723, #322, #3398, .T. ) ;
#3588 = ORIENTED_EDGE ( 'NONE', *, *, #3149, .F. ) ;
#3589 = DIRECTION ( 'NONE',  ( 0.000000000000000000, -1.000000000000000000, 0.000000000000000000 ) ) ;
#3590 = VECTOR ( 'NONE', #1138, 1000.000000000000000 ) ;
#3591 = STYLED_ITEM ( 'NONE', ( #1599 ), #2502 ) ;
#3592 = VERTEX_POINT ( 'NONE', #2023 ) ;
#3593 = CARTESIAN_POINT ( 'NONE',  ( -3.810000000000000053, 7.133292349574287705, -0.1499999999999999944 ) ) ;
#3594 = EDGE_CURVE ( 'NONE', #3809, #2505, #2395, .T. ) ;
#3595 = CIRCLE ( 'NONE', #3861, 0.3731350835603809424 ) ;
#3596 = CARTESIAN_POINT ( 'NONE',  ( 0.000000000000000000, 0.2500000000000000000, 0.000000000000000000 ) ) ;
#3597 = VECTOR ( 'NONE', #2725, 1000.000000000000000 ) ;
#3598 = AXIS2_PLACEMENT_3D ( 'NONE', #2607, #3966, #1928 ) ;
#3599 = DIRECTION ( 'NONE',  ( 0.000000000000000000, -0.000000000000000000, 1.000000000000000000 ) ) ;
#3600 = CARTESIAN_POINT ( 'NONE',  ( 4.244340889027863994, 6.808872517849978045, -0.1499999999999999944 ) ) ;
#3601 =( GEOMETRIC_REPRESENTATION_CONTEXT ( 3 ) GLOBAL_UNCERTAINTY_ASSIGNED_CONTEXT ( ( #3422 ) ) GLOBAL_UNIT_ASSIGNED_CONTEXT ( ( #1042, #1972, #2947 ) ) REPRESENTATION_CONTEXT ( 'NONE', 'WORKASPACE' ) );
#3602 = CIRCLE ( 'NONE', #190, 1.899999999999999911 ) ;
#3603 = FILL_AREA_STYLE_COLOUR ( '', #2329 ) ;
#3604 = CYLINDRICAL_SURFACE ( 'NONE', #3308, 1.780000000000000027 ) ;
#3605 = ORIENTED_EDGE ( 'NONE', *, *, #3401, .T. ) ;
#3606 = CARTESIAN_POINT ( 'NONE',  ( 4.060000000000000497, 6.484452686125668386, 0.1499999999999999944 ) ) ;
#3607 = VECTOR ( 'NONE', #439, 1000.000000000000000 ) ;
#3608 = EDGE_CURVE ( 'NONE', #318, #739, #3915, .T. ) ;
#3609 = LINE ( 'NONE', #3938, #3607 ) ;
#3610 = DIRECTION ( 'NONE',  ( 0.000000000000000000, -1.000000000000000000, -0.000000000000000000 ) ) ;
#3611 = ORIENTED_EDGE ( 'NONE', *, *, #1152, .T. ) ;
#3612 = LINE ( 'NONE', #3286, #321 ) ;
#3613 =( NAMED_UNIT ( * ) SI_UNIT ( $, .STERADIAN. ) SOLID_ANGLE_UNIT ( ) );
#3614 = EDGE_CURVE ( 'NONE', #3981, #2475, #690, .T. ) ;
#3615 = EDGE_LOOP ( 'NONE', ( #1239, #840, #1323, #3953 ) ) ;
#3616 = DIRECTION ( 'NONE',  ( 0.000000000000000000, 1.000000000000000000, 0.000000000000000000 ) ) ;
#3617 = AXIS2_PLACEMENT_3D ( 'NONE', #2221, #3158, #1573 ) ;
#3618 = EDGE_CURVE ( 'NONE', #3124, #12, #1701, .T. ) ;
#3619 = PRESENTATION_STYLE_ASSIGNMENT (( #1008 ) ) ;
#3620 = LINE ( 'NONE', #1670, #1246 ) ;
#3621 = DIRECTION ( 'NONE',  ( 0.000000000000000000, 0.000000000000000000, -1.000000000000000000 ) ) ;
#3622 = CARTESIAN_POINT ( 'NONE',  ( 4.182921509473423782, 6.808872517849978045, -2.399999999999999911 ) ) ;
#3623 = ORIENTED_EDGE ( 'NONE', *, *, #3781, .F. ) ;
#3624 = CARTESIAN_POINT ( 'NONE',  ( 4.059999999999999609, 9.449999999999999289, -2.399999999999999911 ) ) ;
#3625 = CARTESIAN_POINT ( 'NONE',  ( -4.824999999999998401, 0.7500000000000000000, -3.955000000000000071 ) ) ;
#3626 = CARTESIAN_POINT ( 'NONE',  ( -4.060000000000001386, 5.739999999999999325, 2.699999999999999734 ) ) ;
#3627 = ORIENTED_EDGE ( 'NONE', *, *, #2007, .F. ) ;
#3628 = EDGE_CURVE ( 'NONE', #1168, #3836, #3609, .T. ) ;
#3629 = UNCERTAINTY_MEASURE_WITH_UNIT (LENGTH_MEASURE( 1.000000000000000082E-05 ), #1478, 'distance_accuracy_value', 'NONE');
#3630 = VECTOR ( 'NONE', #702, 1000.000000000000000 ) ;
#3631 = MECHANICAL_DESIGN_GEOMETRIC_PRESENTATION_REPRESENTATION (  '', ( #898 ), #2895 ) ;
#3632 = ORIENTED_EDGE ( 'NONE', *, *, #245, .T. ) ;
#3633 = ORIENTED_EDGE ( 'NONE', *, *, #3618, .F. ) ;
#3634 = VECTOR ( 'NONE', #755, 1000.000000000000000 ) ;
#3635 =( NAMED_UNIT ( * ) PLANE_ANGLE_UNIT ( ) SI_UNIT ( $, .RADIAN. ) );
#3636 =( LENGTH_UNIT ( ) NAMED_UNIT ( * ) SI_UNIT ( .MILLI., .METRE. ) );
#3637 = EDGE_CURVE ( 'NONE', #797, #2603, #535, .T. ) ;
#3638 = ADVANCED_FACE ( 'NONE', ( #1659 ), #3687, .F. ) ;
#3639 = VECTOR ( 'NONE', #3405, 1000.000000000000000 ) ;
#3640 = EDGE_LOOP ( 'NONE', ( #2250, #1743, #4199, #2311, #625, #3333, #1529, #3885, #2908, #3061 ) ) ;
#3641 = DIRECTION ( 'NONE',  ( -0.000000000000000000, -1.000000000000000000, -0.000000000000000000 ) ) ;
#3642 = VECTOR ( 'NONE', #1538, 1000.000000000000000 ) ;
#3643 = PLANE ( 'NONE',  #3804 ) ;
#3644 = PLANE ( 'NONE',  #1733 ) ;
#3645 = PRESENTATION_LAYER_ASSIGNMENT (  '', '', ( #1455 ) ) ;
#3646 = ORIENTED_EDGE ( 'NONE', *, *, #2753, .T. ) ;
#3647 = SURFACE_SIDE_STYLE ('',( #1318 ) ) ;
#3648 = AXIS2_PLACEMENT_3D ( 'NONE', #857, #4077, #3198 ) ;
#3649 = ORIENTED_EDGE ( 'NONE', *, *, #1240, .F. ) ;
#3650 = SURFACE_STYLE_FILL_AREA ( #2326 ) ;
#3651 = VECTOR ( 'NONE', #329, 1000.000000000000000 ) ;
#3652 = EDGE_CURVE ( 'NONE', #2751, #3797, #1682, .T. ) ;
#3653 =( GEOMETRIC_REPRESENTATION_CONTEXT ( 3 ) GLOBAL_UNCERTAINTY_ASSIGNED_CONTEXT ( ( #1110 ) ) GLOBAL_UNIT_ASSIGNED_CONTEXT ( ( #2319, #366, #694 ) ) REPRESENTATION_CONTEXT ( 'NONE', 'WORKASPACE' ) );
#3654 = DIRECTION ( 'NONE',  ( 1.000000000000000000, 0.000000000000000000, 0.000000000000000000 ) ) ;
#3655 = CARTESIAN_POINT ( 'NONE',  ( 4.325000000000002842, 1.770000000000000018, -4.455000000000000959 ) ) ;
#3656 = VECTOR ( 'NONE', #3584, 1000.000000000000000 ) ;
#3657 = ADVANCED_FACE ( 'NONE', ( #2708 ), #3643, .F. ) ;
#3658 = CARTESIAN_POINT ( 'NONE',  ( 4.060000000000000497, 7.133292349574287705, 0.1499999999999999944 ) ) ;
#3660 = CARTESIAN_POINT ( 'NONE',  ( 0.000000000000000000, 0.000000000000000000, 0.5000000000000001110 ) ) ;
#3659 = VECTOR ( 'NONE', #2307, 1000.000000000000000 ) ;
#3661 = AXIS2_PLACEMENT_3D ( 'NONE', #1549, #860, #1210 ) ;
#3662 = PLANE ( 'NONE',  #1672 ) ;
#3663 = ORIENTED_EDGE ( 'NONE', *, *, #1400, .F. ) ;
#3664 = CARTESIAN_POINT ( 'NONE',  ( -1.000000000000000000, -3.499999999999999556, 0.000000000000000000 ) ) ;
#3665 =( GEOMETRIC_REPRESENTATION_CONTEXT ( 3 ) GLOBAL_UNCERTAINTY_ASSIGNED_CONTEXT ( ( #2624 ) ) GLOBAL_UNIT_ASSIGNED_CONTEXT ( ( #3574, #637, #1007 ) ) REPRESENTATION_CONTEXT ( 'NONE', 'WORKASPACE' ) );
#3666 =( GEOMETRIC_REPRESENTATION_CONTEXT ( 3 ) GLOBAL_UNCERTAINTY_ASSIGNED_CONTEXT ( ( #2701 ) ) GLOBAL_UNIT_ASSIGNED_CONTEXT ( ( #3838, #1300, #4155 ) ) REPRESENTATION_CONTEXT ( 'NONE', 'WORKASPACE' ) );
#3667 = DIRECTION ( 'NONE',  ( -0.000000000000000000, -0.000000000000000000, -1.000000000000000000 ) ) ;
#3668 = CARTESIAN_POINT ( 'NONE',  ( -4.244340889027864883, 6.808872517849978045, 2.399999999999999911 ) ) ;
#3669 = EDGE_CURVE ( 'NONE', #2157, #1459, #2354, .T. ) ;
#3670 = DIRECTION ( 'NONE',  ( 0.000000000000000000, 0.000000000000000000, -1.000000000000000000 ) ) ;
#3671 = AXIS2_PLACEMENT_3D ( 'NONE', #4013, #529, #2501 ) ;
#3672 = ORIENTED_EDGE ( 'NONE', *, *, #811, .F. ) ;
#3673 = CARTESIAN_POINT ( 'NONE',  ( 3.676470224143055354, 0.7499999999999997780, -4.746410318745436285 ) ) ;
#3674 = AXIS2_PLACEMENT_3D ( 'NONE', #1994, #2951, #1697 ) ;
#3675 = ORIENTED_EDGE ( 'NONE', *, *, #1203, .F. ) ;
#3676 = CARTESIAN_POINT ( 'NONE',  ( -1.603831785737479310, -4.450113722095250246, 0.5000000000000001110 ) ) ;
#3677 = PLANE ( 'NONE',  #235 ) ;
#3678 = DIRECTION ( 'NONE',  ( -0.000000000000000000, -1.000000000000000000, -0.000000000000000000 ) ) ;
#3679 = EDGE_CURVE ( 'NONE', #2475, #550, #2685, .T. ) ;
#3680 = CARTESIAN_POINT ( 'NONE',  ( 3.809999999999999609, 9.449999999999999289, -2.399999999999999911 ) ) ;
#3681 = DIRECTION ( 'NONE',  ( -0.000000000000000000, 0.000000000000000000, 1.000000000000000000 ) ) ;
#3682 = PRESENTATION_STYLE_ASSIGNMENT (( #2462 ) ) ;
#3683 = ADVANCED_FACE ( 'NONE', ( #736 ), #423, .F. ) ;
#3684 = ORIENTED_EDGE ( 'NONE', *, *, #2091, .T. ) ;
#3685 = SURFACE_STYLE_USAGE ( .BOTH. , #98 ) ;
#3686 = ORIENTED_EDGE ( 'NONE', *, *, #3887, .T. ) ;
#3687 = PLANE ( 'NONE',  #728 ) ;
#3688 = DIRECTION ( 'NONE',  ( -0.000000000000000000, 0.000000000000000000, 1.000000000000000000 ) ) ;
#3689 = DIRECTION ( 'NONE',  ( 0.000000000000000000, -0.000000000000000000, -1.000000000000000000 ) ) ;
#3690 = ORIENTED_EDGE ( 'NONE', *, *, #3364, .T. ) ;
#3691 = ORIENTED_EDGE ( 'NONE', *, *, #3992, .T. ) ;
#3692 = PLANE ( 'NONE',  #933 ) ;
#3693 = ORIENTED_EDGE ( 'NONE', *, *, #1971, .T. ) ;
#3694 = DIRECTION ( 'NONE',  ( 0.000000000000000000, 0.000000000000000000, 1.000000000000000000 ) ) ;
#3695 = DIRECTION ( 'NONE',  ( 0.000000000000000000, -0.000000000000000000, -1.000000000000000000 ) ) ;
#3696 = PRESENTATION_STYLE_ASSIGNMENT (( #3009 ) ) ;
#3697 = VERTEX_POINT ( 'NONE', #3074 ) ;
#3698 = VERTEX_POINT ( 'NONE', #2748 ) ;
#3699 = VECTOR ( 'NONE', #622, 1000.000000000000000 ) ;
#3700 = SURFACE_SIDE_STYLE ('',( #178 ) ) ;
#3701 = CARTESIAN_POINT ( 'NONE',  ( 3.575000000000002842, 0.7500000000000000000, -3.705000000000000959 ) ) ;
#3702 = DIRECTION ( 'NONE',  ( 0.000000000000000000, -0.000000000000000000, -1.000000000000000000 ) ) ;
#3703 = ORIENTED_EDGE ( 'NONE', *, *, #1882, .T. ) ;
#3704 = DIRECTION ( 'NONE',  ( 0.000000000000000000, -0.000000000000000000, -1.000000000000000000 ) ) ;
#3705 = EDGE_CURVE ( 'NONE', #2273, #1014, #2104, .T. ) ;
#3706 = LINE ( 'NONE', #4032, #2619 ) ;
#3707 = VERTEX_POINT ( 'NONE', #3384 ) ;
#3708 = ORIENTED_EDGE ( 'NONE', *, *, #3618, .T. ) ;
#3709 = PLANE ( 'NONE',  #3927 ) ;
#3710 = COLOUR_RGB ( '',0.6470588235294117974, 0.6196078431372549211, 0.5882352941176470784 ) ;
#3711 = EDGE_CURVE ( 'NONE', #3043, #3185, #3788, .T. ) ;
#3712 = VERTEX_POINT ( 'NONE', #2152 ) ;
#3713 = CARTESIAN_POINT ( 'NONE',  ( -4.059999999999999609, 7.133292349574287705, -2.399999999999999911 ) ) ;
#3714 = DIRECTION ( 'NONE',  ( 0.000000000000000000, 0.000000000000000000, 1.000000000000000000 ) ) ;
#3715 = AXIS2_PLACEMENT_3D ( 'NONE', #2174, #2214, #1891 ) ;
#3716 = ORIENTED_EDGE ( 'NONE', *, *, #3466, .T. ) ;
#3717 = CARTESIAN_POINT ( 'NONE',  ( 3.871205805467482719, 6.808872517849978045, -2.399999999999999911 ) ) ;
#3718 = EDGE_CURVE ( 'NONE', #1187, #2801, #4102, .T. ) ;
#3719 = UNCERTAINTY_MEASURE_WITH_UNIT (LENGTH_MEASURE( 1.000000000000000082E-05 ), #3275, 'distance_accuracy_value', 'NONE');
#3720 = CIRCLE ( 'NONE', #516, 0.7499999999999997780 ) ;
#3721 = LINE ( 'NONE', #2411, #1822 ) ;
#3722 = LINE ( 'NONE', #456, #2564 ) ;
#3723 = CYLINDRICAL_SURFACE ( 'NONE', #3715, 1.770000000000000018 ) ;
#3724 = AXIS2_PLACEMENT_3D ( 'NONE', #2508, #2136, #4021 ) ;
#3725 = EDGE_LOOP ( 'NONE', ( #1658, #2135, #3210, #436 ) ) ;
#3726 = PRESENTATION_STYLE_ASSIGNMENT (( #2393 ) ) ;
#3727 = CARTESIAN_POINT ( 'NONE',  ( 0.000000000000000000, -4.500000000000000000, 1.780000000000000027 ) ) ;
#3728 = ORIENTED_EDGE ( 'NONE', *, *, #3071, .F. ) ;
#3729 = VERTEX_POINT ( 'NONE', #2815 ) ;
#3730 = SURFACE_STYLE_FILL_AREA ( #4036 ) ;
#3731 = STYLED_ITEM ( 'NONE', ( #2060 ), #3085 ) ;
#3732 = ADVANCED_FACE ( 'NONE', ( #1456 ), #2109, .F. ) ;
#3733 = AXIS2_PLACEMENT_3D ( 'NONE', #999, #2321, #1663 ) ;
#3734 = ORIENTED_EDGE ( 'NONE', *, *, #1937, .F. ) ;
#3735 = SURFACE_STYLE_USAGE ( .BOTH. , #3484 ) ;
#3736 = ADVANCED_FACE ( 'NONE', ( #2416 ), #1096, .F. ) ;
#3737 = CARTESIAN_POINT ( 'NONE',  ( 4.244340889027863994, 6.808872517849978045, -2.699999999999999734 ) ) ;
#3738 = DIRECTION ( 'NONE',  ( -0.000000000000000000, -0.000000000000000000, -1.000000000000000000 ) ) ;
#3739 = VECTOR ( 'NONE', #3523, 1000.000000000000000 ) ;
#3740 = DIRECTION ( 'NONE',  ( 0.000000000000000000, -1.000000000000000000, -0.000000000000000000 ) ) ;
#3741 = ORIENTED_EDGE ( 'NONE', *, *, #168, .T. ) ;
#3742 = CARTESIAN_POINT ( 'NONE',  ( 3.982998415941970904, 0.000000000000000000, -4.955000000000000959 ) ) ;
#3743 = EDGE_CURVE ( 'NONE', #2669, #1600, #3450, .T. ) ;
#3744 = FACE_OUTER_BOUND ( 'NONE', #80, .T. ) ;
#3745 = DIRECTION ( 'NONE',  ( -0.000000000000000000, -1.000000000000000000, -0.000000000000000000 ) ) ;
#3746 = VERTEX_POINT ( 'NONE', #1292 ) ;
#3747 = CARTESIAN_POINT ( 'NONE',  ( 3.810000000000000497, 5.739999999999999325, 2.699999999999999734 ) ) ;
#3748 = SURFACE_SIDE_STYLE ('',( #862 ) ) ;
#3749 = FILL_AREA_STYLE_COLOUR ( '', #1587 ) ;
#3750 = CARTESIAN_POINT ( 'NONE',  ( -4.244340889027863994, 6.808872517849978045, -2.699999999999999734 ) ) ;
#3751 = ORIENTED_EDGE ( 'NONE', *, *, #1452, .T. ) ;
#3752 = ORIENTED_EDGE ( 'NONE', *, *, #2324, .F. ) ;
#3753 = ORIENTED_EDGE ( 'NONE', *, *, #1291, .T. ) ;
#3754 = ORIENTED_EDGE ( 'NONE', *, *, #592, .F. ) ;
#3755 = PLANE ( 'NONE',  #4023 ) ;
#3756 = LINE ( 'NONE', #2117, #1220 ) ;
#3757 = EDGE_CURVE ( 'NONE', #3351, #4107, #1553, .T. ) ;
#3758 = LINE ( 'NONE', #2191, #37 ) ;
#3759 = ORIENTED_EDGE ( 'NONE', *, *, #1240, .T. ) ;
#3760 = CARTESIAN_POINT ( 'NONE',  ( 0.000000000000000000, 0.000000000000000000, 0.5000000000000001110 ) ) ;
#3761 = CARTESIAN_POINT ( 'NONE',  ( -2.710505431213761085E-16, -4.349999999999999645, -1.497311529942840114 ) ) ;
#3762 = EDGE_CURVE ( 'NONE', #2157, #2273, #1759, .T. ) ;
#3763 = DIRECTION ( 'NONE',  ( -1.000000000000000000, -0.000000000000000000, -0.000000000000000000 ) ) ;
#3764 = AXIS2_PLACEMENT_3D ( 'NONE', #2679, #1010, #57 ) ;
#3765 = CARTESIAN_POINT ( 'NONE',  ( 4.060000000000000497, 7.133292349574287705, 0.1499999999999999944 ) ) ;
#3766 = FILL_AREA_STYLE_COLOUR ( '', #2779 ) ;
#3767 = CARTESIAN_POINT ( 'NONE',  ( 1.000000000000000222, 0.000000000000000000, 4.336808689942018722E-16 ) ) ;
#3768 = DIRECTION ( 'NONE',  ( 0.000000000000000000, 0.000000000000000000, 1.000000000000000000 ) ) ;
#3769 = ORIENTED_EDGE ( 'NONE', *, *, #2324, .T. ) ;
#3770 = VERTEX_POINT ( 'NONE', #904 ) ;
#3771 = ORIENTED_EDGE ( 'NONE', *, *, #3302, .F. ) ;
#3772 = EDGE_CURVE ( 'NONE', #1705, #971, #1872, .T. ) ;
#3773 = AXIS2_PLACEMENT_3D ( 'NONE', #3701, #3745, #3969 ) ;
#3774 = ORIENTED_EDGE ( 'NONE', *, *, #4114, .T. ) ;
#3775 = PLANE ( 'NONE',  #451 ) ;
#3776 = DIRECTION ( 'NONE',  ( -0.000000000000000000, -1.000000000000000000, -0.000000000000000000 ) ) ;
#3777 = DIRECTION ( 'NONE',  ( 1.000000000000000000, 0.000000000000000000, 0.000000000000000000 ) ) ;
#3778 = MECHANICAL_DESIGN_GEOMETRIC_PRESENTATION_REPRESENTATION (  '', ( #4179 ), #775 ) ;
#3779 = LINE ( 'NONE', #491, #167 ) ;
#3780 = ORIENTED_EDGE ( 'NONE', *, *, #2584, .F. ) ;
#3781 = EDGE_CURVE ( 'NONE', #1094, #1968, #2842, .T. ) ;
#3782 = CARTESIAN_POINT ( 'NONE',  ( -3.809999999999999609, 9.449999999999999289, -2.399999999999999911 ) ) ;
#3783 = COLOUR_RGB ( '',0.6470588235294117974, 0.6196078431372549211, 0.5882352941176470784 ) ;
#3784 = DIRECTION ( 'NONE',  ( -0.000000000000000000, 0.000000000000000000, 1.000000000000000000 ) ) ;
#3785 = DIRECTION ( 'NONE',  ( 0.000000000000000000, -0.000000000000000000, -1.000000000000000000 ) ) ;
#3786 = ORIENTED_EDGE ( 'NONE', *, *, #3408, .F. ) ;
#3787 = PLANE ( 'NONE',  #2784 ) ;
#3788 = LINE ( 'NONE', #1502, #1009 ) ;
#3789 = VECTOR ( 'NONE', #2915, 1000.000000000000000 ) ;
#3790 = PRESENTATION_STYLE_ASSIGNMENT (( #4187 ) ) ;
#3791 = ORIENTED_EDGE ( 'NONE', *, *, #116, .F. ) ;
#3792 = ORIENTED_EDGE ( 'NONE', *, *, #2373, .T. ) ;
#3793 = ORIENTED_EDGE ( 'NONE', *, *, #4070, .F. ) ;
#3794 = VECTOR ( 'NONE', #972, 1000.000000000000000 ) ;
#3795 = EDGE_CURVE ( 'NONE', #865, #1285, #226, .T. ) ;
#3796 = PRESENTATION_LAYER_ASSIGNMENT (  '', '', ( #3390 ) ) ;
#3797 = VERTEX_POINT ( 'NONE', #621 ) ;
#3798 = DIRECTION ( 'NONE',  ( -1.000000000000000000, 0.000000000000000000, 0.000000000000000000 ) ) ;
#3799 = PLANE ( 'NONE',  #3764 ) ;
#3800 = FILL_AREA_STYLE_COLOUR ( '', #262 ) ;
#3801 = DIRECTION ( 'NONE',  ( 1.000000000000000000, 0.000000000000000000, 0.000000000000000000 ) ) ;
#3802 = EDGE_LOOP ( 'NONE', ( #859, #1364, #3414, #549 ) ) ;
#3803 = DIRECTION ( 'NONE',  ( 0.000000000000000000, 1.000000000000000000, 0.000000000000000000 ) ) ;
#3804 = AXIS2_PLACEMENT_3D ( 'NONE', #2672, #3955, #1035 ) ;
#3805 = DIRECTION ( 'NONE',  ( 0.000000000000000000, -1.000000000000000000, 0.000000000000000000 ) ) ;
#3806 = CARTESIAN_POINT ( 'NONE',  ( 4.182921509473423782, 6.808872517849978045, -2.399999999999999911 ) ) ;
#3807 = SURFACE_STYLE_USAGE ( .BOTH. , #4123 ) ;
#3808 = EDGE_CURVE ( 'NONE', #1786, #797, #950, .T. ) ;
#3809 = VERTEX_POINT ( 'NONE', #645 ) ;
#3810 = AXIS2_PLACEMENT_3D ( 'NONE', #3497, #4149, #2308 ) ;
#3811 = PLANE ( 'NONE',  #326 ) ;
#3812 = CARTESIAN_POINT ( 'NONE',  ( 4.059999999999999609, 7.133292349574287705, -2.399999999999999911 ) ) ;
#3813 = ORIENTED_EDGE ( 'NONE', *, *, #1797, .T. ) ;
#3814 = ORIENTED_EDGE ( 'NONE', *, *, #1757, .T. ) ;
#3815 = CARTESIAN_POINT ( 'NONE',  ( 3.810000000000000497, 9.449999999999999289, 2.399999999999999911 ) ) ;
#3816 = ORIENTED_EDGE ( 'NONE', *, *, #3033, .F. ) ;
#3817 = EDGE_CURVE ( 'NONE', #2403, #1505, #2567, .T. ) ;
#3818 = EDGE_LOOP ( 'NONE', ( #3331, #3940, #3440, #3112 ) ) ;
#3819 = LINE ( 'NONE', #260, #1464 ) ;
#3820 = ADVANCED_FACE ( 'NONE', ( #249 ), #3560, .F. ) ;
#3821 = CARTESIAN_POINT ( 'NONE',  ( -3.810000000000000497, 6.484452686125668386, 2.399999999999999911 ) ) ;
#3822 = DIRECTION ( 'NONE',  ( -0.000000000000000000, -0.000000000000000000, -1.000000000000000000 ) ) ;
#3823 = EDGE_LOOP ( 'NONE', ( #2161, #574, #3231, #3734 ) ) ;
#3824 = LINE ( 'NONE', #4159, #3983 ) ;
#3825 = CARTESIAN_POINT ( 'NONE',  ( 0.000000000000000000, -4.349999999999999645, 0.000000000000000000 ) ) ;
#3826 = PLANE ( 'NONE',  #3098 ) ;
#3827 = FACE_OUTER_BOUND ( 'NONE', #448, .T. ) ;
#3828 = ORIENTED_EDGE ( 'NONE', *, *, #2150, .F. ) ;
#3829 = CARTESIAN_POINT ( 'NONE',  ( 3.810000000000000053, 5.739999999999999325, 0.1499999999999999944 ) ) ;
#3830 = LINE ( 'NONE', #1873, #3245 ) ;
#3831 = FACE_OUTER_BOUND ( 'NONE', #1232, .T. ) ;
#3832 = ORIENTED_EDGE ( 'NONE', *, *, #3962, .T. ) ;
#3833 = VERTEX_POINT ( 'NONE', #2285 ) ;
#3834 = EDGE_CURVE ( 'NONE', #914, #2669, #2906, .T. ) ;
#3835 = LINE ( 'NONE', #3209, #2022 ) ;
#3836 = VERTEX_POINT ( 'NONE', #3178 ) ;
#3837 = DIRECTION ( 'NONE',  ( 0.000000000000000000, 1.000000000000000000, 0.000000000000000000 ) ) ;
#3838 =( LENGTH_UNIT ( ) NAMED_UNIT ( * ) SI_UNIT ( .MILLI., .METRE. ) );
#3839 = VECTOR ( 'NONE', #2993, 1000.000000000000000 ) ;
#3840 = EDGE_CURVE ( 'NONE', #97, #165, #4127, .T. ) ;
#3841 = MECHANICAL_DESIGN_GEOMETRIC_PRESENTATION_REPRESENTATION (  '', ( #95 ), #3234 ) ;
#3842 = DIRECTION ( 'NONE',  ( -1.000000000000000000, 0.000000000000000000, -1.090250972562798346E-16 ) ) ;
#3843 = ORIENTED_EDGE ( 'NONE', *, *, #2800, .F. ) ;
#3844 = DIRECTION ( 'NONE',  ( 0.000000000000000000, -1.000000000000000000, -0.000000000000000000 ) ) ;
#3845 = AXIS2_PLACEMENT_3D ( 'NONE', #1382, #3948, #3654 ) ;
#3846 = PRESENTATION_STYLE_ASSIGNMENT (( #1868 ) ) ;
#3847 = VECTOR ( 'NONE', #163, 1000.000000000000000 ) ;
#3848 = DIRECTION ( 'NONE',  ( -0.000000000000000000, 0.000000000000000000, 1.000000000000000000 ) ) ;
#3849 = CARTESIAN_POINT ( 'NONE',  ( -3.810000000000000053, 5.739999999999999325, 0.1499999999999999944 ) ) ;
#3850 =( GEOMETRIC_REPRESENTATION_CONTEXT ( 3 ) GLOBAL_UNCERTAINTY_ASSIGNED_CONTEXT ( ( #2102 ) ) GLOBAL_UNIT_ASSIGNED_CONTEXT ( ( #686, #1675, #2351 ) ) REPRESENTATION_CONTEXT ( 'NONE', 'WORKASPACE' ) );
#3851 = CARTESIAN_POINT ( 'NONE',  ( 0.000000000000000000, -4.500000000000000000, 0.5000000000000001110 ) ) ;
#3852 = CARTESIAN_POINT ( 'NONE',  ( 3.575000000000004174, 1.770000000000000018, 3.704999999999999183 ) ) ;
#3853 = FACE_OUTER_BOUND ( 'NONE', #28, .T. ) ;
#3854 = ORIENTED_EDGE ( 'NONE', *, *, #1046, .F. ) ;
#3855 = ORIENTED_EDGE ( 'NONE', *, *, #277, .F. ) ;
#3856 = DIRECTION ( 'NONE',  ( -1.000000000000000000, 0.000000000000000000, 0.000000000000000000 ) ) ;
#3857 = CIRCLE ( 'NONE', #1887, 0.3731350835603809424 ) ;
#3858 = ORIENTED_EDGE ( 'NONE', *, *, #2531, .T. ) ;
#3859 = ADVANCED_FACE ( 'NONE', ( #926 ), #3004, .T. ) ;
#3860 =( NAMED_UNIT ( * ) PLANE_ANGLE_UNIT ( ) SI_UNIT ( $, .RADIAN. ) );
#3861 = AXIS2_PLACEMENT_3D ( 'NONE', #1238, #3482, #4191 ) ;
#3862 = CARTESIAN_POINT ( 'NONE',  ( -4.244340889027863994, 6.808872517849978045, -0.1499999999999999944 ) ) ;
#3863 = AXIS2_PLACEMENT_3D ( 'NONE', #1796, #4075, #2478 ) ;
#3864 = VECTOR ( 'NONE', #3520, 1000.000000000000000 ) ;
#3865 = EDGE_CURVE ( 'NONE', #1296, #1876, #2220, .T. ) ;
#3866 = ORIENTED_EDGE ( 'NONE', *, *, #3478, .T. ) ;
#3867 = CARTESIAN_POINT ( 'NONE',  ( 0.000000000000000000, -4.500000000000000000, 0.000000000000000000 ) ) ;
#3868 = VECTOR ( 'NONE', #3382, 1000.000000000000000 ) ;
#3869 = DIRECTION ( 'NONE',  ( -0.000000000000000000, -0.000000000000000000, -1.000000000000000000 ) ) ;
#3870 = CARTESIAN_POINT ( 'NONE',  ( 4.244340889027863994, 6.808872517849978045, 0.1499999999999999944 ) ) ;
#3871 = SURFACE_STYLE_FILL_AREA ( #666 ) ;
#3872 = DIRECTION ( 'NONE',  ( 0.000000000000000000, -0.000000000000000000, -1.000000000000000000 ) ) ;
#3873 = ADVANCED_FACE ( 'NONE', ( #3543 ), #2524, .F. ) ;
#3874 = CARTESIAN_POINT ( 'NONE',  ( 0.000000000000000000, 0.000000000000000000, 0.000000000000000000 ) ) ;
#3875 = LINE ( 'NONE', #2647, #3403 ) ;
#3876 = CARTESIAN_POINT ( 'NONE',  ( 3.810000000000000497, 5.739999999999999325, 2.699999999999999734 ) ) ;
#3877 = ORIENTED_EDGE ( 'NONE', *, *, #325, .F. ) ;
#3878 = VERTEX_POINT ( 'NONE', #1611 ) ;
#3879 = CARTESIAN_POINT ( 'NONE',  ( 0.000000000000000000, -4.500000000000000000, 0.000000000000000000 ) ) ;
#3880 = ORIENTED_EDGE ( 'NONE', *, *, #1929, .F. ) ;
#3881 = SURFACE_STYLE_USAGE ( .BOTH. , #4195 ) ;
#3882 = VERTEX_POINT ( 'NONE', #1233 ) ;
#3883 = DIRECTION ( 'NONE',  ( 0.000000000000000000, 0.000000000000000000, 1.000000000000000000 ) ) ;
#3884 = UNCERTAINTY_MEASURE_WITH_UNIT (LENGTH_MEASURE( 1.000000000000000082E-05 ), #2420, 'distance_accuracy_value', 'NONE');
#3885 = ORIENTED_EDGE ( 'NONE', *, *, #2125, .F. ) ;
#3886 = CARTESIAN_POINT ( 'NONE',  ( -3.574999999999999289, 1.770000000000000018, 3.704999999999999183 ) ) ;
#3887 = EDGE_CURVE ( 'NONE', #942, #1402, #3542, .T. ) ;
#3888 = DIRECTION ( 'NONE',  ( -0.000000000000000000, -0.000000000000000000, -1.000000000000000000 ) ) ;
#3889 = CARTESIAN_POINT ( 'NONE',  ( -4.182921509473423782, 6.808872517849978045, -2.399999999999999911 ) ) ;
#3890 = LINE ( 'NONE', #1609, #2021 ) ;
#3891 = DIRECTION ( 'NONE',  ( 0.000000000000000000, 0.000000000000000000, -1.000000000000000000 ) ) ;
#3892 = ADVANCED_FACE ( 'NONE', ( #289 ), #3811, .F. ) ;
#3893 = CARTESIAN_POINT ( 'NONE',  ( -4.060000000000001386, 7.133292349574287705, 2.699999999999999734 ) ) ;
#3894 = CYLINDRICAL_SURFACE ( 'NONE', #1566, 0.3731350835603809424 ) ;
#3895 = EDGE_CURVE ( 'NONE', #2042, #3510, #1330, .T. ) ;
#3896 = ORIENTED_EDGE ( 'NONE', *, *, #1775, .T. ) ;
#3897 = CARTESIAN_POINT ( 'NONE',  ( -3.810000000000000497, 5.739999999999999325, 2.699999999999999734 ) ) ;
#3898 = AXIS2_PLACEMENT_3D ( 'NONE', #746, #3010, #2303 ) ;
#3899 = PRESENTATION_LAYER_ASSIGNMENT (  '', '', ( #296 ) ) ;
#3900 = ORIENTED_EDGE ( 'NONE', *, *, #333, .T. ) ;
#3901 = EDGE_CURVE ( 'NONE', #1970, #756, #3299, .T. ) ;
#3902 = ORIENTED_EDGE ( 'NONE', *, *, #939, .T. ) ;
#3903 = LINE ( 'NONE', #897, #785 ) ;
#3904 = EDGE_CURVE ( 'NONE', #517, #214, #1065, .T. ) ;
#3905 = DIRECTION ( 'NONE',  ( -1.000000000000000000, 0.000000000000000000, 0.000000000000000000 ) ) ;
#3906 = DIRECTION ( 'NONE',  ( -0.000000000000000000, -0.000000000000000000, -1.000000000000000000 ) ) ;
#3907 = CIRCLE ( 'NONE', #2072, 0.4942860299906992050 ) ;
#3908 =( NAMED_UNIT ( * ) PLANE_ANGLE_UNIT ( ) SI_UNIT ( $, .RADIAN. ) );
#3909 = EDGE_CURVE ( 'NONE', #2467, #6, #2389, .T. ) ;
#3910 = CYLINDRICAL_SURFACE ( 'NONE', #1959, 0.7499999999999997780 ) ;
#3911 = AXIS2_PLACEMENT_3D ( 'NONE', #3917, #1358, #2976 ) ;
#3912 =( NAMED_UNIT ( * ) PLANE_ANGLE_UNIT ( ) SI_UNIT ( $, .RADIAN. ) );
#3913 = CARTESIAN_POINT ( 'NONE',  ( -3.809999999999999609, 6.484452686125668386, -2.399999999999999911 ) ) ;
#3914 = ORIENTED_EDGE ( 'NONE', *, *, #2645, .F. ) ;
#3915 = LINE ( 'NONE', #3625, #871 ) ;
#3916 = MECHANICAL_DESIGN_GEOMETRIC_PRESENTATION_REPRESENTATION (  '', ( #643 ), #4184 ) ;
#3917 = CARTESIAN_POINT ( 'NONE',  ( -4.182921509473424670, 6.808872517849978045, 0.1499999999999999944 ) ) ;
#3918 = ORIENTED_EDGE ( 'NONE', *, *, #3457, .F. ) ;
#3919 = LINE ( 'NONE', #1724, #2237 ) ;
#3920 = AXIS2_PLACEMENT_3D ( 'NONE', #1380, #1062, #1727 ) ;
#3921 = UNCERTAINTY_MEASURE_WITH_UNIT (LENGTH_MEASURE( 1.000000000000000082E-05 ), #2377, 'distance_accuracy_value', 'NONE');
#3922 = ADVANCED_FACE ( 'NONE', ( #1309 ), #62, .F. ) ;
#3923 = VECTOR ( 'NONE', #3036, 1000.000000000000000 ) ;
#3924 = ORIENTED_EDGE ( 'NONE', *, *, #1262, .T. ) ;
#3925 = CARTESIAN_POINT ( 'NONE',  ( 0.000000000000000000, -4.500000000000000000, 0.000000000000000000 ) ) ;
#3926 = VERTEX_POINT ( 'NONE', #1673 ) ;
#3927 = AXIS2_PLACEMENT_3D ( 'NONE', #822, #3079, #147 ) ;
#3928 =( LENGTH_UNIT ( ) NAMED_UNIT ( * ) SI_UNIT ( .MILLI., .METRE. ) );
#3929 = CARTESIAN_POINT ( 'NONE',  ( -1.697910480561328095, 0.000000000000000000, -0.4999999999999998890 ) ) ;
#3930 = CARTESIAN_POINT ( 'NONE',  ( 1.708332520325009929, -4.500000000000000000, -0.4999999999999998890 ) ) ;
#3931 = AXIS2_PLACEMENT_3D ( 'NONE', #2950, #3318, #1307 ) ;
#3932 = AXIS2_PLACEMENT_3D ( 'NONE', #2473, #2138, #513 ) ;
#3933 = FACE_OUTER_BOUND ( 'NONE', #3553, .T. ) ;
#3934 = EDGE_CURVE ( 'NONE', #1285, #2049, #338, .T. ) ;
#3935 = CARTESIAN_POINT ( 'NONE',  ( -3.688635479482724300, 6.808872517849978045, -2.699999999999999734 ) ) ;
#3936 = ORIENTED_EDGE ( 'NONE', *, *, #709, .F. ) ;
#3937 = CARTESIAN_POINT ( 'NONE',  ( -3.810000000000000497, 9.449999999999999289, 2.399999999999999911 ) ) ;
#3938 = CARTESIAN_POINT ( 'NONE',  ( -3.871205805467484495, 6.808872517849978045, 2.699999999999999734 ) ) ;
#3939 = CARTESIAN_POINT ( 'NONE',  ( -3.574999999999998401, 1.770000000000000018, -4.455000000000000959 ) ) ;
#3940 = ORIENTED_EDGE ( 'NONE', *, *, #2910, .F. ) ;
#3941 = CARTESIAN_POINT ( 'NONE',  ( 3.575000000000002842, 1.770000000000000018, -4.455000000000000959 ) ) ;
#3942 = ADVANCED_FACE ( 'NONE', ( #400 ), #94, .T. ) ;
#3943 = EDGE_CURVE ( 'NONE', #2059, #2598, #1071, .T. ) ;
#3944 = ORIENTED_EDGE ( 'NONE', *, *, #2103, .T. ) ;
#3945 = DIRECTION ( 'NONE',  ( -1.000000000000000000, 0.000000000000000000, 0.000000000000000000 ) ) ;
#3946 = ORIENTED_EDGE ( 'NONE', *, *, #2274, .T. ) ;
#3947 = CYLINDRICAL_SURFACE ( 'NONE', #1755, 1.899999999999999911 ) ;
#3948 = DIRECTION ( 'NONE',  ( 0.000000000000000000, -0.000000000000000000, -1.000000000000000000 ) ) ;
#3949 = CARTESIAN_POINT ( 'NONE',  ( -1.084202172485504434E-16, -4.500000000000000000, -1.497311529942840114 ) ) ;
#3950 = FILL_AREA_STYLE_COLOUR ( '', #3324 ) ;
#3951 = LINE ( 'NONE', #2666, #1472 ) ;
#3952 = SURFACE_STYLE_FILL_AREA ( #987 ) ;
#3953 = ORIENTED_EDGE ( 'NONE', *, *, #1054, .T. ) ;
#3954 = CARTESIAN_POINT ( 'NONE',  ( 3.810000000000000053, 7.133292349574287705, -0.1499999999999999944 ) ) ;
#3955 = DIRECTION ( 'NONE',  ( -0.5774078171047468677, 0.000000000000000000, 0.8164558853645009773 ) ) ;
#3956 = FACE_OUTER_BOUND ( 'NONE', #2693, .T. ) ;
#3957 = EDGE_CURVE ( 'NONE', #1258, #517, #3951, .T. ) ;
#3958 = ORIENTED_EDGE ( 'NONE', *, *, #2241, .F. ) ;
#3959 = VECTOR ( 'NONE', #4022, 1000.000000000000000 ) ;
#3960 = VERTEX_POINT ( 'NONE', #356 ) ;
#3961 = DIRECTION ( 'NONE',  ( 1.000000000000000000, 0.000000000000000000, -0.000000000000000000 ) ) ;
#3962 = EDGE_CURVE ( 'NONE', #1316, #1530, #1652, .T. ) ;
#3963 =( NAMED_UNIT ( * ) SI_UNIT ( $, .STERADIAN. ) SOLID_ANGLE_UNIT ( ) );
#3964 = SURFACE_STYLE_USAGE ( .BOTH. , #1027 ) ;
#3965 = DIRECTION ( 'NONE',  ( 0.000000000000000000, 1.000000000000000000, 0.000000000000000000 ) ) ;
#3966 = DIRECTION ( 'NONE',  ( -1.000000000000000000, 0.000000000000000000, 1.750477775960450827E-16 ) ) ;
#3967 = UNCERTAINTY_MEASURE_WITH_UNIT (LENGTH_MEASURE( 1.000000000000000082E-05 ), #1595, 'distance_accuracy_value', 'NONE');
#3968 = PLANE ( 'NONE',  #2096 ) ;
#3969 = DIRECTION ( 'NONE',  ( 0.000000000000000000, 0.000000000000000000, 1.000000000000000000 ) ) ;
#3970 = DIRECTION ( 'NONE',  ( 0.5625875765783816540, -0.000000000000000000, 0.8267376964186788912 ) ) ;
#3971 = ORIENTED_EDGE ( 'NONE', *, *, #966, .F. ) ;
#3972 = PLANE ( 'NONE',  #4057 ) ;
#3973 = VECTOR ( 'NONE', #1982, 1000.000000000000000 ) ;
#3974 = CARTESIAN_POINT ( 'NONE',  ( -3.574999999999999289, 0.7500000000000000000, -3.705000000000000959 ) ) ;
#3975 = CARTESIAN_POINT ( 'NONE',  ( -3.871205805467482719, 6.808872517849978045, -2.699999999999999734 ) ) ;
#3976 = VECTOR ( 'NONE', #2627, 1000.000000000000000 ) ;
#3977 = EDGE_LOOP ( 'NONE', ( #275, #2530, #1422, #3605 ) ) ;
#3978 = CARTESIAN_POINT ( 'NONE',  ( -4.244340889027863994, 6.808872517849978045, 0.1499999999999999944 ) ) ;
#3979 = PRESENTATION_LAYER_ASSIGNMENT (  '', '', ( #916 ) ) ;
#3980 = EDGE_CURVE ( 'NONE', #2325, #4194, #38, .T. ) ;
#3981 = VERTEX_POINT ( 'NONE', #1370 ) ;
#3982 = PLANE ( 'NONE',  #1539 ) ;
#3983 = VECTOR ( 'NONE', #2922, 1000.000000000000000 ) ;
#3984 = FACE_BOUND ( 'NONE', #844, .T. ) ;
#3985 = AXIS2_PLACEMENT_3D ( 'NONE', #706, #4186, #2267 ) ;
#3986 = PRESENTATION_STYLE_ASSIGNMENT (( #3964 ) ) ;
#3987 = LINE ( 'NONE', #416, #3357 ) ;
#3988 = DIRECTION ( 'NONE',  ( 0.000000000000000000, -1.000000000000000000, 0.000000000000000000 ) ) ;
#3990 = PLANE ( 'NONE',  #35 ) ;
#3989 = COLOUR_RGB ( '',0.6470588235294117974, 0.6196078431372549211, 0.5882352941176470784 ) ;
#3991 = CARTESIAN_POINT ( 'NONE',  ( 3.982998415941970904, 2.786979565318412178, -4.955000000000000959 ) ) ;
#3992 = EDGE_CURVE ( 'NONE', #2839, #3163, #3341, .T. ) ;
#3993 = ORIENTED_EDGE ( 'NONE', *, *, #3144, .F. ) ;
#3994 = DIRECTION ( 'NONE',  ( 0.000000000000000000, 1.000000000000000000, 0.000000000000000000 ) ) ;
#3995 = VECTOR ( 'NONE', #2601, 1000.000000000000000 ) ;
#3996 = DIRECTION ( 'NONE',  ( 0.000000000000000000, -1.000000000000000000, 0.000000000000000000 ) ) ;
#3997 = DIRECTION ( 'NONE',  ( -1.000000000000000000, 0.000000000000000000, 0.000000000000000000 ) ) ;
#3998 = VECTOR ( 'NONE', #3017, 1000.000000000000000 ) ;
#3999 = ORIENTED_EDGE ( 'NONE', *, *, #1890, .T. ) ;
#4000 = ORIENTED_EDGE ( 'NONE', *, *, #267, .T. ) ;
#4001 = PLANE ( 'NONE',  #586 ) ;
#4002 = ORIENTED_EDGE ( 'NONE', *, *, #3762, .T. ) ;
#4003 = DIRECTION ( 'NONE',  ( -0.000000000000000000, -0.000000000000000000, -1.000000000000000000 ) ) ;
#4004 = ORIENTED_EDGE ( 'NONE', *, *, #1960, .F. ) ;
#4005 = ADVANCED_FACE ( 'NONE', ( #3933 ), #3968, .T. ) ;
#4006 = ORIENTED_EDGE ( 'NONE', *, *, #751, .F. ) ;
#4007 =( NAMED_UNIT ( * ) SI_UNIT ( $, .STERADIAN. ) SOLID_ANGLE_UNIT ( ) );
#4008 =( NAMED_UNIT ( * ) SI_UNIT ( $, .STERADIAN. ) SOLID_ANGLE_UNIT ( ) );
#4009 = LINE ( 'NONE', #96, #172 ) ;
#4010 = VERTEX_POINT ( 'NONE', #2460 ) ;
#4011 = CARTESIAN_POINT ( 'NONE',  ( -4.060000000000000497, 7.133292349574287705, 0.1499999999999999944 ) ) ;
#4012 = ADVANCED_FACE ( 'NONE', ( #3744 ), #3067, .F. ) ;
#4013 = CARTESIAN_POINT ( 'NONE',  ( 3.810000000000000497, 7.133292349574287705, 2.699999999999999734 ) ) ;
#4014 = DIRECTION ( 'NONE',  ( -0.000000000000000000, -0.000000000000000000, -1.000000000000000000 ) ) ;
#4015 = CARTESIAN_POINT ( 'NONE',  ( 4.060000000000000497, 6.484452686125668386, -0.1499999999999999944 ) ) ;
#4016 = ORIENTED_EDGE ( 'NONE', *, *, #3429, .F. ) ;
#4017 = ORIENTED_EDGE ( 'NONE', *, *, #4153, .T. ) ;
#4018 = FILL_AREA_STYLE ('',( #758 ) ) ;
#4019 = EDGE_CURVE ( 'NONE', #553, #3323, #1211, .T. ) ;
#4020 = ORIENTED_EDGE ( 'NONE', *, *, #3757, .T. ) ;
#4021 = DIRECTION ( 'NONE',  ( 1.000000000000000000, 0.000000000000000000, 0.000000000000000000 ) ) ;
#4022 = DIRECTION ( 'NONE',  ( 1.000000000000000000, 0.000000000000000000, 0.000000000000000000 ) ) ;
#4023 = AXIS2_PLACEMENT_3D ( 'NONE', #150, #4040, #1132 ) ;
#4024 = EDGE_LOOP ( 'NONE', ( #4151, #3649, #1124, #1787 ) ) ;
#4025 = CARTESIAN_POINT ( 'NONE',  ( -4.060000000000001386, 6.484452686125668386, 2.699999999999999734 ) ) ;
#4026 = CARTESIAN_POINT ( 'NONE',  ( 0.000000000000000000, -3.499999999999999556, 0.000000000000000000 ) ) ;
#4027 = CARTESIAN_POINT ( 'NONE',  ( -4.824999999999998401, 0.7500000000000000000, 4.954999999999999183 ) ) ;
#4028 = ORIENTED_EDGE ( 'NONE', *, *, #3594, .T. ) ;
#4029 = CARTESIAN_POINT ( 'NONE',  ( 4.825000000000001954, 0.7500000000000000000, -4.955000000000000959 ) ) ;
#4030 = AXIS2_PLACEMENT_3D ( 'NONE', #2106, #1450, #1113 ) ;
#4031 = CARTESIAN_POINT ( 'NONE',  ( 0.000000000000000000, 0.000000000000000000, 0.000000000000000000 ) ) ;
#4032 = CARTESIAN_POINT ( 'NONE',  ( 3.810000000000000053, 7.133292349574287705, 0.1499999999999999944 ) ) ;
#4033 = EDGE_CURVE ( 'NONE', #567, #1253, #435, .T. ) ;
#4034 = ORIENTED_EDGE ( 'NONE', *, *, #3401, .F. ) ;
#4035 = ORIENTED_EDGE ( 'NONE', *, *, #1635, .T. ) ;
#4036 = FILL_AREA_STYLE ('',( #1438 ) ) ;
#4037 = VECTOR ( 'NONE', #2758, 1000.000000000000000 ) ;
#4038 = ORIENTED_EDGE ( 'NONE', *, *, #3003, .T. ) ;
#4039 =( NAMED_UNIT ( * ) SI_UNIT ( $, .STERADIAN. ) SOLID_ANGLE_UNIT ( ) );
#4040 = DIRECTION ( 'NONE',  ( 0.000000000000000000, 0.000000000000000000, -1.000000000000000000 ) ) ;
#4041 = ADVANCED_FACE ( 'NONE', ( #3087 ), #495, .F. ) ;
#4042 = DIRECTION ( 'NONE',  ( -1.000000000000000000, 0.000000000000000000, 0.000000000000000000 ) ) ;
#4043 = AXIS2_PLACEMENT_3D ( 'NONE', #3474, #2884, #562 ) ;
#4044 = CARTESIAN_POINT ( 'NONE',  ( -3.810000000000000497, 9.449999999999999289, 2.699999999999999734 ) ) ;
#4045 = AXIS2_PLACEMENT_3D ( 'NONE', #1143, #2745, #2370 ) ;
#4046 = VERTEX_POINT ( 'NONE', #1428 ) ;
#4047 = CARTESIAN_POINT ( 'NONE',  ( -4.060000000000001386, 5.739999999999999325, 2.399999999999999911 ) ) ;
#4048 = UNCERTAINTY_MEASURE_WITH_UNIT (LENGTH_MEASURE( 1.000000000000000082E-05 ), #1390, 'distance_accuracy_value', 'NONE');
#4049 = VECTOR ( 'NONE', #3844, 1000.000000000000000 ) ;
#4050 = VECTOR ( 'NONE', #2522, 1000.000000000000000 ) ;
#4051 = DIRECTION ( 'NONE',  ( -1.000000000000000000, 0.000000000000000000, 0.000000000000000000 ) ) ;
#4052 = DIRECTION ( 'NONE',  ( 1.946939928144564837E-16, 0.000000000000000000, 1.000000000000000000 ) ) ;
#4053 = PRESENTATION_LAYER_ASSIGNMENT (  '', '', ( #3314 ) ) ;
#4054 = ORIENTED_EDGE ( 'NONE', *, *, #2410, .F. ) ;
#4055 = CARTESIAN_POINT ( 'NONE',  ( -4.060000000000001386, 7.133292349574287705, 2.399999999999999911 ) ) ;
#4056 = ADVANCED_FACE ( 'NONE', ( #118 ), #831, .T. ) ;
#4057 = AXIS2_PLACEMENT_3D ( 'NONE', #3281, #360, #1657 ) ;
#4058 = CARTESIAN_POINT ( 'NONE',  ( 0.000000000000000000, 0.000000000000000000, -0.4999999999999998890 ) ) ;
#4059 = DIRECTION ( 'NONE',  ( 1.000000000000000000, 0.000000000000000000, 0.000000000000000000 ) ) ;
#4060 = VERTEX_POINT ( 'NONE', #1140 ) ;
#4061 = ORIENTED_EDGE ( 'NONE', *, *, #2283, .F. ) ;
#4062 = EDGE_CURVE ( 'NONE', #1656, #431, #1823, .T. ) ;
#4063 = VERTEX_POINT ( 'NONE', #4025 ) ;
#4064 = CIRCLE ( 'NONE', #1005, 1.770000000000000018 ) ;
#4065 = ORIENTED_EDGE ( 'NONE', *, *, #3164, .F. ) ;
#4066 = SURFACE_STYLE_FILL_AREA ( #3147 ) ;
#4067 = FACE_OUTER_BOUND ( 'NONE', #2504, .T. ) ;
#4068 = DIRECTION ( 'NONE',  ( 1.000000000000000000, 0.000000000000000000, 0.000000000000000000 ) ) ;
#4069 = VECTOR ( 'NONE', #1572, 1000.000000000000000 ) ;
#4070 = EDGE_CURVE ( 'NONE', #2960, #1684, #3721, .T. ) ;
#4071 = CARTESIAN_POINT ( 'NONE',  ( 0.000000000000000000, 0.000000000000000000, 0.000000000000000000 ) ) ;
#4072 = CARTESIAN_POINT ( 'NONE',  ( 0.4972259597883800786, -4.349999999999999645, -0.6360909047471663413 ) ) ;
#4073 = ORIENTED_EDGE ( 'NONE', *, *, #3317, .F. ) ;
#4074 = DIRECTION ( 'NONE',  ( -0.000000000000000000, -0.000000000000000000, -1.000000000000000000 ) ) ;
#4075 = DIRECTION ( 'NONE',  ( -0.000000000000000000, -0.000000000000000000, -1.000000000000000000 ) ) ;
#4076 = CARTESIAN_POINT ( 'NONE',  ( 3.810000000000000053, 7.133292349574287705, 0.1499999999999999944 ) ) ;
#4077 = DIRECTION ( 'NONE',  ( 0.000000000000000000, -1.000000000000000000, 0.000000000000000000 ) ) ;
#4078 = ORIENTED_EDGE ( 'NONE', *, *, #1203, .T. ) ;
#4079 =( NAMED_UNIT ( * ) PLANE_ANGLE_UNIT ( ) SI_UNIT ( $, .RADIAN. ) );
#4080 = LINE ( 'NONE', #3179, #2012 ) ;
#4081 = SURFACE_STYLE_USAGE ( .BOTH. , #2110 ) ;
#4082 = ORIENTED_EDGE ( 'NONE', *, *, #1679, .F. ) ;
#4083 = EDGE_LOOP ( 'NONE', ( #2982, #1254, #1540, #3691 ) ) ;
#4084 = LINE ( 'NONE', #533, #3458 ) ;
#4085 = ADVANCED_FACE ( 'NONE', ( #2743 ), #792, .F. ) ;
#4086 = ORIENTED_EDGE ( 'NONE', *, *, #3795, .F. ) ;
#4087 = PLANE ( 'NONE',  #1135 ) ;
#4088 = FACE_OUTER_BOUND ( 'NONE', #4171, .T. ) ;
#4089 = DIRECTION ( 'NONE',  ( 0.000000000000000000, -1.000000000000000000, -0.000000000000000000 ) ) ;
#4090 = DIRECTION ( 'NONE',  ( -1.000000000000000000, 0.000000000000000000, 0.000000000000000000 ) ) ;
#4091 = ORIENTED_EDGE ( 'NONE', *, *, #1643, .T. ) ;
#4092 = LINE ( 'NONE', #3782, #1056 ) ;
#4093 = ADVANCED_FACE ( 'NONE', ( #1585 ), #2864, .F. ) ;
#4094 = EDGE_LOOP ( 'NONE', ( #3468, #505, #3546, #3588 ) ) ;
#4095 = PRESENTATION_STYLE_ASSIGNMENT (( #2810 ) ) ;
#4096 = LINE ( 'NONE', #4076, #834 ) ;
#4097 = DIRECTION ( 'NONE',  ( -1.000000000000000000, -0.000000000000000000, -0.000000000000000000 ) ) ;
#4098 = CIRCLE ( 'NONE', #1102, 1.770000000000000018 ) ;
#4099 = CARTESIAN_POINT ( 'NONE',  ( -4.324999999999999289, 1.770000000000000018, 3.705000000000000071 ) ) ;
#4100 = LINE ( 'NONE', #3200, #2027 ) ;
#4101 = EDGE_CURVE ( 'NONE', #1530, #851, #919, .T. ) ;
#4102 = LINE ( 'NONE', #3157, #1349 ) ;
#4103 = LINE ( 'NONE', #2888, #2335 ) ;
#4104 = SURFACE_STYLE_FILL_AREA ( #906 ) ;
#4105 = ORIENTED_EDGE ( 'NONE', *, *, #4101, .F. ) ;
#4106 = EDGE_LOOP ( 'NONE', ( #1265, #912, #2047, #507 ) ) ;
#4107 = VERTEX_POINT ( 'NONE', #4160 ) ;
#4108 = EDGE_LOOP ( 'NONE', ( #866, #346, #3151, #3902 ) ) ;
#4109 = DIRECTION ( 'NONE',  ( -0.000000000000000000, -1.000000000000000000, -0.000000000000000000 ) ) ;
#4110 = SURFACE_SIDE_STYLE ('',( #2189 ) ) ;
#4111 = CARTESIAN_POINT ( 'NONE',  ( -1.551418705572418899, -4.500000000000000000, -0.4999999999999998890 ) ) ;
#4112 = EDGE_CURVE ( 'NONE', #2960, #1316, #2261, .T. ) ;
#4113 = COLOUR_RGB ( '',0.6470588235294117974, 0.6196078431372549211, 0.5882352941176470784 ) ;
#4114 = EDGE_CURVE ( 'NONE', #772, #3048, #2834, .T. ) ;
#4115 = CARTESIAN_POINT ( 'NONE',  ( 3.809999999999999609, 9.449999999999999289, -2.399999999999999911 ) ) ;
#4116 = ORIENTED_EDGE ( 'NONE', *, *, #2753, .F. ) ;
#4117 = CARTESIAN_POINT ( 'NONE',  ( 4.325000000000004619, 1.770000000000000018, 3.704999999999999183 ) ) ;
#4118 = AXIS2_PLACEMENT_3D ( 'NONE', #3222, #2844, #4129 ) ;
#4119 = AXIS2_PLACEMENT_3D ( 'NONE', #3469, #1541, #1517 ) ;
#4120 = CARTESIAN_POINT ( 'NONE',  ( 3.810000000000000053, 9.449999999999999289, 0.1499999999999999944 ) ) ;
#4121 = DIRECTION ( 'NONE',  ( 0.000000000000000000, 1.000000000000000000, 0.000000000000000000 ) ) ;
#4122 = CIRCLE ( 'NONE', #2639, 0.7499999999999997780 ) ;
#4123 = SURFACE_SIDE_STYLE ('',( #1521 ) ) ;
#4124 = EDGE_LOOP ( 'NONE', ( #23, #3866, #2657, #3096, #3350, #1827, #2414, #1963, #2921, #3267 ) ) ;
#4125 = SURFACE_SIDE_STYLE ('',( #605 ) ) ;
#4126 = VECTOR ( 'NONE', #575, 1000.000000000000000 ) ;
#4127 = LINE ( 'NONE', #3829, #4142 ) ;
#4128 = MECHANICAL_DESIGN_GEOMETRIC_PRESENTATION_REPRESENTATION (  '', ( #2771 ), #2306 ) ;
#4129 = DIRECTION ( 'NONE',  ( 1.000000000000000000, 0.000000000000000000, 0.000000000000000000 ) ) ;
#4130 = VERTEX_POINT ( 'NONE', #1248 ) ;
#4131 = ORIENTED_EDGE ( 'NONE', *, *, #571, .F. ) ;
#4132 = CARTESIAN_POINT ( 'NONE',  ( 4.059999999999999609, 5.739999999999999325, -2.399999999999999911 ) ) ;
#4133 = ORIENTED_EDGE ( 'NONE', *, *, #3045, .T. ) ;
#4134 = MECHANICAL_DESIGN_GEOMETRIC_PRESENTATION_REPRESENTATION (  '', ( #3731 ), #2928 ) ;
#4135 = EDGE_LOOP ( 'NONE', ( #3583, #4177, #2249, #2384 ) ) ;
#4136 = DIRECTION ( 'NONE',  ( 1.000000000000000000, 0.000000000000000000, 0.000000000000000000 ) ) ;
#4137 = CARTESIAN_POINT ( 'NONE',  ( -3.810000000000000053, 5.739999999999999325, -0.1499999999999999944 ) ) ;
#4138 = PRESENTATION_LAYER_ASSIGNMENT (  '', '', ( #2457 ) ) ;
#4139 = CARTESIAN_POINT ( 'NONE',  ( 0.000000000000000000, 0.000000000000000000, 0.000000000000000000 ) ) ;
#4140 = ORIENTED_EDGE ( 'NONE', *, *, #3637, .F. ) ;
#4141 = CARTESIAN_POINT ( 'NONE',  ( 4.244340889027864883, 6.808872517849978045, 2.699999999999999734 ) ) ;
#4142 = VECTOR ( 'NONE', #313, 1000.000000000000000 ) ;
#4143 = CARTESIAN_POINT ( 'NONE',  ( 3.809999999999999609, 7.133292349574287705, -2.699999999999999734 ) ) ;
#4144 = EDGE_CURVE ( 'NONE', #1769, #2192, #932, .T. ) ;
#4145 = DIRECTION ( 'NONE',  ( 0.000000000000000000, -0.000000000000000000, -1.000000000000000000 ) ) ;
#4146 = CARTESIAN_POINT ( 'NONE',  ( 2.380753800001319309, 0.000000000000000000, -4.746410318745436285 ) ) ;
#4147 = EDGE_LOOP ( 'NONE', ( #2660, #348, #1335, #3388 ) ) ;
#4148 = DIRECTION ( 'NONE',  ( 0.000000000000000000, 1.000000000000000000, 0.000000000000000000 ) ) ;
#4149 = DIRECTION ( 'NONE',  ( -0.000000000000000000, -0.000000000000000000, -1.000000000000000000 ) ) ;
#4150 = VERTEX_POINT ( 'NONE', #617 ) ;
#4151 = ORIENTED_EDGE ( 'NONE', *, *, #3895, .F. ) ;
#4152 = DIRECTION ( 'NONE',  ( 0.000000000000000000, 1.000000000000000000, 0.000000000000000000 ) ) ;
#4153 = EDGE_CURVE ( 'NONE', #1094, #3043, #602, .T. ) ;
#4154 = VERTEX_POINT ( 'NONE', #308 ) ;
#4155 =( NAMED_UNIT ( * ) SI_UNIT ( $, .STERADIAN. ) SOLID_ANGLE_UNIT ( ) );
#4156 = EDGE_CURVE ( 'NONE', #1684, #1530, #3215, .T. ) ;
#4157 =( NAMED_UNIT ( * ) PLANE_ANGLE_UNIT ( ) SI_UNIT ( $, .RADIAN. ) );
#4158 = ORIENTED_EDGE ( 'NONE', *, *, #267, .F. ) ;
#4159 = CARTESIAN_POINT ( 'NONE',  ( 4.825000000000001954, 0.000000000000000000, -4.955000000000000959 ) ) ;
#4160 = CARTESIAN_POINT ( 'NONE',  ( 1.551418705572418899, -4.500000000000000000, -0.4999999999999998890 ) ) ;
#4161 = FILL_AREA_STYLE ('',( #521 ) ) ;
#4162 = DIRECTION ( 'NONE',  ( 0.000000000000000000, 0.000000000000000000, 1.000000000000000000 ) ) ;
#4163 = DIRECTION ( 'NONE',  ( 0.000000000000000000, -0.000000000000000000, -1.000000000000000000 ) ) ;
#4164 = ADVANCED_FACE ( 'NONE', ( #2171 ), #2540, .T. ) ;
#4165 = DIRECTION ( 'NONE',  ( 0.000000000000000000, 0.000000000000000000, 1.000000000000000000 ) ) ;
#4166 = FILL_AREA_STYLE_COLOUR ( '', #639 ) ;
#4167 = ORIENTED_EDGE ( 'NONE', *, *, #1356, .F. ) ;
#4168 = ORIENTED_EDGE ( 'NONE', *, *, #3513, .F. ) ;
#4169 = FACE_OUTER_BOUND ( 'NONE', #2428, .T. ) ;
#4170 = ORIENTED_EDGE ( 'NONE', *, *, #811, .T. ) ;
#4171 = EDGE_LOOP ( 'NONE', ( #4020, #878, #2527, #2065, #465, #70, #2409, #4034, #1920, #1594, #4189, #2069 ) ) ;
#4172 = CARTESIAN_POINT ( 'NONE',  ( -1.708332520325009929, 0.000000000000000000, -0.4999999999999998890 ) ) ;
#4173 = LINE ( 'NONE', #1260, #1280 ) ;
#4174 = UNCERTAINTY_MEASURE_WITH_UNIT (LENGTH_MEASURE( 1.000000000000000082E-05 ), #2816, 'distance_accuracy_value', 'NONE');
#4175 = AXIS2_PLACEMENT_3D ( 'NONE', #2883, #2479, #3445 ) ;
#4176 = ADVANCED_FACE ( 'NONE', ( #3472 ), #544, .T. ) ;
#4177 = ORIENTED_EDGE ( 'NONE', *, *, #2113, .F. ) ;
#4178 = DIRECTION ( 'NONE',  ( 0.000000000000000000, 0.000000000000000000, -1.000000000000000000 ) ) ;
#4179 = STYLED_ITEM ( 'NONE', ( #3986 ), #1171 ) ;
#4180 = DIRECTION ( 'NONE',  ( 0.000000000000000000, 0.000000000000000000, 1.000000000000000000 ) ) ;
#4181 = AXIS2_PLACEMENT_3D ( 'NONE', #2442, #2709, #3348 ) ;
#4182 = LINE ( 'NONE', #1632, #1816 ) ;
#4183 = LINE ( 'NONE', #287, #457 ) ;
#4184 =( GEOMETRIC_REPRESENTATION_CONTEXT ( 3 ) GLOBAL_UNCERTAINTY_ASSIGNED_CONTEXT ( ( #2332 ) ) GLOBAL_UNIT_ASSIGNED_CONTEXT ( ( #479, #2124, #1411 ) ) REPRESENTATION_CONTEXT ( 'NONE', 'WORKASPACE' ) );
#4185 = DIRECTION ( 'NONE',  ( 0.000000000000000000, 1.000000000000000000, 0.000000000000000000 ) ) ;
#4186 = DIRECTION ( 'NONE',  ( 0.000000000000000000, 0.000000000000000000, 1.000000000000000000 ) ) ;
#4187 = SURFACE_STYLE_USAGE ( .BOTH. , #1504 ) ;
#4188 = CIRCLE ( 'NONE', #1740, 0.3731350835603809424 ) ;
#4189 = ORIENTED_EDGE ( 'NONE', *, *, #3594, .F. ) ;
#4190 = VERTEX_POINT ( 'NONE', #1304 ) ;
#4191 = DIRECTION ( 'NONE',  ( 1.000000000000000000, 0.000000000000000000, 0.000000000000000000 ) ) ;
#4192 = COLOUR_RGB ( '',0.6470588235294117974, 0.6196078431372549211, 0.5882352941176470784 ) ;
#4193 = EDGE_CURVE ( 'NONE', #2234, #4201, #331, .T. ) ;
#4194 = VERTEX_POINT ( 'NONE', #2301 ) ;
#4195 = SURFACE_SIDE_STYLE ('',( #9 ) ) ;
#4196 = PRESENTATION_LAYER_ASSIGNMENT (  '', '', ( #2585 ) ) ;
#4197 = STYLED_ITEM ( 'NONE', ( #3377 ), #4041 ) ;
#4198 = AXIS2_PLACEMENT_3D ( 'NONE', #3297, #17, #1650 ) ;
#4199 = ORIENTED_EDGE ( 'NONE', *, *, #11, .F. ) ;
#4200 = CARTESIAN_POINT ( 'NONE',  ( 0.000000000000000000, 0.000000000000000000, 1.780000000000000027 ) ) ;
#4201 = VERTEX_POINT ( 'NONE', #662 ) ;
#4202 = STYLED_ITEM ( 'NONE', ( #414 ), #1500 ) ;
#4203 = VECTOR ( 'NONE', #100, 1000.000000000000000 ) ;
#4204 = ADVANCED_FACE ( 'NONE', ( #1708 ), #3947, .F. ) ;
#4205 = DIRECTION ( 'NONE',  ( -1.000000000000000000, -0.000000000000000000, -0.000000000000000000 ) ) ;
#4206 = VECTOR ( 'NONE', #607, 1000.000000000000000 ) ;
#4207 = CARTESIAN_POINT ( 'NONE',  ( -4.824999999999998401, 5.739999999999999325, -4.955000000000000959 ) ) ;
#4208 = SURFACE_STYLE_FILL_AREA ( #1610 ) ;
ENDSEC;
END-ISO-10303-21;
